-- Adminer 4.8.1 MySQL 8.0.35-0ubuntu0.20.04.1 dump

SET NAMES utf8;
SET time_zone = '+00:00';
SET foreign_key_checks = 0;
SET sql_mode = 'NO_AUTO_VALUE_ON_ZERO';

SET NAMES utf8mb4;

DROP TABLE IF EXISTS `InvoicePaymentMapping`;
CREATE TABLE `InvoicePaymentMapping` (
  `inv_map_id` bigint unsigned NOT NULL AUTO_INCREMENT,
  `pay_reference` varchar(100)  DEFAULT NULL,
  `inv_reference` varchar(100)  DEFAULT NULL,
  `inv_customer_id` bigint NOT NULL DEFAULT '0',
  `paymentId` bigint unsigned NOT NULL DEFAULT '0',
  `invoiceId` bigint NOT NULL DEFAULT '0',
  `payment_openingbal` float(10,2) NOT NULL DEFAULT '0.00',
  `payment_amount` float(10,2) NOT NULL DEFAULT '0.00',
  `payment_closing_bal` float(10,2) NOT NULL DEFAULT '0.00',
  `added_user` int NOT NULL DEFAULT '0',
  `payment_type` enum('C','D')  DEFAULT NULL,
  `payment_added_datetime` datetime DEFAULT NULL,
  `map_status` tinyint(1) NOT NULL DEFAULT '1',
  `qb_sync_stat` tinyint NOT NULL DEFAULT '0',
  PRIMARY KEY (`inv_map_id`),
  KEY `pay_ref` (`pay_reference`),
  KEY `inv_ref` (`inv_reference`),
  KEY `paymentid` (`paymentId`),
  KEY `invoiceId` (`invoiceId`),
  CONSTRAINT `InvoicePaymentMapping_ibfk_1` FOREIGN KEY (`invoiceId`) REFERENCES `invoice` (`invoice_id`)
) ENGINE=InnoDB DEFAULT CHARSET=utf8mb4 ;


DROP TABLE IF EXISTS `address_types`;
CREATE TABLE `address_types` (
  `address_type_id` bigint NOT NULL AUTO_INCREMENT,
  `address_type` varchar(255)  NOT NULL,
  PRIMARY KEY (`address_type_id`)
) ENGINE=InnoDB DEFAULT CHARSET=utf8mb4 ;

INSERT INTO `address_types` (`address_type_id`, `address_type`) VALUES
(1,	'Local'),
(2,	'Permanent'),
(3,	'Emergency Contact - Local'),
(4,	'Emergency Contact - Home Country');

DROP TABLE IF EXISTS `aggregator`;
CREATE TABLE `aggregator` (
  `agg_id` bigint NOT NULL AUTO_INCREMENT,
  `agg_name` varchar(250)  DEFAULT NULL,
  `agg_added_by` bigint DEFAULT NULL,
  `agg_added_datetime` datetime DEFAULT NULL,
  `agg_status` tinyint DEFAULT NULL,
  PRIMARY KEY (`agg_id`)
) ENGINE=InnoDB DEFAULT CHARSET=utf8mb4 ;


DROP TABLE IF EXISTS `areas`;
CREATE TABLE `areas` (
  `area_id` int NOT NULL AUTO_INCREMENT,
  `odoo_area_id` int DEFAULT NULL,
  `zone_id` int NOT NULL,
  `area_name` varchar(110)  NOT NULL,
  `area_charge` float(10,2) DEFAULT '40.00',
  `is_min_4_hr` tinyint(1) DEFAULT '0' COMMENT '1-Min. 4 hrs, 0-None',
  `area_status` tinyint(1) NOT NULL DEFAULT '1' COMMENT '0 - Not Active, 1 - Active',
  `a_latitude` varchar(100)  DEFAULT NULL,
  `a_longitude` varchar(100)  DEFAULT NULL,
  `odoo_sync_status` int DEFAULT '0',
  `web_status` int DEFAULT '1',
  `odoo_new_area_id` bigint unsigned DEFAULT NULL,
  `odoo_new_area_status` tinyint(1) DEFAULT '0',
  `odoo_package_area_id` bigint unsigned DEFAULT '0',
  `odoo_package_area_status` tinyint(1) DEFAULT '0',
  `description` varchar(200)  DEFAULT NULL,
  `min_booking_hour` decimal(4,2) DEFAULT NULL,
  `created_at` datetime NOT NULL DEFAULT CURRENT_TIMESTAMP,
  `updated_at` datetime NOT NULL DEFAULT CURRENT_TIMESTAMP,
  `deleted_at` datetime DEFAULT NULL,
  PRIMARY KEY (`area_id`),
  UNIQUE KEY `zone_id_area_name` (`zone_id`,`area_name`),
  KEY `area_name` (`area_name`),
  KEY `web_status` (`web_status`),
  KEY `odoo_sync_status` (`odoo_sync_status`),
  KEY `area_status` (`area_status`),
  KEY `zone_id` (`zone_id`) USING BTREE,
  CONSTRAINT `areas_ibfk_1` FOREIGN KEY (`zone_id`) REFERENCES `zones` (`zone_id`)
) ENGINE=InnoDB DEFAULT CHARSET=utf8mb4 ;

INSERT INTO `areas` (`area_id`, `odoo_area_id`, `zone_id`, `area_name`, `area_charge`, `is_min_4_hr`, `area_status`, `a_latitude`, `a_longitude`, `odoo_sync_status`, `web_status`, `odoo_new_area_id`, `odoo_new_area_status`, `odoo_package_area_id`, `odoo_package_area_status`, `description`, `min_booking_hour`, `created_at`, `updated_at`, `deleted_at`) VALUES
(28,	NULL,	19,	'AL BARSHA-1',	40.00,	0,	1,	NULL,	NULL,	0,	1,	NULL,	0,	0,	0,	'AL BARSHA-1',	2.00,	'2023-11-02 13:01:08',	'2023-11-02 13:01:08',	'2023-11-21 15:41:50'),
(29,	NULL,	19,	'AL BARSHA-2',	40.00,	0,	1,	NULL,	NULL,	0,	1,	NULL,	0,	0,	0,	'AL BARSHA-2',	3.00,	'2023-11-02 13:01:37',	'2023-11-02 13:01:37',	NULL),
(30,	NULL,	19,	'AL BARSHA-3',	40.00,	0,	1,	NULL,	NULL,	0,	1,	NULL,	0,	0,	0,	NULL,	3.00,	'2023-11-02 13:01:58',	'2023-11-21 15:40:55',	'2023-11-21 15:41:00'),
(31,	NULL,	19,	'AL BARSHA 2-SOUTH',	40.00,	0,	1,	NULL,	NULL,	0,	1,	NULL,	0,	0,	0,	NULL,	3.00,	'2023-11-02 13:06:45',	'2023-11-02 13:06:45',	'2023-11-21 15:48:06'),
(32,	NULL,	19,	'AL BARSHA 3-SOUTH',	40.00,	0,	1,	NULL,	NULL,	0,	1,	NULL,	0,	0,	0,	NULL,	3.00,	'2023-11-02 13:06:57',	'2023-11-02 13:06:57',	NULL),
(33,	NULL,	19,	'AL BARSHA-SOUTH',	40.00,	0,	1,	NULL,	NULL,	0,	1,	NULL,	0,	0,	0,	NULL,	3.00,	'2023-11-02 13:28:56',	'2023-11-02 13:28:56',	NULL),
(34,	NULL,	19,	'SPRINGS',	40.00,	0,	0,	NULL,	NULL,	0,	1,	NULL,	0,	0,	0,	NULL,	NULL,	'2023-11-02 14:18:42',	'2023-11-14 11:33:23',	NULL),
(35,	NULL,	20,	'PALM JUMEIRAH',	40.00,	0,	1,	NULL,	NULL,	0,	1,	NULL,	0,	0,	0,	NULL,	NULL,	'2023-11-02 14:21:56',	'2023-11-02 14:21:56',	NULL),
(36,	0,	19,	'BARSHA HEIGHTS',	40.00,	0,	1,	NULL,	NULL,	0,	1,	0,	0,	0,	0,	'OLD NAME TECOM',	NULL,	'2023-11-02 14:24:00',	'2023-11-02 14:24:00',	'2023-11-21 15:41:16'),
(37,	0,	19,	'EMIRATES LIVINGS',	40.00,	0,	1,	NULL,	NULL,	0,	1,	0,	0,	0,	0,	'Old name Springs',	NULL,	'2023-11-02 14:27:22',	'2023-11-02 14:27:22',	NULL),
(38,	NULL,	23,	'JUMEIRAH VILLAGE CIRCLE',	40.00,	0,	1,	NULL,	NULL,	0,	1,	NULL,	0,	0,	0,	NULL,	NULL,	'2023-11-02 14:41:03',	'2023-11-02 14:41:03',	NULL),
(39,	NULL,	21,	'DUBAI MARINA',	40.00,	0,	1,	NULL,	NULL,	0,	1,	NULL,	0,	0,	0,	NULL,	NULL,	'2023-11-02 14:42:46',	'2023-11-02 14:42:46',	NULL),
(40,	NULL,	19,	'JUMEIRAH LAKES TOWERS',	40.00,	0,	1,	NULL,	NULL,	0,	1,	NULL,	0,	0,	0,	'OLD NAME JLT',	NULL,	'2023-11-02 14:47:04',	'2023-11-02 14:47:04',	NULL),
(41,	NULL,	22,	'KARAMA',	40.00,	0,	1,	NULL,	NULL,	0,	1,	NULL,	0,	0,	0,	NULL,	NULL,	'2023-11-02 14:57:01',	'2023-11-02 14:57:01',	NULL),
(42,	NULL,	22,	'DOWN TOWN',	40.00,	0,	1,	NULL,	NULL,	0,	1,	NULL,	0,	0,	0,	NULL,	NULL,	'2023-11-02 15:14:21',	'2023-11-02 15:14:21',	NULL),
(43,	0,	22,	'ZABEEL-02',	40.00,	0,	1,	NULL,	NULL,	0,	1,	0,	0,	0,	0,	' DUBAI DESIGN DISTRICT IS LOCATION',	NULL,	'2023-11-02 15:20:50',	'2023-11-02 15:20:50',	NULL),
(44,	NULL,	23,	'ARABIAN RANCHES-02',	40.00,	0,	1,	NULL,	NULL,	0,	1,	NULL,	0,	0,	0,	NULL,	NULL,	'2023-11-02 15:32:41',	'2023-11-02 15:32:41',	NULL),
(45,	NULL,	22,	'BUSINESS BAY',	40.00,	0,	1,	NULL,	NULL,	0,	1,	NULL,	0,	0,	0,	NULL,	NULL,	'2023-11-02 15:40:29',	'2023-11-02 15:40:29',	NULL),
(46,	NULL,	22,	'OLD TOWN',	40.00,	0,	1,	NULL,	NULL,	0,	1,	NULL,	0,	0,	0,	NULL,	NULL,	'2023-11-02 15:51:20',	'2023-11-02 15:51:20',	NULL),
(47,	NULL,	21,	'MEYDAN',	40.00,	0,	1,	NULL,	NULL,	0,	1,	NULL,	0,	0,	0,	NULL,	NULL,	'2023-11-02 15:53:12',	'2023-11-02 15:53:12',	NULL),
(48,	0,	21,	'JUMEIRAH',	40.00,	0,	1,	NULL,	NULL,	0,	1,	0,	0,	0,	0,	'JUMEIRAH-2 IS LOCATION',	NULL,	'2023-11-02 15:54:58',	'2023-11-02 15:54:58',	NULL),
(49,	NULL,	21,	'DUBAI HILLS',	40.00,	0,	1,	NULL,	NULL,	0,	1,	NULL,	0,	0,	0,	NULL,	NULL,	'2023-11-02 15:57:04',	'2023-11-02 15:57:04',	NULL),
(50,	NULL,	22,	'UMM HURAIR-2',	40.00,	0,	1,	NULL,	NULL,	0,	1,	NULL,	0,	0,	0,	NULL,	NULL,	'2023-11-02 16:15:35',	'2023-11-02 16:15:35',	NULL),
(51,	NULL,	22,	'SATWA',	40.00,	0,	1,	NULL,	NULL,	0,	1,	NULL,	0,	0,	0,	NULL,	NULL,	'2023-11-02 16:17:13',	'2023-11-02 16:17:13',	NULL),
(52,	NULL,	19,	'THE HILLS',	40.00,	0,	1,	NULL,	NULL,	0,	1,	NULL,	0,	0,	0,	NULL,	NULL,	'2023-11-02 16:18:31',	'2023-11-02 16:18:31',	NULL),
(53,	NULL,	20,	'GREENS',	40.00,	0,	1,	NULL,	NULL,	0,	1,	NULL,	0,	0,	0,	NULL,	NULL,	'2023-11-02 16:30:28',	'2023-11-02 16:30:28',	NULL),
(54,	NULL,	20,	'THE GARDENS',	40.00,	0,	1,	NULL,	NULL,	0,	1,	NULL,	0,	0,	0,	NULL,	NULL,	'2023-11-02 16:32:17',	'2023-11-02 16:32:17',	NULL),
(55,	NULL,	23,	'SUSTAINBLE CITY',	40.00,	0,	1,	NULL,	NULL,	0,	1,	NULL,	0,	0,	0,	NULL,	NULL,	'2023-11-02 16:37:51',	'2023-11-02 16:37:51',	NULL),
(56,	NULL,	22,	'BURJ DUBAI',	40.00,	0,	1,	NULL,	NULL,	0,	1,	NULL,	0,	0,	0,	NULL,	NULL,	'2023-11-02 16:46:05',	'2023-11-02 16:46:05',	NULL),
(57,	NULL,	23,	'MUDON',	40.00,	0,	1,	NULL,	NULL,	0,	1,	NULL,	0,	0,	0,	NULL,	NULL,	'2023-11-02 16:51:09',	'2023-11-02 16:51:09',	NULL),
(58,	NULL,	22,	'SHIEKH ZAYED ROAD',	40.00,	0,	1,	NULL,	NULL,	0,	1,	NULL,	0,	0,	0,	NULL,	NULL,	'2023-11-02 16:54:00',	'2023-11-02 16:54:00',	NULL),
(59,	NULL,	20,	'AL SUFOUH',	40.00,	0,	1,	NULL,	NULL,	0,	1,	NULL,	0,	0,	0,	NULL,	NULL,	'2023-11-02 16:56:51',	'2023-11-02 16:56:51',	NULL),
(60,	NULL,	23,	'ARABIAN RANCHES-01',	40.00,	0,	1,	NULL,	NULL,	0,	1,	NULL,	0,	0,	0,	NULL,	NULL,	'2023-11-02 16:59:39',	'2023-11-02 16:59:39',	NULL),
(61,	NULL,	20,	'AL FURJAN',	40.00,	0,	1,	NULL,	NULL,	0,	1,	NULL,	0,	0,	0,	NULL,	NULL,	'2023-11-02 17:00:32',	'2023-11-02 17:00:32',	NULL),
(62,	NULL,	21,	'MIRDIF',	40.00,	0,	1,	NULL,	NULL,	0,	1,	NULL,	0,	0,	0,	NULL,	NULL,	'2023-11-02 17:04:07',	'2023-11-02 17:04:07',	NULL),
(63,	NULL,	21,	'SILICON OASIS',	40.00,	0,	1,	NULL,	NULL,	0,	1,	NULL,	0,	0,	0,	NULL,	NULL,	'2023-11-02 17:05:00',	'2023-11-14 13:15:39',	NULL),
(64,	NULL,	20,	'JUMEIRAH PARK',	40.00,	0,	1,	NULL,	NULL,	0,	1,	NULL,	0,	0,	0,	NULL,	NULL,	'2023-11-14 14:36:08',	'2023-11-14 14:36:08',	NULL),
(65,	NULL,	20,	'JUMEIRAH ISLAND',	40.00,	0,	1,	NULL,	NULL,	0,	1,	NULL,	0,	0,	0,	NULL,	NULL,	'2023-11-14 14:40:11',	'2023-11-14 14:40:11',	NULL),
(66,	NULL,	23,	'REEM',	40.00,	0,	1,	NULL,	NULL,	0,	1,	NULL,	0,	0,	0,	NULL,	NULL,	'2023-11-14 14:41:41',	'2023-11-14 14:41:41',	NULL),
(67,	NULL,	20,	'AL BARSHA-3',	40.00,	0,	1,	NULL,	NULL,	0,	1,	NULL,	0,	0,	0,	NULL,	NULL,	'2023-11-21 15:41:00',	'2023-11-21 11:41:00',	NULL),
(68,	NULL,	20,	'BARSHA HEIGHTS',	40.00,	0,	1,	NULL,	NULL,	0,	1,	NULL,	0,	0,	0,	'OLD NAME TECOM',	NULL,	'2023-11-21 15:41:16',	'2023-11-21 11:41:16',	'2023-11-21 15:41:27'),
(70,	NULL,	20,	'AL BARSHA-1',	40.00,	0,	1,	NULL,	NULL,	0,	1,	NULL,	0,	0,	0,	'AL BARSHA-1',	NULL,	'2023-11-21 15:41:50',	'2023-11-21 11:41:50',	NULL),
(71,	NULL,	20,	'AL BARSHA 2-SOUTH',	40.00,	0,	1,	NULL,	NULL,	0,	1,	NULL,	0,	0,	0,	NULL,	NULL,	'2023-11-21 15:48:06',	'2023-11-21 11:48:06',	NULL);

DROP TABLE IF EXISTS `back_payments`;
CREATE TABLE `back_payments` (
  `back_payment_id` int NOT NULL AUTO_INCREMENT,
  `customer_id` bigint unsigned NOT NULL,
  `tablet_id` int NOT NULL,
  `zone_id` int NOT NULL,
  `requested_amount` float NOT NULL,
  `collected_amount` float NOT NULL,
  `collected_date` date NOT NULL,
  `collected_time` time NOT NULL,
  `payment_added` datetime NOT NULL,
  PRIMARY KEY (`back_payment_id`),
  KEY `customer_id` (`customer_id`),
  KEY `zone_id` (`zone_id`),
  KEY `collected_date` (`collected_date`),
  KEY `tablet_id` (`tablet_id`),
  CONSTRAINT `back_payments_ibfk_1` FOREIGN KEY (`customer_id`) REFERENCES `customers` (`customer_id`),
  CONSTRAINT `back_payments_ibfk_2` FOREIGN KEY (`tablet_id`) REFERENCES `tablets` (`tablet_id`),
  CONSTRAINT `back_payments_ibfk_3` FOREIGN KEY (`zone_id`) REFERENCES `zones` (`zone_id`)
) ENGINE=InnoDB DEFAULT CHARSET=utf8mb4 ;


DROP TABLE IF EXISTS `booking_cancel`;
CREATE TABLE `booking_cancel` (
  `booking_cancel_id` bigint unsigned NOT NULL AUTO_INCREMENT,
  `booking_id` bigint unsigned NOT NULL,
  `service_date` date NOT NULL,
  `deleted_by` int NOT NULL DEFAULT '1',
  `added_datetime` datetime NOT NULL,
  PRIMARY KEY (`booking_cancel_id`),
  KEY `service_date` (`service_date`),
  KEY `booking_id` (`booking_id`),
  KEY `deleted_by` (`deleted_by`),
  CONSTRAINT `booking_cancel_ibfk_1` FOREIGN KEY (`booking_id`) REFERENCES `bookings` (`booking_id`),
  CONSTRAINT `booking_cancel_ibfk_2` FOREIGN KEY (`deleted_by`) REFERENCES `users` (`user_id`)
) ENGINE=InnoDB DEFAULT CHARSET=utf8mb4 ;


DROP TABLE IF EXISTS `booking_delete_remarks`;
CREATE TABLE `booking_delete_remarks` (
  `id` int NOT NULL AUTO_INCREMENT,
  `booking_id` bigint unsigned DEFAULT NULL,
  `service_date` date DEFAULT NULL,
  `remarks` longtext ,
  `deleted_by` int DEFAULT NULL,
  `deleted_date_time` datetime DEFAULT NULL,
  PRIMARY KEY (`id`),
  KEY `booking_id` (`booking_id`),
  KEY `deleted_by` (`deleted_by`),
  CONSTRAINT `booking_delete_remarks_ibfk_1` FOREIGN KEY (`booking_id`) REFERENCES `bookings` (`booking_id`),
  CONSTRAINT `booking_delete_remarks_ibfk_2` FOREIGN KEY (`deleted_by`) REFERENCES `users` (`user_id`)
) ENGINE=InnoDB DEFAULT CHARSET=utf8mb4 ;


DROP TABLE IF EXISTS `booking_deletes`;
CREATE TABLE `booking_deletes` (
  `booking_delete_id` bigint unsigned NOT NULL AUTO_INCREMENT,
  `booking_id` bigint unsigned NOT NULL,
  `service_date` date NOT NULL,
  `deleted_by` int NOT NULL DEFAULT '1',
  `added_datetime` datetime DEFAULT NULL,
  PRIMARY KEY (`booking_delete_id`),
  KEY `service_date` (`service_date`),
  KEY `booking_id` (`booking_id`),
  KEY `deleted_by` (`deleted_by`),
  KEY `added_datetime` (`added_datetime`),
  CONSTRAINT `booking_deletes_ibfk_1` FOREIGN KEY (`booking_id`) REFERENCES `bookings` (`booking_id`),
  CONSTRAINT `booking_deletes_ibfk_2` FOREIGN KEY (`deleted_by`) REFERENCES `users` (`user_id`)
) ENGINE=InnoDB DEFAULT CHARSET=utf8mb4 ;

INSERT INTO `booking_deletes` (`booking_delete_id`, `booking_id`, `service_date`, `deleted_by`, `added_datetime`) VALUES
(3,	48,	'2023-10-27',	1,	'2023-10-26 16:48:05');

DROP TABLE IF EXISTS `booking_slots`;
CREATE TABLE `booking_slots` (
  `id` int NOT NULL AUTO_INCREMENT,
  `from_time` varchar(50)  DEFAULT NULL,
  `to_time` varchar(50)  DEFAULT NULL,
  `date` date DEFAULT NULL,
  `status` int DEFAULT NULL COMMENT '0-not full,1-full',
  `added_datetime` datetime DEFAULT NULL,
  PRIMARY KEY (`id`),
  KEY `date` (`date`),
  KEY `status` (`status`)
) ENGINE=InnoDB DEFAULT CHARSET=utf8mb4 ;

INSERT INTO `booking_slots` (`id`, `from_time`, `to_time`, `date`, `status`, `added_datetime`) VALUES
(12,	'12:00:00',	'13:00:00',	'2023-11-17',	1,	'2023-11-14 11:50:07'),
(13,	'13:00:00',	'14:00:00',	'2023-11-17',	1,	'2023-11-14 11:50:09'),
(14,	'14:00:00',	'15:00:00',	'2023-11-17',	1,	'2023-11-14 11:50:11');

DROP TABLE IF EXISTS `booking_transfers`;
CREATE TABLE `booking_transfers` (
  `booking_transfer_id` bigint unsigned NOT NULL AUTO_INCREMENT,
  `booking_id` bigint unsigned NOT NULL,
  `zone_id` int NOT NULL,
  `service_date` date NOT NULL,
  `transferred_time` time NOT NULL,
  `transferred_by` char(1)  NOT NULL COMMENT 'T - Tablet, B - Backend',
  `transferred_by_id` int DEFAULT NULL,
  PRIMARY KEY (`booking_transfer_id`),
  KEY `booking_id` (`booking_id`),
  KEY `zone_id` (`zone_id`),
  KEY `service_date` (`service_date`),
  KEY `transferred_by` (`transferred_by`),
  KEY `transferred_by_id` (`transferred_by_id`),
  KEY `transferred_time` (`transferred_time`),
  CONSTRAINT `booking_transfers_ibfk_1` FOREIGN KEY (`booking_id`) REFERENCES `bookings` (`booking_id`),
  CONSTRAINT `booking_transfers_ibfk_2` FOREIGN KEY (`zone_id`) REFERENCES `zones` (`zone_id`),
  CONSTRAINT `booking_transfers_ibfk_3` FOREIGN KEY (`transferred_by_id`) REFERENCES `users` (`user_id`)
) ENGINE=InnoDB DEFAULT CHARSET=utf8mb4 ;


DROP TABLE IF EXISTS `booking_transfers_tablet`;
CREATE TABLE `booking_transfers_tablet` (
  `booking_transfer_tablet_id` bigint unsigned NOT NULL AUTO_INCREMENT,
  `booking_id` bigint unsigned NOT NULL DEFAULT '0',
  `transferred_from_id` int NOT NULL,
  `transfering_to_tablet` int NOT NULL DEFAULT '0',
  `service_date` date DEFAULT NULL,
  `transferred_date_time` datetime DEFAULT NULL,
  `transferred_from` char(1)  NOT NULL COMMENT 'T - Tablet, B - Backend',
  `transferred_by` int DEFAULT '0',
  `status` tinyint(1) NOT NULL DEFAULT '1',
  PRIMARY KEY (`booking_transfer_tablet_id`),
  KEY `booking_id` (`booking_id`),
  KEY `transfering_to_tablet` (`transfering_to_tablet`),
  KEY `transferred_from_id` (`transferred_from_id`),
  KEY `transferred_by` (`transferred_by`),
  CONSTRAINT `booking_transfers_tablet_ibfk_1` FOREIGN KEY (`booking_id`) REFERENCES `bookings` (`booking_id`),
  CONSTRAINT `booking_transfers_tablet_ibfk_2` FOREIGN KEY (`transfering_to_tablet`) REFERENCES `tablets` (`tablet_id`),
  CONSTRAINT `booking_transfers_tablet_ibfk_3` FOREIGN KEY (`transferred_from_id`) REFERENCES `tablets` (`tablet_id`),
  CONSTRAINT `booking_transfers_tablet_ibfk_4` FOREIGN KEY (`transferred_by`) REFERENCES `users` (`user_id`)
) ENGINE=InnoDB DEFAULT CHARSET=utf8mb4 ;


DROP TABLE IF EXISTS `booking_types`;
CREATE TABLE `booking_types` (
  `booking_type` varchar(10) NOT NULL,
  `booking_type_name` varchar(155) NOT NULL,
  `booking_type_description` varchar(255) NOT NULL,
  UNIQUE KEY `booking_type` (`booking_type`),
  UNIQUE KEY `booking_type_name` (`booking_type_name`)
) ENGINE=InnoDB DEFAULT CHARSET=utf8mb4 ;

INSERT INTO `booking_types` (`booking_type`, `booking_type_name`, `booking_type_description`) VALUES
('OD',	'One Time',	'One Time booking, will not repeat.'),
('WE',	'Regular',	'Booking will repeat weekly.');

DROP TABLE IF EXISTS `bookings`;
CREATE TABLE `bookings` (
  `booking_id` bigint unsigned NOT NULL AUTO_INCREMENT,
  `reference_id` varchar(200) DEFAULT NULL,
  `customer_id` bigint unsigned NOT NULL,
  `customer_address_id` bigint NOT NULL,
  `maid_id` int unsigned DEFAULT NULL,
  `service_type_id` int NOT NULL,
  `time_type` varchar(100) DEFAULT NULL,
  `time_from` time NOT NULL,
  `time_to` time NOT NULL,
  `service_week_day` int NOT NULL,
  `service_start_date` date NOT NULL,
  `service_end` tinyint DEFAULT NULL COMMENT '0 - Never, 1 - On date',
  `service_end_date` date DEFAULT NULL,
  `service_actual_end_date` date DEFAULT NULL,
  `booking_type` varchar(10) CHARACTER SET utf8mb4  NOT NULL,
  `booking_status` tinyint(1) NOT NULL COMMENT '0 - Inactive, 1 - Active, 2 - Deleted',
  `booking_category` char(2) NOT NULL,
  `booking_note` mediumtext,
  `pending_amount` float(10,2) NOT NULL DEFAULT '0.00',
  `price_per_hr` decimal(10,2) NOT NULL DEFAULT '0.00',
  `discount_price_per_hr` decimal(10,2) NOT NULL DEFAULT '0.00',
  `net_service_cost` varchar(10) DEFAULT NULL,
  `discount` float(10,2) NOT NULL DEFAULT '0.00',
  `service_charge` float(10,2) DEFAULT NULL,
  `vat_charge` float(10,2) DEFAULT NULL,
  `total_amount` float(10,2) NOT NULL DEFAULT '0.00',
  `pay_by_cash_charge` float NOT NULL DEFAULT '0',
  `net_cleaning_fee` float(10,2) NOT NULL DEFAULT '0.00',
  `net_service_charge` float(10,2) NOT NULL DEFAULT '0.00',
  `net_discount` float(10,2) NOT NULL DEFAULT '0.00',
  `net_vat_charge` float(10,2) NOT NULL DEFAULT '0.00',
  `total_net_amount` float(10,2) NOT NULL DEFAULT '0.00',
  `is_locked` tinyint(1) DEFAULT NULL COMMENT '0 - No, 1 - Yes',
  `no_of_maids` tinyint(1) DEFAULT '1',
  `no_of_hrs` tinyint NOT NULL DEFAULT '0',
  `number_of_visits` int NOT NULL DEFAULT '1',
  `cleaning_material` enum('Y','N') NOT NULL,
  `cleaning_material_fee` decimal(10,2) DEFAULT '0.00',
  `booked_from` char(1) DEFAULT NULL COMMENT 'M-Mobile, W-Web, A-Admin',
  `booking_from` varchar(200) DEFAULT 'CB',
  `booked_by` int DEFAULT NULL,
  `booked_datetime` datetime NOT NULL,
  `delete_remarks` longtext,
  `vaccum_cleaning` int DEFAULT NULL,
  `cleaning_chemicals` int DEFAULT NULL,
  `sofa_cleaning` int DEFAULT NULL,
  `payment_type` int DEFAULT NULL COMMENT '0-cash,1-credit,2-cheque',
  `coupon_id` varchar(70) DEFAULT NULL,
  `coupon_used` varchar(200) DEFAULT NULL,
  `priority_type` varchar(20) DEFAULT NULL,
  `interior_window_clean` int NOT NULL DEFAULT '0' COMMENT '0-no,1-yes',
  `fridge_cleaning` int NOT NULL DEFAULT '0' COMMENT '0-no,1-yes',
  `ironing_services` int NOT NULL DEFAULT '0' COMMENT '0-no,1-yes',
  `oven_cleaning` int DEFAULT '0' COMMENT '0-no,1-yes',
  `crew_in` longtext,
  `justmop_reference` varchar(200) DEFAULT NULL,
  `from_justmop` int NOT NULL DEFAULT '0',
  `pay_by` varchar(100) DEFAULT NULL,
  `is_cancelled` varchar(100) NOT NULL DEFAULT 'no',
  `cancel_date` datetime DEFAULT NULL,
  `month_durations` varchar(10) DEFAULT NULL,
  `tabletid` int DEFAULT NULL,
  `cancel_comments` varchar(500) DEFAULT NULL,
  `cancel_reason` varchar(255) DEFAULT NULL,
  `subscription_id` bigint unsigned DEFAULT NULL,
  `subscription_odoo_id` bigint NOT NULL DEFAULT '0',
  `moved_from_booking_id` bigint unsigned DEFAULT NULL,
  `moved_to_booking_id` bigint unsigned DEFAULT NULL,
  `_service_hours` decimal(10,2) NOT NULL DEFAULT '0.00' COMMENT 'total hours per service, per maid',
  `_service_rate_per_hour` decimal(10,2) NOT NULL DEFAULT '0.00' COMMENT 'normal rate',
  `_service_discount_rate_per_hour` decimal(10,2) NOT NULL DEFAULT '0.00' COMMENT 'discounted rate',
  `_service_amount` decimal(10,2) NOT NULL DEFAULT '0.00' COMMENT 'service amount (before discount)',
  `_service_discount` decimal(10,2) NOT NULL DEFAULT '0.00' COMMENT 'service discount',
  `_net_service_amount` decimal(10,2) NOT NULL DEFAULT '0.00' COMMENT 'rate * hours (after service discount)',
  `_cleaning_material` enum('Y','N') NOT NULL DEFAULT 'N' COMMENT 'cleaning material status',
  `_cleaning_material_rate_per_hour` decimal(10,2) NOT NULL DEFAULT '0.00' COMMENT 'material rate per hour',
  `_net_cleaning_material_amount` decimal(10,2) NOT NULL DEFAULT '0.00' COMMENT 'material rate * hours',
  `_total_discount` decimal(10,2) NOT NULL DEFAULT '0.00' COMMENT 'total of all discounts',
  `_taxable_amount` decimal(10,2) NOT NULL DEFAULT '0.00' COMMENT 'amount to apply tax',
  `_vat_percentage` decimal(10,2) NOT NULL DEFAULT '0.00' COMMENT 'percentage of vat',
  `_vat_amount` decimal(10,2) NOT NULL DEFAULT '0.00' COMMENT 'percentage of vat',
  `_total_amount` decimal(10,2) NOT NULL DEFAULT '0.00' COMMENT 'payable amount',
  `created_at` datetime NOT NULL,
  `updated_at` datetime NOT NULL,
  `deleted_at` datetime DEFAULT NULL,
  PRIMARY KEY (`booking_id`),
  UNIQUE KEY `reference_id` (`reference_id`),
  KEY `booking_category` (`booking_category`),
  KEY `customer_id` (`customer_id`),
  KEY `maid_id` (`maid_id`),
  KEY `customer_address_id` (`customer_address_id`),
  KEY `booked_by` (`booked_by`),
  KEY `service_actual_end_date` (`service_actual_end_date`),
  KEY `service_end` (`service_end`),
  KEY `service_start_date` (`service_start_date`),
  KEY `booking_type` (`booking_type`),
  KEY `service_week_day` (`service_week_day`),
  KEY `booking_status` (`booking_status`),
  KEY `service_type_id` (`service_type_id`),
  KEY `time_to` (`time_to`),
  KEY `service_end_date` (`service_end_date`),
  KEY `booked_from` (`booked_from`),
  KEY `booked_datetime` (`booked_datetime`),
  KEY `from_justmop` (`from_justmop`),
  KEY `justmop_reference` (`justmop_reference`),
  KEY `booking_idx` (`maid_id`,`booking_status`,`booking_category`,`service_actual_end_date`,`service_end`,`service_start_date`,`service_week_day`,`booking_type`,`time_from`) USING BTREE,
  KEY `booking_idx2` (`booking_status`,`booking_category`,`service_actual_end_date`,`service_end`,`service_start_date`,`service_week_day`,`booking_type`,`time_from`) USING BTREE,
  KEY `booking_idx3` (`maid_id`,`service_week_day`,`booking_category`,`booking_status`),
  KEY `subscription_id` (`subscription_id`),
  KEY `tabletid` (`tabletid`),
  KEY `moved_from_booking_id` (`moved_from_booking_id`),
  KEY `moved_to_booking_id` (`moved_to_booking_id`),
  CONSTRAINT `bookings_ibfk_1` FOREIGN KEY (`subscription_id`) REFERENCES `subscriptions` (`subscription_id`),
  CONSTRAINT `bookings_ibfk_11` FOREIGN KEY (`service_week_day`) REFERENCES `week_days` (`week_day_id`),
  CONSTRAINT `bookings_ibfk_12` FOREIGN KEY (`booking_type`) REFERENCES `booking_types` (`booking_type`),
  CONSTRAINT `bookings_ibfk_2` FOREIGN KEY (`tabletid`) REFERENCES `tablets` (`tablet_id`),
  CONSTRAINT `bookings_ibfk_3` FOREIGN KEY (`maid_id`) REFERENCES `maids` (`maid_id`),
  CONSTRAINT `bookings_ibfk_4` FOREIGN KEY (`service_type_id`) REFERENCES `service_types` (`service_type_id`),
  CONSTRAINT `bookings_ibfk_5` FOREIGN KEY (`customer_id`) REFERENCES `customers` (`customer_id`),
  CONSTRAINT `bookings_ibfk_6` FOREIGN KEY (`customer_address_id`) REFERENCES `customer_addresses` (`customer_address_id`),
  CONSTRAINT `bookings_ibfk_7` FOREIGN KEY (`maid_id`) REFERENCES `maids` (`maid_id`),
  CONSTRAINT `bookings_ibfk_8` FOREIGN KEY (`booked_by`) REFERENCES `users` (`user_id`)
) ENGINE=InnoDB DEFAULT CHARSET=utf8mb4 ;

INSERT INTO `bookings` (`booking_id`, `reference_id`, `customer_id`, `customer_address_id`, `maid_id`, `service_type_id`, `time_type`, `time_from`, `time_to`, `service_week_day`, `service_start_date`, `service_end`, `service_end_date`, `service_actual_end_date`, `booking_type`, `booking_status`, `booking_category`, `booking_note`, `pending_amount`, `price_per_hr`, `discount_price_per_hr`, `net_service_cost`, `discount`, `service_charge`, `vat_charge`, `total_amount`, `pay_by_cash_charge`, `net_cleaning_fee`, `net_service_charge`, `net_discount`, `net_vat_charge`, `total_net_amount`, `is_locked`, `no_of_maids`, `no_of_hrs`, `number_of_visits`, `cleaning_material`, `cleaning_material_fee`, `booked_from`, `booking_from`, `booked_by`, `booked_datetime`, `delete_remarks`, `vaccum_cleaning`, `cleaning_chemicals`, `sofa_cleaning`, `payment_type`, `coupon_id`, `coupon_used`, `priority_type`, `interior_window_clean`, `fridge_cleaning`, `ironing_services`, `oven_cleaning`, `crew_in`, `justmop_reference`, `from_justmop`, `pay_by`, `is_cancelled`, `cancel_date`, `month_durations`, `tabletid`, `cancel_comments`, `cancel_reason`, `subscription_id`, `subscription_odoo_id`, `moved_from_booking_id`, `moved_to_booking_id`, `_service_hours`, `_service_rate_per_hour`, `_service_discount_rate_per_hour`, `_service_amount`, `_service_discount`, `_net_service_amount`, `_cleaning_material`, `_cleaning_material_rate_per_hour`, `_net_cleaning_material_amount`, `_total_discount`, `_taxable_amount`, `_vat_percentage`, `_vat_amount`, `_total_amount`, `created_at`, `updated_at`, `deleted_at`) VALUES
(70,	'MM-WE-000070',	111,	83,	9,	3,	NULL,	'11:30:00',	'12:00:00',	1,	'2023-11-16',	0,	'2023-11-16',	'2023-11-16',	'WE',	1,	'C',	NULL,	0.00,	35.00,	32.00,	'16',	1.50,	16.00,	1.05,	22.05,	0,	0.00,	16.00,	0.00,	0.00,	0.00,	NULL,	1,	0,	1,	'Y',	5.00,	NULL,	'CB',	NULL,	'2023-11-16 11:25:27',	NULL,	NULL,	NULL,	NULL,	NULL,	NULL,	NULL,	NULL,	0,	0,	0,	0,	NULL,	NULL,	0,	NULL,	'no',	NULL,	NULL,	NULL,	NULL,	NULL,	NULL,	0,	NULL,	NULL,	0.50,	35.00,	32.00,	17.50,	1.50,	16.00,	'Y',	10.00,	5.00,	1.50,	21.00,	5.00,	1.05,	22.05,	'2023-11-16 11:25:27',	'2023-11-16 11:25:27',	NULL),
(71,	'MM-OD-000071',	111,	83,	9,	4,	NULL,	'13:30:00',	'14:00:00',	4,	'2023-11-16',	1,	'2023-11-16',	'2023-11-16',	'OD',	1,	'C',	NULL,	0.00,	37.00,	37.00,	'18.5',	0.00,	18.50,	1.18,	24.68,	0,	0.00,	18.50,	0.00,	0.00,	0.00,	NULL,	1,	0,	1,	'Y',	5.00,	NULL,	'CB',	NULL,	'2023-11-16 11:34:51',	NULL,	NULL,	NULL,	NULL,	NULL,	NULL,	NULL,	NULL,	0,	0,	0,	0,	NULL,	NULL,	0,	NULL,	'no',	NULL,	NULL,	NULL,	NULL,	NULL,	NULL,	0,	NULL,	NULL,	0.50,	37.00,	37.00,	18.50,	0.00,	18.50,	'Y',	10.00,	5.00,	0.00,	23.50,	5.00,	1.18,	24.68,	'2023-11-16 11:34:51',	'2023-11-16 11:34:51',	NULL),
(72,	'MM-OD-000072',	111,	83,	9,	3,	NULL,	'12:30:00',	'13:00:00',	5,	'2023-11-17',	1,	'2023-11-17',	'2023-11-17',	'OD',	1,	'C',	NULL,	0.00,	45.00,	45.00,	'22.5',	0.00,	22.50,	1.38,	28.88,	0,	0.00,	22.50,	0.00,	0.00,	0.00,	NULL,	1,	0,	1,	'Y',	5.00,	NULL,	'CB',	NULL,	'2023-11-17 08:56:57',	NULL,	NULL,	NULL,	NULL,	NULL,	NULL,	NULL,	NULL,	0,	0,	0,	0,	NULL,	NULL,	0,	NULL,	'no',	NULL,	NULL,	NULL,	NULL,	NULL,	NULL,	0,	NULL,	NULL,	0.50,	45.00,	45.00,	22.50,	0.00,	22.50,	'Y',	10.00,	5.00,	0.00,	27.50,	5.00,	1.38,	28.88,	'2023-11-17 08:56:57',	'2023-11-17 08:56:57',	NULL);

DROP TABLE IF EXISTS `bookingservicemapping`;
CREATE TABLE `bookingservicemapping` (
  `id` bigint NOT NULL AUTO_INCREMENT,
  `booking_id` bigint unsigned NOT NULL,
  `service_id` int NOT NULL,
  `category_id` int DEFAULT NULL,
  `sub_category_id` int DEFAULT NULL,
  `service_sub_furnish_id` int DEFAULT NULL,
  `is_scrubbing` tinyint(1) NOT NULL,
  `name` varchar(50)  NOT NULL,
  `service_cost` float(10,2) NOT NULL DEFAULT '0.00',
  `squarefeet_count` varchar(100)  DEFAULT NULL,
  `status` tinyint(1) NOT NULL DEFAULT '1',
  PRIMARY KEY (`id`),
  KEY `booking_id` (`booking_id`),
  KEY `service_id` (`service_id`),
  KEY `category_id` (`category_id`),
  KEY `sub_category_id` (`sub_category_id`),
  KEY `service_sub_furnish_id` (`service_sub_furnish_id`),
  CONSTRAINT `bookingservicemapping_ibfk_1` FOREIGN KEY (`booking_id`) REFERENCES `bookings` (`booking_id`),
  CONSTRAINT `bookingservicemapping_ibfk_2` FOREIGN KEY (`service_id`) REFERENCES `service_types` (`service_type_id`),
  CONSTRAINT `bookingservicemapping_ibfk_3` FOREIGN KEY (`category_id`) REFERENCES `servicecategory` (`id`),
  CONSTRAINT `bookingservicemapping_ibfk_4` FOREIGN KEY (`sub_category_id`) REFERENCES `servicesubcategory` (`id`),
  CONSTRAINT `bookingservicemapping_ibfk_5` FOREIGN KEY (`service_sub_furnish_id`) REFERENCES `servicesubfurnishcategory` (`id`)
) ENGINE=InnoDB DEFAULT CHARSET=utf8mb4 ;


DROP TABLE IF EXISTS `call_logger`;
CREATE TABLE `call_logger` (
  `id` bigint NOT NULL AUTO_INCREMENT,
  `customer_id` bigint DEFAULT NULL,
  `mobile_no` varchar(200)  DEFAULT NULL,
  `refid` mediumtext ,
  `calltype` varchar(100)  DEFAULT NULL,
  `status` varchar(50)  DEFAULT NULL,
  `duration` varchar(50)  DEFAULT NULL,
  `waveid` varchar(50)  DEFAULT NULL,
  `tdurn` varchar(100)  DEFAULT NULL,
  `rdurn` varchar(500)  DEFAULT NULL,
  `trunkName` varchar(500)  DEFAULT NULL,
  `added_date_time` datetime DEFAULT NULL,
  `updated_datetime` datetime DEFAULT NULL,
  PRIMARY KEY (`id`),
  KEY `customer_id` (`customer_id`),
  KEY `added_date_time` (`added_date_time`)
) ENGINE=InnoDB DEFAULT CHARSET=utf8mb4 ;


DROP TABLE IF EXISTS `captcha`;
CREATE TABLE `captcha` (
  `captcha_id` bigint unsigned NOT NULL AUTO_INCREMENT,
  `captcha_time` int unsigned NOT NULL,
  `ip_address` varchar(16)  NOT NULL DEFAULT '0',
  `word` varchar(20)  NOT NULL,
  PRIMARY KEY (`captcha_id`),
  KEY `word` (`word`)
) ENGINE=InnoDB DEFAULT CHARSET=utf8mb4 ;


DROP TABLE IF EXISTS `ci_sessions`;
CREATE TABLE `ci_sessions` (
  `session_id` varchar(40)  NOT NULL DEFAULT '0',
  `ip_address` varchar(45)  NOT NULL DEFAULT '0',
  `user_agent` varchar(120)  NOT NULL,
  `last_activity` int unsigned NOT NULL DEFAULT '0',
  `user_data` mediumtext  NOT NULL,
  PRIMARY KEY (`session_id`),
  KEY `last_activity_idx` (`last_activity`)
) ENGINE=InnoDB DEFAULT CHARSET=utf8mb4 ;


DROP TABLE IF EXISTS `complaints`;
CREATE TABLE `complaints` (
  `cmp_id` int NOT NULL AUTO_INCREMENT,
  `booking_id` bigint unsigned DEFAULT NULL,
  `ds_id` int DEFAULT NULL,
  `service_date` date NOT NULL,
  `complaint` mediumtext ,
  `added_by` int DEFAULT NULL,
  `created_date` timestamp NOT NULL DEFAULT CURRENT_TIMESTAMP ON UPDATE CURRENT_TIMESTAMP,
  PRIMARY KEY (`cmp_id`),
  KEY `created_date` (`created_date`),
  KEY `added_by` (`added_by`),
  KEY `booking_id` (`booking_id`),
  CONSTRAINT `complaints_ibfk_1` FOREIGN KEY (`booking_id`) REFERENCES `bookings` (`booking_id`)
) ENGINE=InnoDB DEFAULT CHARSET=utf8mb4 ;


DROP TABLE IF EXISTS `complaints_new`;
CREATE TABLE `complaints_new` (
  `cmp_id` int NOT NULL AUTO_INCREMENT,
  `booking_id` bigint unsigned DEFAULT NULL,
  `ds_id` int DEFAULT NULL,
  `service_date` date DEFAULT NULL,
  `complaint` mediumtext ,
  `complaint_type` varchar(50)  DEFAULT NULL,
  `customer_comments` varchar(250)  DEFAULT NULL,
  `cleaner_comments` varchar(250)  DEFAULT NULL,
  `status` varchar(50)  DEFAULT NULL,
  `action_taken` varchar(50)  DEFAULT NULL,
  `maid_name` varchar(100)  DEFAULT NULL,
  `other_comment` varchar(250)  DEFAULT NULL,
  `added_by` int DEFAULT NULL,
  `created_date` date DEFAULT NULL,
  `added_time` timestamp NULL DEFAULT CURRENT_TIMESTAMP ON UPDATE CURRENT_TIMESTAMP,
  `image` varchar(500)  DEFAULT NULL,
  `deduction_amount` varchar(100)  DEFAULT NULL,
  `complaint_against` varchar(50)  DEFAULT NULL COMMENT 'C-cleaner,D-driver,U-user',
  `complaint_against_id` varchar(50)  DEFAULT NULL COMMENT 'id of cleaner or driver or user',
  `complaint_against_name` varchar(200)  DEFAULT NULL COMMENT 'name of cleaner or driver or user',
  PRIMARY KEY (`cmp_id`),
  KEY `booking_id` (`booking_id`),
  CONSTRAINT `complaints_new_ibfk_1` FOREIGN KEY (`booking_id`) REFERENCES `bookings` (`booking_id`)
) ENGINE=InnoDB DEFAULT CHARSET=utf8mb4 ;


DROP TABLE IF EXISTS `countries`;
CREATE TABLE `countries` (
  `id` bigint NOT NULL AUTO_INCREMENT,
  `country_code` varchar(10)  NOT NULL,
  `country` varchar(255)  NOT NULL,
  PRIMARY KEY (`id`)
) ENGINE=InnoDB DEFAULT CHARSET=utf8mb4 ;

INSERT INTO `countries` (`id`, `country_code`, `country`) VALUES
(1,	'ARE',	'United Arab Emirates'),
(2,	'IN',	'India'),
(3,	'CN',	'China');

DROP TABLE IF EXISTS `country_emirates`;
CREATE TABLE `country_emirates` (
  `country_emirate_id` bigint NOT NULL AUTO_INCREMENT,
  `country_id` bigint NOT NULL,
  `emirate` varchar(255)  NOT NULL,
  `created_at` datetime NOT NULL,
  `updated_at` datetime NOT NULL,
  `deleted_at` datetime DEFAULT NULL,
  PRIMARY KEY (`country_emirate_id`),
  KEY `country_id` (`country_id`),
  CONSTRAINT `country_emirates_ibfk_1` FOREIGN KEY (`country_id`) REFERENCES `countries` (`id`)
) ENGINE=InnoDB DEFAULT CHARSET=utf8mb4 ;

INSERT INTO `country_emirates` (`country_emirate_id`, `country_id`, `emirate`, `created_at`, `updated_at`, `deleted_at`) VALUES
(1,	1,	'Abu Dhabi',	'2023-07-10 11:37:56',	'2023-07-10 11:37:56',	NULL),
(2,	1,	'Dubai',	'2023-07-10 11:37:56',	'2023-07-10 11:37:56',	NULL),
(3,	1,	'Sharjah',	'2023-07-10 11:37:56',	'2023-07-10 11:37:56',	NULL),
(4,	1,	'Ajman',	'2023-07-10 11:37:56',	'2023-07-10 11:37:56',	NULL),
(5,	1,	'Umm Al-Quwain',	'2023-07-10 11:37:56',	'2023-07-10 11:37:56',	NULL),
(6,	1,	'Fujairah',	'2023-07-10 11:37:56',	'2023-07-10 11:37:56',	NULL),
(7,	1,	'Ras Al Khaimah',	'2023-07-10 11:37:56',	'2023-07-10 11:37:56',	NULL);

DROP TABLE IF EXISTS `coupon_code`;
CREATE TABLE `coupon_code` (
  `coupon_id` bigint NOT NULL AUTO_INCREMENT,
  `coupon_name` varchar(100)  DEFAULT NULL,
  `service_id` int NOT NULL DEFAULT '0',
  `percentage` varchar(10)  DEFAULT NULL,
  `type` varchar(50)  NOT NULL DEFAULT 'C' COMMENT 'C-cleaning,M-maintenance',
  `coupon_type` varchar(50)  DEFAULT NULL,
  `offer_type` varchar(100)  NOT NULL DEFAULT 'F' COMMENT 'F-flat,P-perhour',
  `discount_type` int NOT NULL DEFAULT '0' COMMENT '0-percentage,1-price',
  `valid_week_day` varchar(200)  DEFAULT '0,1,2,3,4,6',
  `min_hrs` int NOT NULL DEFAULT '2',
  `expiry_date` date NOT NULL,
  `added_date` date NOT NULL,
  `status` int NOT NULL COMMENT '0-inactive,1-active',
  PRIMARY KEY (`coupon_id`),
  KEY `coupon_name` (`coupon_name`),
  KEY `type` (`type`),
  KEY `status` (`status`),
  KEY `expiry_date` (`expiry_date`),
  KEY `service_id` (`service_id`),
  CONSTRAINT `coupon_code_ibfk_1` FOREIGN KEY (`service_id`) REFERENCES `service_types` (`service_type_id`)
) ENGINE=InnoDB DEFAULT CHARSET=utf8mb4 ;


DROP TABLE IF EXISTS `customer_access`;
CREATE TABLE `customer_access` (
  `id` bigint NOT NULL AUTO_INCREMENT,
  `customer_access_type` bigint NOT NULL,
  `code` varchar(255) NOT NULL,
  `created_by` int DEFAULT NULL,
  `deleted_by` int DEFAULT NULL,
  `created_at` datetime NOT NULL,
  `updated_at` datetime NOT NULL,
  `deleted_at` datetime DEFAULT NULL,
  PRIMARY KEY (`id`),
  UNIQUE KEY `code` (`code`),
  KEY `customer_access_type` (`customer_access_type`),
  KEY `deleted_by` (`deleted_by`),
  KEY `created_by` (`created_by`),
  CONSTRAINT `customer_access_ibfk_1` FOREIGN KEY (`customer_access_type`) REFERENCES `customer_access_types` (`id`),
  CONSTRAINT `customer_access_ibfk_2` FOREIGN KEY (`deleted_by`) REFERENCES `users` (`user_id`),
  CONSTRAINT `customer_access_ibfk_3` FOREIGN KEY (`created_by`) REFERENCES `users` (`user_id`)
) ENGINE=InnoDB DEFAULT CHARSET=utf8mb4 ;

INSERT INTO `customer_access` (`id`, `customer_access_type`, `code`, `created_by`, `deleted_by`, `created_at`, `updated_at`, `deleted_at`) VALUES
(1,	1,	'MM-K-001',	1,	1,	'2023-09-05 18:12:16',	'2023-09-05 18:12:16',	'2023-11-02 12:28:34'),
(2,	1,	'MM-K-002',	1,	1,	'2023-09-05 18:12:22',	'2023-09-05 18:12:22',	'2023-11-02 12:28:30'),
(3,	2,	'MM-C-001',	1,	NULL,	'2023-09-05 18:12:30',	'2023-09-05 18:12:30',	NULL),
(4,	2,	'MM-C-002',	1,	NULL,	'2023-09-05 18:12:36',	'2023-09-05 18:12:36',	NULL),
(5,	1,	'MM-K-003',	1,	1,	'2023-09-08 09:52:18',	'2023-09-08 09:52:18',	'2023-11-02 12:28:26'),
(6,	1,	'MM-K-004',	1,	1,	'2023-09-08 09:53:02',	'2023-09-08 09:53:02',	'2023-11-02 12:28:22'),
(7,	1,	'MM-K-005',	1,	1,	'2023-09-08 14:25:19',	'2023-09-08 14:25:19',	'2023-11-02 12:28:19'),
(8,	1,	'MM-K-009',	1,	1,	'2023-09-08 15:02:04',	'2023-09-08 15:02:16',	'2023-11-02 12:28:15'),
(9,	2,	'MM-C-007',	1,	NULL,	'2023-09-08 15:02:37',	'2023-09-08 15:02:37',	NULL),
(10,	1,	'MM-K-007',	1,	1,	'2023-09-11 17:06:35',	'2023-09-11 17:06:35',	'2023-11-02 12:28:11'),
(11,	1,	'MM-K-008',	1,	1,	'2023-09-18 15:22:38',	'2023-09-18 15:22:38',	'2023-11-02 12:28:08'),
(12,	2,	'MM-C-004',	1,	NULL,	'2023-10-26 16:27:40',	'2023-10-26 16:27:40',	NULL),
(13,	1,	'MM-095',	1,	NULL,	'2023-11-02 17:37:40',	'2023-11-02 17:37:40',	NULL),
(14,	1,	'MM-072',	1,	NULL,	'2023-11-03 11:52:40',	'2023-11-03 11:52:40',	NULL),
(15,	1,	'MM-126',	1,	NULL,	'2023-11-03 12:10:38',	'2023-11-03 12:10:38',	NULL),
(16,	1,	'MM-021',	1,	NULL,	'2023-11-03 14:51:52',	'2023-11-03 14:51:52',	NULL),
(17,	1,	'MM-088',	1,	NULL,	'2023-11-03 15:01:05',	'2023-11-03 15:01:05',	NULL),
(18,	1,	'MM-074',	1,	NULL,	'2023-11-03 15:07:09',	'2023-11-03 16:18:37',	NULL),
(19,	1,	'MM-020',	1,	NULL,	'2023-11-03 15:14:18',	'2023-11-03 15:14:18',	NULL),
(20,	1,	'MM-001',	1,	NULL,	'2023-11-03 15:24:50',	'2023-11-03 15:24:50',	NULL),
(21,	1,	'MM-015',	1,	NULL,	'2023-11-03 15:39:37',	'2023-11-03 15:39:37',	NULL),
(22,	1,	'MM-067',	1,	NULL,	'2023-11-03 15:42:14',	'2023-11-03 15:42:14',	NULL),
(23,	1,	'MM-006',	1,	NULL,	'2023-11-03 16:42:49',	'2023-11-03 16:42:49',	NULL),
(24,	1,	'MM-044',	1,	NULL,	'2023-11-03 16:52:53',	'2023-11-03 16:52:53',	NULL),
(25,	1,	'MM-120',	1,	NULL,	'2023-11-03 16:55:46',	'2023-11-08 13:01:15',	NULL),
(26,	1,	'MM-K-022',	1,	NULL,	'2023-11-08 14:58:56',	'2023-11-14 11:35:42',	NULL),
(27,	1,	'MM-005',	1,	NULL,	'2023-11-14 14:17:34',	'2023-11-14 14:17:34',	NULL),
(28,	1,	'MM-108',	1,	NULL,	'2023-11-14 14:50:59',	'2023-11-14 14:50:59',	NULL),
(29,	1,	'MM-079',	1,	NULL,	'2023-11-14 14:59:11',	'2023-11-14 14:59:11',	NULL),
(30,	1,	'MM-K-010',	1,	NULL,	'2023-11-17 11:17:26',	'2023-11-17 11:17:26',	NULL);

DROP TABLE IF EXISTS `customer_access_owned`;
CREATE TABLE `customer_access_owned` (
  `id` bigint NOT NULL AUTO_INCREMENT,
  `customer_id` bigint unsigned NOT NULL,
  `customer_access_id` bigint NOT NULL,
  `received_notes` varchar(255) DEFAULT NULL,
  `returned_notes` varchar(255) DEFAULT NULL,
  `received_by_user` int NOT NULL,
  `received_at` datetime NOT NULL,
  `return_added_by` int DEFAULT NULL,
  `returned_by_employee` int unsigned DEFAULT NULL,
  `returned_at` datetime DEFAULT NULL,
  `deleted_by` int DEFAULT NULL,
  `deleted_at` datetime DEFAULT NULL,
  PRIMARY KEY (`id`),
  KEY `customer_id` (`customer_id`),
  KEY `recieved_by` (`received_by_user`),
  KEY `returned_by` (`return_added_by`),
  KEY `customer_access_id` (`customer_access_id`),
  KEY `deleted_by` (`deleted_by`),
  KEY `returned_by_employee` (`returned_by_employee`),
  CONSTRAINT `customer_access_owned_ibfk_1` FOREIGN KEY (`returned_by_employee`) REFERENCES `maids` (`maid_id`),
  CONSTRAINT `customer_access_owned_ibfk_2` FOREIGN KEY (`customer_id`) REFERENCES `customers` (`customer_id`),
  CONSTRAINT `customer_access_owned_ibfk_3` FOREIGN KEY (`customer_access_id`) REFERENCES `customer_access` (`id`),
  CONSTRAINT `customer_access_owned_ibfk_4` FOREIGN KEY (`received_by_user`) REFERENCES `users` (`user_id`),
  CONSTRAINT `customer_access_owned_ibfk_5` FOREIGN KEY (`return_added_by`) REFERENCES `users` (`user_id`),
  CONSTRAINT `deleted_by` FOREIGN KEY (`deleted_by`) REFERENCES `users` (`user_id`)
) ENGINE=InnoDB DEFAULT CHARSET=utf8mb4 ;

INSERT INTO `customer_access_owned` (`id`, `customer_id`, `customer_access_id`, `received_notes`, `returned_notes`, `received_by_user`, `received_at`, `return_added_by`, `returned_by_employee`, `returned_at`, `deleted_by`, `deleted_at`) VALUES
(13,	25,	13,	NULL,	NULL,	1,	'2023-11-02 17:38:02',	NULL,	NULL,	NULL,	NULL,	NULL),
(14,	28,	14,	NULL,	NULL,	1,	'2023-11-03 11:52:57',	NULL,	NULL,	NULL,	NULL,	NULL),
(15,	32,	15,	NULL,	NULL,	1,	'2023-11-03 12:10:55',	NULL,	NULL,	NULL,	NULL,	NULL),
(16,	38,	16,	NULL,	NULL,	1,	'2023-11-03 14:52:21',	NULL,	NULL,	NULL,	NULL,	NULL),
(17,	44,	17,	NULL,	NULL,	1,	'2023-11-03 15:02:37',	NULL,	NULL,	NULL,	NULL,	NULL),
(18,	52,	19,	NULL,	NULL,	1,	'2023-11-03 15:15:58',	NULL,	NULL,	NULL,	NULL,	NULL),
(19,	52,	3,	NULL,	NULL,	1,	'2023-11-03 15:16:20',	NULL,	NULL,	NULL,	NULL,	NULL),
(20,	55,	20,	NULL,	NULL,	1,	'2023-11-03 15:25:02',	NULL,	NULL,	NULL,	NULL,	NULL),
(21,	65,	21,	NULL,	NULL,	1,	'2023-11-03 15:39:50',	NULL,	NULL,	NULL,	NULL,	NULL),
(22,	66,	22,	NULL,	NULL,	1,	'2023-11-03 15:42:30',	NULL,	NULL,	NULL,	NULL,	NULL),
(23,	48,	18,	NULL,	'test',	1,	'2023-11-03 15:42:48',	1,	10,	'2023-11-03 16:17:25',	NULL,	NULL),
(24,	82,	23,	NULL,	NULL,	1,	'2023-11-03 16:47:53',	NULL,	NULL,	NULL,	NULL,	NULL),
(25,	83,	24,	NULL,	NULL,	1,	'2023-11-03 16:53:31',	NULL,	NULL,	NULL,	NULL,	NULL),
(26,	84,	25,	NULL,	NULL,	1,	'2023-11-03 16:56:07',	NULL,	NULL,	NULL,	NULL,	NULL),
(27,	48,	18,	NULL,	'RETURNED TO CUSTOMER',	1,	'2023-11-08 13:02:16',	1,	10,	'2023-11-14 12:12:15',	NULL,	NULL),
(28,	88,	26,	NULL,	NULL,	1,	'2023-11-08 14:59:15',	NULL,	NULL,	NULL,	NULL,	NULL),
(29,	92,	27,	NULL,	NULL,	1,	'2023-11-14 14:18:04',	NULL,	NULL,	NULL,	NULL,	NULL),
(30,	96,	28,	NULL,	NULL,	1,	'2023-11-14 14:51:13',	1,	11,	'2023-11-21 17:36:39',	NULL,	NULL),
(31,	100,	29,	NULL,	NULL,	1,	'2023-11-14 14:59:24',	1,	10,	'2023-11-21 17:34:20',	NULL,	NULL),
(32,	112,	4,	NULL,	NULL,	1,	'2023-11-15 14:34:28',	1,	9,	'2023-11-17 17:19:17',	NULL,	NULL),
(33,	111,	28,	NULL,	NULL,	1,	'2023-11-21 17:37:01',	NULL,	NULL,	NULL,	NULL,	NULL);

DROP TABLE IF EXISTS `customer_access_types`;
CREATE TABLE `customer_access_types` (
  `id` bigint NOT NULL AUTO_INCREMENT,
  `name` varchar(255)  NOT NULL,
  `created_at` datetime NOT NULL,
  `updated_at` datetime NOT NULL,
  `deleted_at` datetime DEFAULT NULL,
  PRIMARY KEY (`id`),
  UNIQUE KEY `name` (`name`)
) ENGINE=InnoDB DEFAULT CHARSET=utf8mb4 ;

INSERT INTO `customer_access_types` (`id`, `name`, `created_at`, `updated_at`, `deleted_at`) VALUES
(1,	'Key',	'2023-07-07 04:53:21',	'2023-07-07 04:53:21',	NULL),
(2,	'Card',	'2023-07-07 04:53:32',	'2023-07-07 04:53:32',	NULL);

DROP TABLE IF EXISTS `customer_addresses`;
CREATE TABLE `customer_addresses` (
  `customer_address_id` bigint NOT NULL AUTO_INCREMENT,
  `customer_id` bigint unsigned NOT NULL,
  `residence_type` int NOT NULL,
  `location_id` int NOT NULL,
  `landmark_id` int DEFAULT NULL,
  `makkani_number` int unsigned DEFAULT NULL,
  `area_id` int NOT NULL,
  `zip_code` varchar(20) CHARACTER SET utf8mb4  DEFAULT NULL,
  `other_area` varchar(500) DEFAULT NULL,
  `customer_address` varchar(255) DEFAULT NULL,
  `latitude` varchar(100) CHARACTER SET utf8mb4  DEFAULT NULL,
  `longitude` varchar(100) CHARACTER SET utf8mb4  DEFAULT NULL,
  `building` varchar(150) DEFAULT NULL,
  `unit_no` varchar(150) DEFAULT NULL,
  `street` varchar(150) DEFAULT NULL,
  `default_address` int NOT NULL DEFAULT '1',
  `address_category` varchar(10) DEFAULT NULL,
  `address_status` int NOT NULL DEFAULT '0',
  `home_type` varchar(10) DEFAULT NULL,
  `created_at` datetime NOT NULL DEFAULT CURRENT_TIMESTAMP,
  `updated_at` datetime NOT NULL DEFAULT CURRENT_TIMESTAMP,
  `deleted_at` datetime DEFAULT NULL,
  PRIMARY KEY (`customer_address_id`),
  KEY `area_id` (`area_id`),
  KEY `customer_id` (`customer_id`),
  KEY `default_address` (`default_address`),
  KEY `cust_address_idx` (`customer_id`,`address_status`),
  KEY `residence_type` (`residence_type`),
  KEY `location_id` (`location_id`),
  KEY `landmark_id` (`landmark_id`),
  CONSTRAINT `customer_addresses_ibfk_1` FOREIGN KEY (`customer_id`) REFERENCES `customers` (`customer_id`),
  CONSTRAINT `customer_addresses_ibfk_2` FOREIGN KEY (`area_id`) REFERENCES `areas` (`area_id`),
  CONSTRAINT `customer_addresses_ibfk_3` FOREIGN KEY (`residence_type`) REFERENCES `residence_types` (`residence_type_id`),
  CONSTRAINT `customer_addresses_ibfk_5` FOREIGN KEY (`location_id`) REFERENCES `locations` (`location_id`),
  CONSTRAINT `customer_addresses_ibfk_6` FOREIGN KEY (`landmark_id`) REFERENCES `landmarks` (`landmark_id`)
) ENGINE=InnoDB DEFAULT CHARSET=utf8mb4 ;

INSERT INTO `customer_addresses` (`customer_address_id`, `customer_id`, `residence_type`, `location_id`, `landmark_id`, `makkani_number`, `area_id`, `zip_code`, `other_area`, `customer_address`, `latitude`, `longitude`, `building`, `unit_no`, `street`, `default_address`, `address_category`, `address_status`, `home_type`, `created_at`, `updated_at`, `deleted_at`) VALUES
(81,	110,	5,	34,	11,	NULL,	34,	NULL,	NULL,	'test',	NULL,	NULL,	NULL,	NULL,	NULL,	1,	NULL,	0,	NULL,	'2023-11-15 06:29:26',	'2023-11-15 06:29:26',	NULL),
(82,	110,	3,	88,	51,	NULL,	34,	NULL,	NULL,	'',	NULL,	NULL,	NULL,	NULL,	NULL,	0,	NULL,	0,	NULL,	'2023-11-15 06:29:26',	'2023-11-15 06:29:26',	NULL),
(83,	111,	1,	40,	18,	NULL,	39,	NULL,	NULL,	'Alis villa ,121,mariana beach',	NULL,	NULL,	'Alkali  villa',	NULL,	NULL,	1,	NULL,	0,	NULL,	'2023-11-15 06:42:17',	'2023-11-15 06:42:17',	NULL),
(84,	112,	1,	40,	18,	NULL,	39,	NULL,	NULL,	'Ble land,dania house ,marian beach',	'',	'',	NULL,	NULL,	NULL,	1,	NULL,	0,	NULL,	'2023-11-15 08:37:10',	'2023-11-15 08:37:10',	NULL),
(85,	112,	2,	40,	18,	NULL,	39,	NULL,	NULL,	'Blue land, ,marian  street',	'',	'',	NULL,	NULL,	NULL,	1,	NULL,	0,	NULL,	'2023-11-15 11:11:00',	'2023-11-15 11:11:00',	NULL),
(86,	112,	2,	40,	18,	NULL,	39,	NULL,	NULL,	'House no 131,Alkali villa 1,near Marian beach',	'',	'',	NULL,	NULL,	NULL,	1,	NULL,	0,	NULL,	'2023-11-15 11:12:01',	'2023-11-15 11:12:01',	NULL),
(87,	112,	2,	40,	18,	NULL,	39,	NULL,	NULL,	'Apartment#Alkali villa ,Newis#123,BLDG-03,BLUE WATER ISLAND,DUBAI MARINA',	'',	'',	'Alkali villa ,Newis',	'123',	NULL,	1,	NULL,	0,	NULL,	'2023-11-21 13:40:58',	'2023-11-21 13:40:58',	NULL),
(88,	113,	2,	34,	11,	NULL,	34,	NULL,	NULL,	'Apartment#ali villa#1,BLDG-04,SPRINGS-04,SPRINGS',	NULL,	NULL,	'ali villa',	'1',	NULL,	1,	NULL,	0,	NULL,	'2023-11-21 13:57:31',	'2023-11-21 13:57:31',	NULL);

DROP TABLE IF EXISTS `customer_companies`;
CREATE TABLE `customer_companies` (
  `customer_company_id` int NOT NULL AUTO_INCREMENT,
  `sort_priority` int DEFAULT NULL,
  `company_name` varchar(255) NOT NULL,
  `created_by` int NOT NULL,
  `created_at` datetime NOT NULL,
  `updated_at` datetime NOT NULL,
  `deleted_at` datetime DEFAULT NULL,
  PRIMARY KEY (`customer_company_id`),
  KEY `created_by` (`created_by`),
  CONSTRAINT `customer_companies_ibfk_1` FOREIGN KEY (`created_by`) REFERENCES `users` (`user_id`)
) ENGINE=InnoDB DEFAULT CHARSET=utf8mb4 ;

INSERT INTO `customer_companies` (`customer_company_id`, `sort_priority`, `company_name`, `created_by`, `created_at`, `updated_at`, `deleted_at`) VALUES
(1,	4,	'Company 1',	1,	'2023-07-14 15:10:41',	'2023-07-14 15:10:41',	NULL),
(2,	NULL,	'Company 2',	1,	'2023-07-14 15:10:41',	'2023-07-14 15:10:41',	NULL),
(3,	1,	'Company 3',	1,	'2023-07-14 15:10:41',	'2023-07-14 15:10:41',	NULL),
(4,	NULL,	'Company 4',	1,	'2023-07-14 15:10:41',	'2023-07-14 15:10:41',	NULL),
(5,	55,	'Company 5',	1,	'2023-07-14 15:10:41',	'2023-07-14 15:10:41',	NULL),
(6,	2,	'Company 6',	1,	'2023-07-14 15:10:41',	'2023-07-14 15:10:41',	NULL),
(7,	-3,	'Company 7',	1,	'2023-07-14 15:10:41',	'2023-07-14 15:10:41',	NULL),
(8,	3,	'Company 8',	1,	'2023-07-14 15:10:41',	'2023-07-14 15:10:41',	NULL),
(9,	NULL,	'Company 9',	1,	'2023-07-14 15:10:41',	'2023-07-14 15:10:41',	NULL),
(10,	NULL,	'Company 10',	1,	'2023-07-14 15:10:41',	'2023-07-14 15:10:41',	NULL);

DROP TABLE IF EXISTS `customer_coupons`;
CREATE TABLE `customer_coupons` (
  `id` int NOT NULL AUTO_INCREMENT,
  `customer_id` bigint unsigned NOT NULL,
  `coupon_id` bigint NOT NULL,
  `reference_id` varchar(50)  DEFAULT NULL,
  `discount` varchar(100)  DEFAULT NULL,
  PRIMARY KEY (`id`),
  KEY `customer_id` (`customer_id`),
  KEY `coupon_id` (`coupon_id`),
  KEY `reference_id` (`reference_id`),
  CONSTRAINT `customer_coupons_ibfk_1` FOREIGN KEY (`customer_id`) REFERENCES `customers` (`customer_id`),
  CONSTRAINT `customer_coupons_ibfk_2` FOREIGN KEY (`coupon_id`) REFERENCES `coupon_code` (`coupon_id`)
) ENGINE=InnoDB DEFAULT CHARSET=utf8mb4 ;


DROP TABLE IF EXISTS `customer_dealers`;
CREATE TABLE `customer_dealers` (
  `customer_dealer_id` int NOT NULL AUTO_INCREMENT,
  `sort_priority` int DEFAULT NULL,
  `dealer_name` varchar(255) NOT NULL,
  `trn` varchar(100) CHARACTER SET utf8mb4  NOT NULL,
  `commision` varchar(100) CHARACTER SET utf8mb4  NOT NULL,
  `description` varchar(250) CHARACTER SET utf8mb4  NOT NULL,
  `created_by` int NOT NULL,
  `created_at` datetime NOT NULL,
  `updated_at` datetime NOT NULL,
  `deleted_at` datetime DEFAULT NULL,
  PRIMARY KEY (`customer_dealer_id`),
  KEY `created_by` (`created_by`),
  CONSTRAINT `customer_dealers_ibfk_1` FOREIGN KEY (`created_by`) REFERENCES `users` (`user_id`)
) ENGINE=InnoDB DEFAULT CHARSET=utf8mb4 ;

INSERT INTO `customer_dealers` (`customer_dealer_id`, `sort_priority`, `dealer_name`, `trn`, `commision`, `description`, `created_by`, `created_at`, `updated_at`, `deleted_at`) VALUES
(1,	-2,	'Dealer 1',	'4589RGO7753',	'17',	'TYUIUP',	1,	'2023-07-14 15:33:12',	'2023-07-17 11:50:48',	NULL),
(2,	2,	'Dealer 2',	'3344QWE7837',	'35',	'ASDQWFh',	1,	'2023-07-14 15:33:12',	'2023-07-15 13:09:06',	NULL),
(3,	0,	'Dealer 3',	'22ASDQ773',	'15',	'asdzxc',	1,	'2023-07-14 15:33:12',	'2023-07-15 12:20:51',	'2023-07-17 09:45:05'),
(4,	1,	'Dealer 4',	'123456789 RT0001 ',	'11',	'fgh',	1,	'2023-07-14 15:33:12',	'2023-07-15 11:34:08',	'2023-07-17 10:55:51'),
(5,	3,	'Dealer 5',	'9076RTO44',	'5',	'test',	1,	'2023-07-14 15:33:12',	'2023-07-17 13:49:20',	'2023-07-17 14:12:27'),
(9,	2,	'dealer new',	'1456733',	'50',	'testing',	1,	'2023-07-15 10:23:48',	'2023-07-15 11:18:19',	'2023-07-15 11:48:56'),
(12,	0,	'dealer 6',	'cvb',	'vvbb',	'bbb',	1,	'2023-07-15 12:52:42',	'2023-07-15 12:52:42',	'2023-07-17 10:54:40'),
(13,	0,	'gh',	'',	'',	'',	1,	'2023-07-15 13:00:19',	'2023-07-15 13:00:19',	'2023-07-17 09:44:12'),
(14,	NULL,	'new',	'1122XCVB3377',	'12',	'fghjkl',	1,	'2023-07-17 11:14:43',	'2023-07-17 11:14:43',	'2023-07-17 13:27:06'),
(15,	NULL,	'dealer 3',	'7587',	'20',	'test',	1,	'2023-07-29 13:30:36',	'2023-07-29 13:30:36',	NULL),
(16,	NULL,	'Dealer-4',	'TR111t379',	'8',	'test',	1,	'2023-11-01 12:25:55',	'2023-11-01 12:26:13',	NULL);

DROP TABLE IF EXISTS `customer_made_payments`;
CREATE TABLE `customer_made_payments` (
  `payment_id` int NOT NULL AUTO_INCREMENT,
  `customer_id` bigint unsigned NOT NULL,
  `amount` float NOT NULL,
  `description` mediumtext  NOT NULL,
  `transaction_id` varchar(40)  NOT NULL DEFAULT '0',
  `payment_status` varchar(10)  NOT NULL,
  `ip_address` varchar(45)  NOT NULL,
  `user_agent` varchar(120)  NOT NULL,
  `post_data` mediumtext  NOT NULL,
  `return_data` mediumtext ,
  `added` timestamp NOT NULL DEFAULT CURRENT_TIMESTAMP ON UPDATE CURRENT_TIMESTAMP,
  `status` int NOT NULL DEFAULT '0' COMMENT '1-payment success',
  PRIMARY KEY (`payment_id`),
  KEY `customer_id` (`customer_id`),
  CONSTRAINT `customer_made_payments_ibfk_1` FOREIGN KEY (`customer_id`) REFERENCES `customers` (`customer_id`)
) ENGINE=InnoDB DEFAULT CHARSET=utf8mb4 ;


DROP TABLE IF EXISTS `customer_payments`;
CREATE TABLE `customer_payments` (
  `payment_id` bigint unsigned NOT NULL AUTO_INCREMENT,
  `day_service_id` bigint unsigned NOT NULL,
  `customer_id` bigint unsigned NOT NULL,
  `paid_amount` float NOT NULL,
  `payment_method` tinyint NOT NULL DEFAULT '0' COMMENT '0-cash, 1 - card',
  `paid_at` char(1)  NOT NULL COMMENT 'T - Tablet, B - Backend',
  `paid_at_id` int NOT NULL,
  `paid_datetime` datetime NOT NULL,
  `ps_no` varchar(100)  DEFAULT NULL,
  `outstanding_amt` float DEFAULT NULL,
  `receipt_no` varchar(100)  DEFAULT NULL,
  `booking_id` bigint unsigned DEFAULT NULL,
  `payment_reference` varchar(100)  DEFAULT NULL,
  `allocated_amount` float(10,2) NOT NULL DEFAULT '0.00',
  `balance_amount` float(10,2) NOT NULL DEFAULT '0.00',
  `payment_status` tinyint NOT NULL DEFAULT '0',
  `pay_description` mediumtext ,
  `verified_status` tinyint NOT NULL DEFAULT '1',
  `deleted_by` int DEFAULT NULL,
  `deleted_at` datetime DEFAULT NULL,
  `quickbook_payment_id` bigint NOT NULL DEFAULT '0',
  `quickbookPaymentTokenId` int DEFAULT NULL,
  `quickbook_payment_sync_status` tinyint(1) NOT NULL DEFAULT '0',
  PRIMARY KEY (`payment_id`),
  KEY `customer_id` (`customer_id`),
  KEY `paid_at_id` (`paid_at_id`),
  KEY `paid_at` (`paid_at`),
  KEY `day_service_id` (`day_service_id`),
  KEY `paid_datetime` (`paid_datetime`),
  KEY `customer_payments_idx1` (`day_service_id`,`customer_id`,`paid_amount`,`payment_method`,`paid_at`,`paid_at_id`,`paid_datetime`),
  KEY `customer_payments_ibfk_3` (`booking_id`),
  KEY `deleted_by` (`deleted_by`),
  KEY `quickbookPaymentId` (`quickbook_payment_id`),
  KEY `quickbookpaymentsynctoken` (`quickbookPaymentTokenId`),
  KEY `quickbookpaysysncstatus` (`quickbook_payment_sync_status`),
  CONSTRAINT `customer_payments_ibfk_2` FOREIGN KEY (`customer_id`) REFERENCES `customers` (`customer_id`),
  CONSTRAINT `customer_payments_ibfk_4` FOREIGN KEY (`paid_at_id`) REFERENCES `users` (`user_id`),
  CONSTRAINT `customer_payments_ibfk_5` FOREIGN KEY (`deleted_by`) REFERENCES `users` (`user_id`)
) ENGINE=InnoDB DEFAULT CHARSET=utf8mb4 ;


DROP TABLE IF EXISTS `customer_pref_maids`;
CREATE TABLE `customer_pref_maids` (
  `customer_pref_maid_id` int NOT NULL AUTO_INCREMENT,
  `customer_id` bigint unsigned NOT NULL,
  `maid_id` int unsigned NOT NULL,
  PRIMARY KEY (`customer_pref_maid_id`),
  UNIQUE KEY `customer_id_maid_id` (`customer_id`,`maid_id`),
  KEY `maid_id` (`maid_id`),
  CONSTRAINT `customer_pref_maids_ibfk_1` FOREIGN KEY (`customer_id`) REFERENCES `customers` (`customer_id`),
  CONSTRAINT `customer_pref_maids_ibfk_2` FOREIGN KEY (`maid_id`) REFERENCES `maids` (`maid_id`)
) ENGINE=InnoDB DEFAULT CHARSET=utf8mb4 ;

INSERT INTO `customer_pref_maids` (`customer_pref_maid_id`, `customer_id`, `maid_id`) VALUES
(4,	2,	1),
(16,	3,	2),
(13,	4,	1),
(14,	4,	2),
(15,	5,	1),
(19,	10,	1),
(20,	10,	2),
(21,	20,	2),
(22,	20,	3),
(23,	21,	10),
(25,	25,	10),
(26,	26,	11),
(27,	27,	11),
(29,	28,	12),
(30,	29,	11),
(31,	30,	13),
(32,	31,	13),
(34,	32,	14),
(35,	33,	14),
(37,	34,	10),
(99,	35,	14),
(39,	36,	14),
(43,	37,	10),
(45,	38,	10),
(42,	39,	14),
(46,	40,	14),
(54,	42,	10),
(48,	43,	14),
(52,	44,	10),
(50,	45,	14),
(51,	46,	14),
(53,	47,	14),
(81,	48,	10),
(57,	49,	14),
(58,	50,	14),
(60,	51,	10),
(64,	52,	10),
(65,	53,	14),
(66,	54,	14),
(69,	55,	13),
(70,	56,	14),
(71,	57,	13),
(72,	58,	13),
(73,	59,	13),
(74,	60,	13),
(75,	61,	13),
(76,	62,	13),
(78,	65,	13),
(80,	66,	13),
(82,	67,	13),
(83,	68,	13),
(84,	69,	13),
(86,	70,	11),
(87,	71,	11),
(88,	72,	11),
(89,	73,	11),
(90,	74,	11),
(91,	75,	11),
(92,	76,	11),
(93,	78,	12),
(94,	79,	12),
(95,	80,	11),
(98,	81,	11),
(101,	82,	12),
(103,	83,	12),
(105,	84,	12),
(106,	85,	12),
(107,	86,	12),
(108,	87,	12),
(109,	88,	12),
(111,	89,	12),
(113,	90,	17),
(114,	91,	17),
(116,	92,	17),
(118,	93,	17),
(119,	94,	17),
(120,	95,	17),
(122,	96,	17),
(124,	97,	17),
(125,	98,	17),
(126,	99,	17),
(128,	100,	17),
(129,	101,	17),
(130,	102,	17);

DROP TABLE IF EXISTS `customer_types`;
CREATE TABLE `customer_types` (
  `customer_type_id` int unsigned NOT NULL AUTO_INCREMENT,
  `customer_type` varchar(155) NOT NULL,
  `created_at` datetime NOT NULL,
  `updated_at` datetime NOT NULL,
  `deleted_at` datetime DEFAULT NULL,
  PRIMARY KEY (`customer_type_id`)
) ENGINE=InnoDB DEFAULT CHARSET=utf8mb4 ;

INSERT INTO `customer_types` (`customer_type_id`, `customer_type`, `created_at`, `updated_at`, `deleted_at`) VALUES
(1,	'Individual',	'2023-07-13 13:13:37',	'2023-07-13 13:13:37',	NULL),
(2,	'Company',	'2023-07-13 13:14:41',	'2023-07-13 13:14:41',	NULL),
(3,	'Dealer',	'2023-07-13 13:14:49',	'2023-07-13 13:14:49',	NULL);

DROP TABLE IF EXISTS `customers`;
CREATE TABLE `customers` (
  `customer_id` bigint unsigned NOT NULL AUTO_INCREMENT,
  `customer_code` varchar(255) CHARACTER SET utf8mb4  DEFAULT NULL,
  `customer_name` varchar(255)  NOT NULL,
  `customer_nick_name` varchar(100)  DEFAULT NULL,
  `default_address_id` bigint DEFAULT NULL,
  `default_booking_address` bigint DEFAULT NULL,
  `location_id` int DEFAULT NULL,
  `customer_type_id` int unsigned NOT NULL DEFAULT '1',
  `customer_company_id` int DEFAULT NULL,
  `customer_dealer_id` int DEFAULT NULL,
  `refer_source_id` int unsigned DEFAULT NULL,
  `refer_source_note` varchar(255)  DEFAULT NULL,
  `payment_mode_id` int unsigned NOT NULL,
  `payment_frequency_id` int unsigned NOT NULL,
  `gender_id` int unsigned DEFAULT '5',
  `odoo_customer_id` bigint DEFAULT NULL,
  `customer_username` varchar(255)  DEFAULT NULL,
  `customer_password` varchar(255)  DEFAULT NULL,
  `booking_note` text ,
  `driver_note` text ,
  `customer_type` char(2)  NOT NULL DEFAULT 'HO',
  `first_name` varchar(250)  DEFAULT NULL,
  `last_name` varchar(250)  DEFAULT NULL,
  `is_company` varchar(10) NOT NULL DEFAULT 'N' COMMENT 'Y - Yes, N - No',
  `company_name` varchar(100) DEFAULT NULL,
  `phone_number` varchar(15) DEFAULT NULL,
  `mobile_number_1` varchar(15)  DEFAULT NULL COMMENT 'act as primary mobile number',
  `mobile_number_2` varchar(15) DEFAULT NULL,
  `mobile_number_3` varchar(15) DEFAULT NULL,
  `whatsapp_no_1` varchar(15) DEFAULT NULL,
  `fax_number` varchar(15) DEFAULT NULL,
  `trnnumber` varchar(100) DEFAULT NULL,
  `vatnumber` varchar(100) DEFAULT NULL,
  `email_address` varchar(160) DEFAULT NULL,
  `fb_id` longtext,
  `website_url` varchar(160)  DEFAULT NULL,
  `contact_person` varchar(110) DEFAULT NULL,
  `latitude` varchar(100) DEFAULT NULL,
  `longitude` varchar(100) DEFAULT NULL,
  `customer_photo_file` varchar(255) DEFAULT NULL,
  `payment_type` char(2)  NOT NULL DEFAULT 'D',
  `payment_mode` varchar(25)  NOT NULL DEFAULT 'Cash',
  `key_given` enum('N','Y') NOT NULL,
  `rating_mail` enum('Y','N') NOT NULL DEFAULT 'Y',
  `price_hourly` decimal(10,2) NOT NULL DEFAULT '40.00',
  `price_extra` decimal(10,2) NOT NULL DEFAULT '40.00',
  `price_weekend` decimal(10,2) NOT NULL DEFAULT '45.00',
  `initial_balance` float(10,2) NOT NULL DEFAULT '0.00',
  `initial_bal_sign` varchar(10) NOT NULL DEFAULT 'Dr',
  `initial_bal_date` date DEFAULT NULL,
  `signed` varchar(5)  DEFAULT NULL,
  `customer_notes` mediumtext ,
  `customer_source` varchar(25) DEFAULT NULL,
  `customer_source_val` varchar(100) DEFAULT NULL,
  `customer_source_id` int DEFAULT NULL,
  `customer_added_datetime` datetime NOT NULL,
  `customer_last_modified_datetime` datetime NOT NULL,
  `customer_booktype` int NOT NULL DEFAULT '0' COMMENT '0-nonregular, 1- Regular',
  `customer_status` tinyint(1) NOT NULL DEFAULT '1' COMMENT '0 - Inactive, 1 - Active',
  `odoo_synch_status` tinyint NOT NULL DEFAULT '0',
  `push_token` varchar(150) DEFAULT NULL,
  `oauth_token` mediumtext,
  `oauth_validty` date DEFAULT NULL,
  `oauth_provider` varchar(150) DEFAULT NULL,
  `mobile_verification_code` varchar(20) DEFAULT NULL,
  `mobile_status` int NOT NULL DEFAULT '0',
  `customer_from` varchar(10) NOT NULL DEFAULT 'C',
  `is_flag` varchar(10) NOT NULL DEFAULT 'N',
  `flag_reason` mediumtext,
  `pet` varchar(10) NOT NULL DEFAULT 'N',
  `pet_type` varchar(100) DEFAULT NULL,
  `odoo_customer_newid` bigint unsigned DEFAULT NULL,
  `odoo_customer_new_status` tinyint(1) NOT NULL DEFAULT '0',
  `customer_trn` varchar(100)  DEFAULT NULL,
  `total_invoice_amount` float(10,2) NOT NULL DEFAULT '0.00',
  `total_paid_amount` float(10,2) NOT NULL DEFAULT '0.00',
  `balance` float(10,2) NOT NULL DEFAULT '0.00',
  `last_invoice_date` date DEFAULT NULL,
  `quickbook_id` bigint unsigned NOT NULL DEFAULT '0',
  `quickbookTokenId` bigint unsigned DEFAULT NULL,
  `quickbook_sync_status` tinyint(1) NOT NULL DEFAULT '0',
  `odoo_package_customer_id` bigint unsigned NOT NULL DEFAULT '0',
  `odoo_package_customer_status` tinyint(1) NOT NULL DEFAULT '0',
  `is_allowed_new_booking` varchar(100) CHARACTER SET utf8mb4  NOT NULL,
  `blocked_new_booking_reason` varchar(255)  DEFAULT NULL,
  `created_by_user` int DEFAULT NULL,
  `created_at` datetime NOT NULL,
  `updated_at` datetime NOT NULL,
  `deleted_at` datetime DEFAULT NULL,
  PRIMARY KEY (`customer_id`),
  UNIQUE KEY `customer_username` (`customer_username`),
  UNIQUE KEY `customer_code` (`customer_code`),
  UNIQUE KEY `mobile_number_1` (`mobile_number_1`),
  UNIQUE KEY `email_address` (`email_address`),
  KEY `phone_number` (`phone_number`),
  KEY `customer_added_datetime` (`customer_added_datetime`),
  KEY `customer_password` (`customer_password`),
  KEY `odoo_synch_status` (`odoo_synch_status`),
  KEY `payment_type` (`payment_type`),
  KEY `customer_source` (`customer_source`),
  KEY `oauth_provider` (`oauth_provider`),
  KEY `customer_booktype` (`customer_booktype`),
  KEY `is_company` (`is_company`),
  KEY `mobile_number_idx` (`mobile_number_1`,`mobile_number_2`,`mobile_number_3`) USING BTREE,
  KEY `customer_pattern_search_idx` (`customer_name`,`customer_nick_name`,`mobile_number_1`,`mobile_number_2`,`mobile_number_3`,`phone_number`,`customer_status`) USING BTREE,
  KEY `customer_status_idx` (`customer_status`),
  KEY `quickbookTokenIndex` (`quickbookTokenId`),
  KEY `refer_source_id` (`refer_source_id`),
  KEY `gender_id` (`gender_id`),
  KEY `created_by_user` (`created_by_user`),
  KEY `customer_type_id` (`customer_type_id`),
  KEY `payment_frequency_id` (`payment_frequency_id`),
  KEY `payment_mode_id` (`payment_mode_id`),
  KEY `default_address` (`default_booking_address`),
  KEY `location_id` (`location_id`),
  KEY `customer_company_id` (`customer_company_id`),
  KEY `customer_dealer_id` (`customer_dealer_id`),
  KEY `default_address_id` (`default_address_id`),
  KEY `is_allowed_new_booking` (`is_allowed_new_booking`),
  CONSTRAINT `customers_ibfk_1` FOREIGN KEY (`refer_source_id`) REFERENCES `refer_sources` (`refer_source_id`),
  CONSTRAINT `customers_ibfk_10` FOREIGN KEY (`customer_dealer_id`) REFERENCES `customer_dealers` (`customer_dealer_id`),
  CONSTRAINT `customers_ibfk_11` FOREIGN KEY (`default_address_id`) REFERENCES `customer_addresses` (`customer_address_id`),
  CONSTRAINT `customers_ibfk_12` FOREIGN KEY (`is_allowed_new_booking`) REFERENCES `statuses` (`status_code`),
  CONSTRAINT `customers_ibfk_2` FOREIGN KEY (`gender_id`) REFERENCES `genders` (`gender_id`),
  CONSTRAINT `customers_ibfk_3` FOREIGN KEY (`created_by_user`) REFERENCES `users` (`user_id`),
  CONSTRAINT `customers_ibfk_4` FOREIGN KEY (`customer_type_id`) REFERENCES `customer_types` (`customer_type_id`),
  CONSTRAINT `customers_ibfk_5` FOREIGN KEY (`payment_frequency_id`) REFERENCES `payment_frequencies` (`payment_frequency_id`),
  CONSTRAINT `customers_ibfk_6` FOREIGN KEY (`payment_mode_id`) REFERENCES `payment_modes` (`payment_mode_id`),
  CONSTRAINT `customers_ibfk_7` FOREIGN KEY (`default_booking_address`) REFERENCES `customer_addresses` (`customer_address_id`),
  CONSTRAINT `customers_ibfk_8` FOREIGN KEY (`location_id`) REFERENCES `locations` (`location_id`),
  CONSTRAINT `customers_ibfk_9` FOREIGN KEY (`customer_company_id`) REFERENCES `customer_companies` (`customer_company_id`)
) ENGINE=InnoDB DEFAULT CHARSET=utf8mb4 ;

INSERT INTO `customers` (`customer_id`, `customer_code`, `customer_name`, `customer_nick_name`, `default_address_id`, `default_booking_address`, `location_id`, `customer_type_id`, `customer_company_id`, `customer_dealer_id`, `refer_source_id`, `refer_source_note`, `payment_mode_id`, `payment_frequency_id`, `gender_id`, `odoo_customer_id`, `customer_username`, `customer_password`, `booking_note`, `driver_note`, `customer_type`, `first_name`, `last_name`, `is_company`, `company_name`, `phone_number`, `mobile_number_1`, `mobile_number_2`, `mobile_number_3`, `whatsapp_no_1`, `fax_number`, `trnnumber`, `vatnumber`, `email_address`, `fb_id`, `website_url`, `contact_person`, `latitude`, `longitude`, `customer_photo_file`, `payment_type`, `payment_mode`, `key_given`, `rating_mail`, `price_hourly`, `price_extra`, `price_weekend`, `initial_balance`, `initial_bal_sign`, `initial_bal_date`, `signed`, `customer_notes`, `customer_source`, `customer_source_val`, `customer_source_id`, `customer_added_datetime`, `customer_last_modified_datetime`, `customer_booktype`, `customer_status`, `odoo_synch_status`, `push_token`, `oauth_token`, `oauth_validty`, `oauth_provider`, `mobile_verification_code`, `mobile_status`, `customer_from`, `is_flag`, `flag_reason`, `pet`, `pet_type`, `odoo_customer_newid`, `odoo_customer_new_status`, `customer_trn`, `total_invoice_amount`, `total_paid_amount`, `balance`, `last_invoice_date`, `quickbook_id`, `quickbookTokenId`, `quickbook_sync_status`, `odoo_package_customer_id`, `odoo_package_customer_status`, `is_allowed_new_booking`, `blocked_new_booking_reason`, `created_by_user`, `created_at`, `updated_at`, `deleted_at`) VALUES
(110,	'MM-00110-11-2023',	'Samnad',	'Sam',	NULL,	81,	NULL,	1,	NULL,	NULL,	NULL,	NULL,	1,	1,	NULL,	NULL,	NULL,	NULL,	NULL,	NULL,	'HO',	NULL,	NULL,	'N',	NULL,	NULL,	'9745451448',	NULL,	NULL,	NULL,	NULL,	NULL,	NULL,	NULL,	NULL,	NULL,	NULL,	NULL,	NULL,	NULL,	'D',	'Cash',	'N',	'Y',	35.00,	35.00,	35.00,	0.00,	'Cr',	NULL,	NULL,	NULL,	NULL,	NULL,	NULL,	'2023-11-15 10:29:26',	'2023-11-15 10:29:26',	0,	1,	0,	NULL,	NULL,	NULL,	NULL,	NULL,	0,	'C',	'N',	NULL,	'N',	NULL,	NULL,	0,	NULL,	0.00,	0.00,	0.00,	NULL,	0,	NULL,	0,	0,	0,	'YES',	NULL,	1,	'2023-11-15 10:29:26',	'2023-11-15 10:29:26',	NULL),
(111,	'MM-00111-11-2023',	'James',	'Jick',	NULL,	83,	NULL,	1,	NULL,	NULL,	NULL,	NULL,	1,	3,	NULL,	NULL,	NULL,	NULL,	NULL,	NULL,	'HO',	NULL,	NULL,	'N',	NULL,	NULL,	'782142834',	NULL,	NULL,	NULL,	NULL,	NULL,	NULL,	NULL,	NULL,	NULL,	NULL,	NULL,	NULL,	NULL,	'D',	'Cash',	'N',	'Y',	35.00,	35.00,	35.00,	0.00,	'Cr',	NULL,	NULL,	NULL,	NULL,	NULL,	NULL,	'2023-11-15 10:42:17',	'2023-11-15 10:42:17',	0,	1,	0,	NULL,	NULL,	NULL,	NULL,	NULL,	0,	'C',	'N',	NULL,	'N',	NULL,	NULL,	0,	NULL,	0.00,	0.00,	0.00,	NULL,	0,	NULL,	0,	0,	0,	'YES',	NULL,	1,	'2023-11-15 10:42:17',	'2023-11-15 10:42:17',	NULL),
(112,	'MM-00112-11-2023',	'Zani',	'Zakir',	NULL,	84,	NULL,	1,	NULL,	NULL,	NULL,	'',	2,	1,	NULL,	NULL,	NULL,	NULL,	'',	'',	'HO',	NULL,	NULL,	'N',	NULL,	NULL,	'782142836',	'6999999999',	NULL,	'675869979',	NULL,	NULL,	NULL,	'revathy.l@azinova.info',	NULL,	'',	'Renu',	NULL,	NULL,	NULL,	'D',	'Cash',	'N',	'Y',	35.00,	35.00,	35.00,	0.00,	'Cr',	NULL,	NULL,	'',	NULL,	NULL,	NULL,	'2023-11-15 12:37:10',	'2023-11-21 17:40:58',	0,	1,	0,	NULL,	NULL,	NULL,	NULL,	NULL,	0,	'C',	'N',	'',	'Y',	'dog',	NULL,	0,	NULL,	0.00,	0.00,	0.00,	NULL,	0,	NULL,	0,	0,	0,	'YES',	NULL,	1,	'2023-11-15 12:37:10',	'2023-11-21 17:40:58',	NULL),
(113,	'MM-00113-11-2023',	'Test',	'Jani',	NULL,	88,	NULL,	1,	NULL,	NULL,	NULL,	NULL,	1,	1,	5,	NULL,	NULL,	NULL,	NULL,	NULL,	'HO',	NULL,	NULL,	'N',	NULL,	NULL,	'546543636',	NULL,	NULL,	NULL,	NULL,	NULL,	NULL,	NULL,	NULL,	NULL,	NULL,	NULL,	NULL,	NULL,	'D',	'Cash',	'N',	'Y',	35.00,	35.00,	35.00,	0.00,	'Cr',	NULL,	NULL,	NULL,	NULL,	NULL,	NULL,	'2023-11-21 17:57:31',	'2023-11-21 17:57:31',	0,	1,	0,	NULL,	NULL,	NULL,	NULL,	NULL,	0,	'C',	'N',	NULL,	'Y',	'cat',	NULL,	0,	NULL,	0.00,	0.00,	0.00,	NULL,	0,	NULL,	0,	0,	0,	'YES',	NULL,	1,	'2023-11-21 17:57:31',	'2023-11-21 17:57:31',	NULL);

DROP TABLE IF EXISTS `day_services`;
CREATE TABLE `day_services` (
  `day_service_id` bigint unsigned NOT NULL AUTO_INCREMENT,
  `day_service_reference_id` varchar(255) DEFAULT NULL,
  `booking_id` bigint unsigned NOT NULL,
  `customer_id` bigint unsigned NOT NULL,
  `maid_id` int unsigned NOT NULL,
  `driver_id` int unsigned DEFAULT NULL,
  `is_driver_confirmed` tinyint unsigned DEFAULT NULL,
  `time_from` time NOT NULL,
  `time_to` time NOT NULL,
  `customer_name` varchar(50) NOT NULL,
  `customer_address` mediumtext NOT NULL,
  `customer_payment_type` char(2) NOT NULL,
  `service_description` mediumtext,
  `service_date` date NOT NULL,
  `start_time` time DEFAULT NULL,
  `end_time` time DEFAULT NULL,
  `service_status` tinyint DEFAULT NULL COMMENT '1 - Service Started, 2 - Service Finished, 3 - Service not Done',
  `payment_status` tinyint(1) NOT NULL DEFAULT '0' COMMENT '0 - Not Paid, 1 - Paid',
  `service_added_by` char(1) DEFAULT NULL COMMENT 'T - Tablet, B - Backend',
  `service_added_by_id` int DEFAULT NULL,
  `service_added_datetime` timestamp NOT NULL DEFAULT CURRENT_TIMESTAMP ON UPDATE CURRENT_TIMESTAMP,
  `odoo_id` bigint DEFAULT '0',
  `odoo_sync_status` int DEFAULT '0',
  `rating` int DEFAULT NULL,
  `comments` mediumtext,
  `rate_added_date` date DEFAULT NULL,
  `odoo_new_syncid` bigint unsigned DEFAULT NULL,
  `odoo_new_invoice_id` bigint unsigned DEFAULT NULL,
  `odoo_new_paymentid` bigint unsigned DEFAULT NULL,
  `odoo_new_sync_status` tinyint(1) DEFAULT '0',
  `invoice_status` tinyint(1) NOT NULL DEFAULT '0',
  `serv_invoice_id` bigint DEFAULT NULL,
  `booking_service_id` varchar(100) DEFAULT NULL,
  `reason_id` int DEFAULT NULL,
  `cancel_reason` varchar(1500) DEFAULT NULL,
  `odoo_package_activity_id` bigint unsigned DEFAULT '0',
  `odoo_package_activity_status` tinyint(1) DEFAULT '0',
  `dispatch_status` tinyint(1) DEFAULT NULL,
  `service_rate_per_hour` decimal(10,2) NOT NULL,
  `service_discount_rate_per_hour` decimal(10,2) NOT NULL,
  `cleaning_material` enum('Y','N') NOT NULL,
  `material_fee` float NOT NULL DEFAULT '0',
  `serviceamount` double NOT NULL DEFAULT '0',
  `vatamount` float(10,2) NOT NULL DEFAULT '0.00',
  `total_fee` float(10,2) NOT NULL,
  `_service_hours` decimal(10,2) NOT NULL DEFAULT '0.00' COMMENT 'total hours per service, per maid',
  `_service_rate_per_hour` decimal(10,2) NOT NULL DEFAULT '0.00' COMMENT 'normal rate',
  `_service_discount_rate_per_hour` decimal(10,2) NOT NULL DEFAULT '0.00' COMMENT 'discounted rate',
  `_service_amount` decimal(10,2) NOT NULL DEFAULT '0.00' COMMENT 'service amount (before discount)',
  `_service_discount` decimal(10,2) NOT NULL DEFAULT '0.00' COMMENT 'service discount',
  `_net_service_amount` decimal(10,2) NOT NULL DEFAULT '0.00' COMMENT 'rate * hours (after service discount)',
  `_cleaning_material` enum('Y','N') NOT NULL DEFAULT 'N' COMMENT 'cleaning material status',
  `_cleaning_material_rate_per_hour` decimal(10,2) NOT NULL DEFAULT '0.00' COMMENT 'material rate per hour',
  `_net_cleaning_material_amount` decimal(10,2) NOT NULL DEFAULT '0.00' COMMENT 'material rate * hours',
  `_total_discount` decimal(10,2) NOT NULL DEFAULT '0.00' COMMENT 'total of all discounts',
  `_taxable_amount` decimal(10,2) NOT NULL DEFAULT '0.00' COMMENT 'amount to apply tax',
  `_vat_percentage` decimal(10,2) NOT NULL DEFAULT '0.00' COMMENT 'percentage of vat',
  `_vat_amount` decimal(10,2) NOT NULL DEFAULT '0.00' COMMENT 'vat charge of taxable amont',
  `_total_amount` decimal(10,2) NOT NULL DEFAULT '0.00' COMMENT 'payable amount',
  PRIMARY KEY (`day_service_id`),
  UNIQUE KEY `booking_id_service_date` (`booking_id`,`service_date`),
  KEY `service_status` (`service_status`),
  KEY `service_added_datetime` (`service_added_datetime`),
  KEY `customer_id` (`customer_id`),
  KEY `maid_id` (`maid_id`),
  KEY `payment_status` (`payment_status`),
  KEY `rate_added_date` (`rate_added_date`),
  KEY `booking_id` (`service_added_by_id`,`booking_id`,`total_fee`,`service_status`,`service_date`) USING BTREE,
  KEY `service_date_idx` (`service_date`),
  KEY `day_services_idx1` (`booking_id`,`service_date`),
  KEY `day_services_idx2` (`customer_id`,`service_date`,`service_status`,`invoice_status`),
  KEY `day_services_idx3` (`booking_id`,`service_date`),
  KEY `driver_id` (`driver_id`),
  CONSTRAINT `day_services_ibfk_1` FOREIGN KEY (`booking_id`) REFERENCES `bookings` (`booking_id`),
  CONSTRAINT `day_services_ibfk_2` FOREIGN KEY (`customer_id`) REFERENCES `customers` (`customer_id`),
  CONSTRAINT `day_services_ibfk_3` FOREIGN KEY (`maid_id`) REFERENCES `maids` (`maid_id`),
  CONSTRAINT `day_services_ibfk_4` FOREIGN KEY (`driver_id`) REFERENCES `maids` (`maid_id`)
) ENGINE=InnoDB DEFAULT CHARSET=utf8mb4 ;

INSERT INTO `day_services` (`day_service_id`, `day_service_reference_id`, `booking_id`, `customer_id`, `maid_id`, `driver_id`, `is_driver_confirmed`, `time_from`, `time_to`, `customer_name`, `customer_address`, `customer_payment_type`, `service_description`, `service_date`, `start_time`, `end_time`, `service_status`, `payment_status`, `service_added_by`, `service_added_by_id`, `service_added_datetime`, `odoo_id`, `odoo_sync_status`, `rating`, `comments`, `rate_added_date`, `odoo_new_syncid`, `odoo_new_invoice_id`, `odoo_new_paymentid`, `odoo_new_sync_status`, `invoice_status`, `serv_invoice_id`, `booking_service_id`, `reason_id`, `cancel_reason`, `odoo_package_activity_id`, `odoo_package_activity_status`, `dispatch_status`, `service_rate_per_hour`, `service_discount_rate_per_hour`, `cleaning_material`, `material_fee`, `serviceamount`, `vatamount`, `total_fee`, `_service_hours`, `_service_rate_per_hour`, `_service_discount_rate_per_hour`, `_service_amount`, `_service_discount`, `_net_service_amount`, `_cleaning_material`, `_cleaning_material_rate_per_hour`, `_net_cleaning_material_amount`, `_total_discount`, `_taxable_amount`, `_vat_percentage`, `_vat_amount`, `_total_amount`) VALUES
(36,	'MM-SERV-0000036',	71,	111,	9,	NULL,	NULL,	'13:30:00',	'14:00:00',	'James',	'Alis villa ,121,mariana beach',	'D',	NULL,	'2023-11-16',	NULL,	NULL,	NULL,	0,	'B',	1,	'2023-11-16 09:20:15',	0,	0,	NULL,	NULL,	NULL,	NULL,	NULL,	NULL,	0,	0,	NULL,	NULL,	NULL,	NULL,	0,	0,	1,	37.00,	37.00,	'Y',	5,	18.5,	1.18,	24.68,	0.50,	37.00,	37.00,	18.50,	0.00,	18.50,	'Y',	10.00,	5.00,	0.00,	23.50,	5.00,	1.18,	24.68);

DROP TABLE IF EXISTS `deviceid_ip`;
CREATE TABLE `deviceid_ip` (
  `id` int unsigned NOT NULL AUTO_INCREMENT,
  `booking_id` bigint unsigned NOT NULL,
  `deviceid_ip` varchar(100)  NOT NULL,
  PRIMARY KEY (`id`),
  KEY `booking_id` (`booking_id`),
  CONSTRAINT `deviceid_ip_ibfk_1` FOREIGN KEY (`booking_id`) REFERENCES `bookings` (`booking_id`)
) ENGINE=InnoDB DEFAULT CHARSET=utf8mb4 ;


DROP TABLE IF EXISTS `document_types`;
CREATE TABLE `document_types` (
  `document_type_id` bigint NOT NULL AUTO_INCREMENT,
  `document` varchar(255)  NOT NULL,
  `is_expiring` tinyint DEFAULT NULL,
  PRIMARY KEY (`document_type_id`),
  UNIQUE KEY `document` (`document`)
) ENGINE=InnoDB DEFAULT CHARSET=utf8mb4 ;

INSERT INTO `document_types` (`document_type_id`, `document`, `is_expiring`) VALUES
(1,	'Passport',	1),
(2,	'Visa',	1),
(3,	'Labour Card',	NULL),
(4,	'Driving Licence',	1),
(5,	'Emirates ID',	NULL);

DROP TABLE IF EXISTS `driver_availability`;
CREATE TABLE `driver_availability` (
  `driver_availability_id` bigint unsigned NOT NULL AUTO_INCREMENT,
  `driver_id` int unsigned NOT NULL,
  `area_id` int DEFAULT NULL,
  `location_id` int DEFAULT NULL,
  `date_from` date NOT NULL,
  `date_to` date NOT NULL,
  `created_at` datetime NOT NULL,
  `updated_at` datetime NOT NULL,
  `deleted_at` datetime DEFAULT NULL,
  PRIMARY KEY (`driver_availability_id`),
  KEY `driver_id` (`driver_id`),
  KEY `location_id` (`location_id`),
  KEY `area_id` (`area_id`),
  CONSTRAINT `driver_availability_ibfk_1` FOREIGN KEY (`driver_id`) REFERENCES `maids` (`maid_id`),
  CONSTRAINT `driver_availability_ibfk_2` FOREIGN KEY (`location_id`) REFERENCES `locations` (`location_id`),
  CONSTRAINT `driver_availability_ibfk_3` FOREIGN KEY (`area_id`) REFERENCES `areas` (`area_id`)
) ENGINE=InnoDB DEFAULT CHARSET=utf8mb4 ;

INSERT INTO `driver_availability` (`driver_availability_id`, `driver_id`, `area_id`, `location_id`, `date_from`, `date_to`, `created_at`, `updated_at`, `deleted_at`) VALUES
(4,	4,	21,	NULL,	'2023-09-13',	'2023-09-13',	'2023-09-12 11:45:34',	'2023-09-12 11:45:34',	NULL),
(5,	4,	20,	NULL,	'2023-09-12',	'2023-09-12',	'2023-09-12 11:46:14',	'2023-09-12 11:46:14',	NULL),
(6,	5,	15,	NULL,	'2023-09-13',	'2023-10-07',	'2023-09-12 13:17:07',	'2023-09-12 13:17:07',	NULL),
(7,	5,	19,	NULL,	'2023-09-13',	'2023-10-07',	'2023-09-12 13:18:38',	'2023-09-12 13:18:38',	NULL),
(8,	5,	15,	NULL,	'2023-09-13',	'2023-11-04',	'2023-09-12 13:19:43',	'2023-09-12 13:19:43',	NULL),
(9,	5,	15,	NULL,	'2023-09-12',	'2023-11-04',	'2023-09-12 13:20:21',	'2023-09-12 13:20:21',	NULL),
(10,	6,	21,	NULL,	'2023-09-12',	'2023-12-02',	'2023-09-12 13:22:06',	'2023-09-12 13:22:06',	NULL),
(11,	5,	20,	NULL,	'2023-10-07',	'2023-10-07',	'2023-09-12 15:09:11',	'2023-09-12 15:09:11',	NULL),
(12,	4,	20,	NULL,	'2023-09-15',	'2023-10-07',	'2023-09-15 15:13:12',	'2023-09-15 15:13:12',	NULL),
(13,	4,	22,	NULL,	'2023-10-07',	'2023-11-04',	'2023-09-15 16:03:41',	'2023-09-15 16:03:41',	NULL),
(14,	5,	16,	NULL,	'2023-09-18',	'2023-09-30',	'2023-09-18 15:30:29',	'2023-09-18 15:30:29',	NULL),
(15,	5,	15,	NULL,	'2023-10-27',	'2023-10-31',	'2023-10-26 17:32:56',	'2023-10-26 17:32:56',	NULL),
(16,	15,	31,	NULL,	'2023-11-04',	'2023-11-05',	'2023-11-03 17:31:03',	'2023-11-03 17:31:03',	NULL),
(17,	15,	28,	NULL,	'2023-11-04',	'2023-11-05',	'2023-11-03 17:31:42',	'2023-11-03 17:31:42',	NULL),
(18,	15,	61,	NULL,	'2023-11-08',	'2023-11-08',	'2023-11-08 14:54:01',	'2023-11-08 14:54:01',	NULL),
(19,	15,	31,	NULL,	'2023-11-15',	'2023-11-16',	'2023-11-14 07:56:55',	'2023-11-14 07:56:55',	NULL),
(20,	15,	32,	NULL,	'2023-11-15',	'2023-11-16',	'2023-11-14 07:56:55',	'2023-11-14 07:56:55',	NULL),
(21,	15,	28,	NULL,	'2023-11-15',	'2023-11-16',	'2023-11-14 07:56:55',	'2023-11-14 07:56:55',	NULL),
(22,	15,	31,	NULL,	'2023-11-14',	'2023-11-21',	'2023-11-14 16:01:40',	'2023-11-14 16:01:40',	NULL);

DROP TABLE IF EXISTS `email_group_numbers`;
CREATE TABLE `email_group_numbers` (
  `emails_id` bigint NOT NULL AUTO_INCREMENT,
  `email_value` varchar(100)  DEFAULT NULL,
  `email_group_id` bigint DEFAULT NULL,
  `email_status` tinyint DEFAULT NULL,
  PRIMARY KEY (`emails_id`),
  KEY `email_group_id` (`email_group_id`),
  KEY `email_status` (`email_status`),
  CONSTRAINT `email_group_numbers_ibfk_1` FOREIGN KEY (`email_group_id`) REFERENCES `email_groups` (`email_group_id`)
) ENGINE=InnoDB DEFAULT CHARSET=utf8mb4 ;


DROP TABLE IF EXISTS `email_groups`;
CREATE TABLE `email_groups` (
  `email_group_id` bigint NOT NULL AUTO_INCREMENT,
  `email_group_name` varchar(100)  DEFAULT NULL,
  `created_date` datetime DEFAULT NULL,
  `email_group_status` tinyint DEFAULT NULL,
  PRIMARY KEY (`email_group_id`),
  KEY `email_group_status` (`email_group_status`)
) ENGINE=InnoDB DEFAULT CHARSET=utf8mb4 ;


DROP TABLE IF EXISTS `email_settings`;
CREATE TABLE `email_settings` (
  `id` int NOT NULL AUTO_INCREMENT,
  `header_name` varchar(200)  NOT NULL,
  `subject` longtext  NOT NULL,
  `from_address` varchar(500)  NOT NULL,
  PRIMARY KEY (`id`)
) ENGINE=InnoDB DEFAULT CHARSET=utf8mb4 ;


DROP TABLE IF EXISTS `employee_addresses`;
CREATE TABLE `employee_addresses` (
  `id` bigint NOT NULL AUTO_INCREMENT,
  `maid_id` int unsigned NOT NULL,
  `address_type_id` bigint NOT NULL,
  `country_id` bigint DEFAULT NULL,
  `name` varchar(255)  DEFAULT NULL,
  `house_number` varchar(255)  DEFAULT NULL,
  `street` varchar(255)  DEFAULT NULL,
  `town` varchar(255)  DEFAULT NULL,
  `city` varchar(255)  DEFAULT NULL,
  `telephone_no_1` varchar(255)  DEFAULT NULL,
  `mobile_no_1` varchar(255)  DEFAULT NULL,
  `whatsapp_no_1` varchar(255)  DEFAULT NULL,
  `relationship` varchar(255)  DEFAULT NULL,
  PRIMARY KEY (`id`),
  UNIQUE KEY `maid_id_address_type_id` (`maid_id`,`address_type_id`),
  KEY `address_type_id` (`address_type_id`),
  KEY `countrYid` (`country_id`),
  CONSTRAINT `employee_addresses_ibfk_1` FOREIGN KEY (`maid_id`) REFERENCES `maids` (`maid_id`),
  CONSTRAINT `employee_addresses_ibfk_2` FOREIGN KEY (`address_type_id`) REFERENCES `address_types` (`address_type_id`),
  CONSTRAINT `employee_addresses_ibfk_3` FOREIGN KEY (`country_id`) REFERENCES `countries` (`id`)
) ENGINE=InnoDB DEFAULT CHARSET=utf8mb4 ;

INSERT INTO `employee_addresses` (`id`, `maid_id`, `address_type_id`, `country_id`, `name`, `house_number`, `street`, `town`, `city`, `telephone_no_1`, `mobile_no_1`, `whatsapp_no_1`, `relationship`) VALUES
(1,	1,	1,	1,	'test maid-1',	'46',	'',	'',	'',	NULL,	'51213763',	'51213763',	'mother'),
(2,	1,	2,	1,	'test2',	'',	'',	'',	'',	NULL,	'56935354',	'56935354',	'brother'),
(3,	1,	3,	1,	'cesa',	'',	'',	'',	'',	NULL,	'51234556',	'51234556',	''),
(4,	1,	4,	1,	'easer',	'',	'',	'',	'',	NULL,	'5352666',	'5352666',	''),
(5,	2,	1,	1,	'jabi',	'',	'',	'',	'',	NULL,	'51213763',	'',	''),
(6,	2,	2,	1,	'joan',	'',	'',	'',	'',	NULL,	'56935354',	'',	''),
(7,	2,	3,	1,	'cari',	'',	'',	'',	'',	NULL,	'51234656',	'',	'mother'),
(8,	2,	4,	1,	'lomi',	'',	'',	'',	'',	NULL,	'5668668',	'',	''),
(9,	3,	1,	1,	'jain',	'',	'',	'',	'',	NULL,	'51213763',	'',	''),
(10,	3,	2,	1,	'jas',	'',	'',	'',	'',	NULL,	'56935354',	'',	''),
(11,	3,	3,	1,	'jenni',	'',	'',	'',	'',	NULL,	'51234556',	'',	''),
(12,	3,	4,	1,	'lomine',	'',	'',	'',	'',	NULL,	'5668666',	'',	''),
(13,	4,	1,	2,	'ahni',	'46',	'',	'',	'',	NULL,	'52213763',	'51213763',	''),
(14,	4,	2,	2,	'joni',	'',	'',	'',	'',	NULL,	'56935354',	'56935354',	''),
(15,	4,	3,	2,	'coani',	'',	'',	'',	'',	NULL,	'51234556',	'51234556',	''),
(16,	4,	4,	2,	'lomi',	'',	'',	'',	'',	NULL,	'5352669',	'',	''),
(17,	5,	1,	2,	'Zenz Thomson',	'',	'',	'',	'',	NULL,	'56262867',	'6131402',	'son'),
(18,	5,	2,	2,	'Yaudes Clarke',	'',	'',	'',	'',	NULL,	'56262867',	'6131402',	''),
(19,	5,	3,	2,	'Jansson',	'',	'',	'',	'',	NULL,	'56262833',	'6131402',	''),
(20,	5,	4,	2,	'Robert',	'',	'',	'',	'',	NULL,	'9534567733',	'9534567733',	''),
(21,	6,	1,	1,	'Smith',	'113',	'',	'',	'',	NULL,	'5232931',	'5232931',	''),
(22,	6,	2,	1,	'Williams',	'',	'',	'',	'',	NULL,	'6262922',	'6262922',	''),
(23,	6,	3,	1,	'Davis',	'',	'',	'',	'',	NULL,	'5232450',	'5232450',	''),
(24,	6,	4,	1,	'Richard',	'',	'',	'',	'',	NULL,	'6262922',	'6232931',	''),
(25,	7,	1,	1,	'test2',	'45',	'',	'',	'',	NULL,	'8698989',	'',	''),
(26,	7,	2,	1,	'test3',	'',	'',	'',	'',	NULL,	'56935354',	'',	''),
(27,	7,	3,	1,	'case',	'',	'',	'',	'',	NULL,	'51234556',	'',	''),
(28,	7,	4,	1,	'easer',	'',	'',	'',	'',	NULL,	'5352666',	'',	''),
(29,	8,	1,	1,	'jabi',	'',	'',	'',	'',	NULL,	'8698989',	'',	''),
(30,	8,	2,	1,	'Jobi',	'',	'',	'',	'',	NULL,	'56935354',	'',	''),
(31,	8,	3,	1,	'Cesa',	'',	'',	'',	'',	NULL,	'52234556',	'',	''),
(32,	8,	4,	1,	'Jack',	'',	'',	'',	'',	NULL,	'5352660',	'',	''),
(33,	9,	1,	2,	'Nemesis',	'',	'',	'',	'',	NULL,	'123456789',	'',	''),
(34,	9,	2,	2,	'Fragulans',	'',	'',	'',	'',	NULL,	'123456789',	'',	''),
(35,	9,	3,	2,	'emelda',	'',	'',	'',	'',	NULL,	'123456789',	'',	''),
(36,	9,	4,	2,	'May',	'',	'',	'',	'',	NULL,	'123456789',	'',	''),
(37,	10,	1,	2,	'Aileen',	'',	'',	'',	'',	NULL,	'123456789',	'',	''),
(38,	10,	2,	2,	'Aileen',	'',	'',	'',	'',	NULL,	'123456789',	'',	''),
(39,	10,	3,	2,	'Aileen',	'',	'',	'',	'',	NULL,	'123456789',	'',	''),
(40,	10,	4,	2,	'Aileen',	'',	'',	'',	'',	NULL,	'123456789',	'',	''),
(41,	11,	1,	2,	'Bernelyn',	'',	'',	'',	'',	NULL,	'123456789',	'',	''),
(42,	11,	2,	2,	'Bernelyn',	'',	'',	'',	'',	NULL,	'123456789',	'',	''),
(43,	11,	3,	2,	'Bernelyn',	'',	'',	'',	'',	NULL,	'123456789',	'',	''),
(44,	11,	4,	2,	'Bernelyn',	'',	'',	'',	'',	NULL,	'123456789',	'',	''),
(45,	12,	1,	2,	'Fatima',	'',	'',	'',	'',	NULL,	'123456789',	'',	''),
(46,	12,	2,	2,	'Fatima',	'',	'',	'',	'',	NULL,	'123456789',	'',	''),
(47,	12,	3,	2,	'Fatima',	'',	'',	'',	'',	NULL,	'123456789',	'',	''),
(48,	12,	4,	2,	'Fatima',	'',	'',	'',	'',	NULL,	'123456789',	'',	''),
(49,	13,	1,	2,	'Grace',	'',	'',	'',	'',	NULL,	'123456789',	'',	''),
(50,	13,	2,	2,	'Grace',	'',	'',	'',	'',	NULL,	'123456789',	'',	''),
(51,	13,	3,	2,	'Grace',	'',	'',	'',	'',	NULL,	'123456789',	'',	''),
(52,	13,	4,	2,	'Grace',	'',	'',	'',	'',	NULL,	'123456789',	'',	''),
(53,	14,	1,	2,	'Marycris',	'',	'',	'',	'',	NULL,	'123456789',	'',	''),
(54,	14,	2,	2,	'Marycris',	'',	'',	'',	'',	NULL,	'123456789',	'',	''),
(55,	14,	3,	2,	'Marycris',	'',	'',	'',	'',	NULL,	'123456789',	'',	''),
(56,	14,	4,	2,	'Marycris',	'',	'',	'',	'',	NULL,	'123456789',	'',	''),
(57,	15,	1,	2,	'Taj',	'',	'',	'',	'',	NULL,	'000000020',	'',	''),
(58,	15,	2,	2,	'Taj',	'',	'',	'',	'',	NULL,	'000000020',	'',	''),
(59,	15,	3,	2,	'Taj',	'',	'',	'',	'',	NULL,	'000000020',	'',	''),
(60,	15,	4,	2,	'Taj',	'',	'',	'',	'',	NULL,	'000000020',	'',	''),
(61,	16,	1,	2,	'Sultan',	'',	'',	'',	'',	NULL,	'000000021',	'',	''),
(62,	16,	2,	2,	'Sultan',	'',	'',	'',	'',	NULL,	'000000021',	'',	''),
(63,	16,	3,	2,	'Sultan',	'',	'',	'',	'',	NULL,	'000000021',	'',	''),
(64,	16,	4,	2,	'Sultan',	'',	'',	'',	'',	NULL,	'000000021',	'',	''),
(65,	17,	1,	2,	'Lailanie',	'',	'',	'',	'',	NULL,	'12300356',	'',	''),
(66,	17,	2,	2,	'Lailanie',	'',	'',	'',	'',	NULL,	'12300356',	'',	''),
(67,	17,	3,	NULL,	'',	'',	'',	'',	'',	NULL,	'',	'',	''),
(68,	17,	4,	NULL,	'',	'',	'',	'',	'',	NULL,	'',	'',	''),
(69,	18,	1,	2,	'test1',	'',	'',	'',	'',	NULL,	'12345678',	'',	''),
(70,	18,	2,	2,	'test2',	'',	'',	'',	'',	NULL,	'12345678',	'',	''),
(71,	18,	3,	2,	'',	'',	'',	'',	'',	NULL,	'',	'',	''),
(72,	18,	4,	NULL,	'',	'',	'',	'',	'',	NULL,	'',	'',	''),
(73,	19,	1,	1,	'jabi',	'',	'',	'',	'',	NULL,	'51213764',	'',	''),
(74,	19,	2,	1,	'joan',	'',	'',	'',	'',	NULL,	'586935354',	'',	''),
(75,	19,	3,	NULL,	'',	'',	'',	'',	'',	NULL,	'',	'',	''),
(76,	19,	4,	NULL,	'',	'',	'',	'',	'',	NULL,	'',	'',	''),
(77,	20,	1,	2,	'kazhakuttam',	'33',	'techno street ',	'tvm',	'hyper',	NULL,	'234643',	'2234',	'friend'),
(78,	20,	2,	3,	'ooty',	'22',	'new street',	'abudhbi',	'kozhikode',	NULL,	'345345',	'3345',	'friend'),
(79,	20,	3,	1,	'test',	'44',	'rc street',	'kovai',	'nemam',	NULL,	'543267',	'2344235',	'friend'),
(80,	20,	4,	3,	'ajay',	'55',	'mj street',	'ngl',	'vandalur',	NULL,	'753476',	'5234124',	'friend'),
(81,	21,	1,	1,	'Sanjana',	'',	'Alis villa street',	'',	'',	NULL,	'76868989',	'',	''),
(82,	21,	2,	1,	'Sanu',	'',	'Sani',	'',	'',	NULL,	'7688668879',	'',	''),
(83,	21,	3,	NULL,	'',	'',	'',	'',	'',	NULL,	'',	'',	''),
(84,	21,	4,	NULL,	'',	'',	'',	'',	'',	NULL,	'',	'',	'');

DROP TABLE IF EXISTS `employee_documents`;
CREATE TABLE `employee_documents` (
  `employee_document_id` bigint NOT NULL AUTO_INCREMENT,
  `employee_id` int unsigned NOT NULL,
  `document_type_id` bigint DEFAULT NULL,
  `custom_document_name` varchar(255)  DEFAULT NULL,
  `document_number` varchar(255)  NOT NULL,
  `expiry_date` datetime DEFAULT NULL,
  `file_name` varchar(255)  NOT NULL,
  `created_at` datetime NOT NULL,
  `updated_at` datetime NOT NULL,
  `deleted_at` datetime DEFAULT NULL,
  PRIMARY KEY (`employee_document_id`),
  UNIQUE KEY `file_name` (`file_name`),
  KEY `document_type_id` (`document_type_id`),
  KEY `employee_id` (`employee_id`),
  CONSTRAINT `employee_documents_ibfk_1` FOREIGN KEY (`document_type_id`) REFERENCES `document_types` (`document_type_id`),
  CONSTRAINT `employee_documents_ibfk_2` FOREIGN KEY (`employee_id`) REFERENCES `maids` (`maid_id`)
) ENGINE=InnoDB DEFAULT CHARSET=utf8mb4 ;


DROP TABLE IF EXISTS `employee_skills`;
CREATE TABLE `employee_skills` (
  `employee_skill_id` int unsigned NOT NULL AUTO_INCREMENT,
  `employee_id` int unsigned NOT NULL,
  `skill_id` int unsigned NOT NULL,
  `rating_level_id` int unsigned NOT NULL,
  `notes` varchar(255)  DEFAULT NULL,
  `created_at` datetime NOT NULL,
  `updated_at` datetime NOT NULL,
  `deleted_at` datetime DEFAULT NULL,
  PRIMARY KEY (`employee_skill_id`),
  KEY `maid_id` (`employee_id`),
  KEY `skill_id` (`skill_id`),
  KEY `rating_level_id` (`rating_level_id`),
  CONSTRAINT `employee_skills_ibfk_1` FOREIGN KEY (`employee_id`) REFERENCES `maids` (`maid_id`),
  CONSTRAINT `employee_skills_ibfk_2` FOREIGN KEY (`skill_id`) REFERENCES `skills` (`skill_id`),
  CONSTRAINT `employee_skills_ibfk_3` FOREIGN KEY (`rating_level_id`) REFERENCES `rating_level` (`rating_level_id`)
) ENGINE=InnoDB DEFAULT CHARSET=utf8mb4 ;

INSERT INTO `employee_skills` (`employee_skill_id`, `employee_id`, `skill_id`, `rating_level_id`, `notes`, `created_at`, `updated_at`, `deleted_at`) VALUES
(1,	2,	2,	4,	'null',	'2023-07-29 11:03:55',	'2023-09-08 14:10:01',	NULL),
(2,	2,	5,	4,	NULL,	'2023-07-29 11:03:55',	'2023-09-08 14:10:01',	NULL),
(3,	2,	1,	4,	NULL,	'2023-07-29 11:03:55',	'2023-09-08 14:10:01',	NULL),
(4,	3,	2,	5,	NULL,	'2023-07-29 11:15:38',	'2023-09-08 14:11:57',	NULL),
(5,	3,	1,	5,	NULL,	'2023-07-29 11:15:38',	'2023-09-08 14:11:57',	NULL),
(6,	4,	3,	5,	'null',	'2023-07-29 11:22:43',	'2023-09-11 17:11:17',	NULL),
(7,	7,	2,	4,	NULL,	'2023-10-31 14:23:37',	'2023-10-31 14:23:37',	NULL),
(8,	7,	1,	3,	NULL,	'2023-10-31 14:23:37',	'2023-10-31 14:23:37',	NULL),
(9,	7,	3,	4,	NULL,	'2023-10-31 14:23:37',	'2023-10-31 14:23:37',	NULL),
(10,	9,	1,	4,	'123',	'2023-11-02 12:24:10',	'2023-11-14 16:20:16',	NULL),
(11,	14,	1,	5,	NULL,	'2023-11-02 14:29:01',	'2023-11-14 16:04:37',	NULL),
(12,	20,	3,	4,	'good',	'2023-11-16 09:51:43',	'2023-11-16 09:51:43',	NULL),
(13,	20,	4,	3,	'good',	'2023-11-16 09:51:43',	'2023-11-16 09:51:43',	NULL),
(14,	20,	5,	2,	'bad',	'2023-11-16 09:51:43',	'2023-11-16 09:51:43',	NULL),
(15,	21,	1,	5,	NULL,	'2023-11-16 16:39:12',	'2023-11-16 16:39:12',	NULL),
(16,	21,	2,	5,	NULL,	'2023-11-16 16:39:12',	'2023-11-16 16:39:12',	NULL);

DROP TABLE IF EXISTS `employee_types`;
CREATE TABLE `employee_types` (
  `employee_type_id` bigint NOT NULL AUTO_INCREMENT,
  `employee_type` varchar(255)  NOT NULL,
  `employee_ref_prefix` varchar(155)  NOT NULL,
  `created_at` datetime NOT NULL,
  `updated_at` datetime NOT NULL,
  `deleted_at` datetime DEFAULT NULL,
  PRIMARY KEY (`employee_type_id`),
  UNIQUE KEY `employee_type` (`employee_type`)
) ENGINE=InnoDB DEFAULT CHARSET=utf8mb4 ;

INSERT INTO `employee_types` (`employee_type_id`, `employee_type`, `employee_ref_prefix`, `created_at`, `updated_at`, `deleted_at`) VALUES
(1,	'Maid',	'MM-MAI-',	'2023-07-07 05:17:46',	'2023-07-07 05:17:46',	NULL),
(2,	'Driver',	'MM-DRI-',	'2023-07-07 05:18:03',	'2023-07-07 05:18:03',	NULL),
(3,	'Accountant',	'MM-ACC-',	'2023-07-07 05:18:46',	'2023-07-07 05:18:46',	NULL),
(4,	'Mechanic',	'MM-MEC-',	'2023-07-07 05:19:18',	'2023-07-07 05:19:18',	NULL);

DROP TABLE IF EXISTS `employeesDELETED`;
CREATE TABLE `employeesDELETED` (
  `employee_id` int NOT NULL AUTO_INCREMENT,
  `employee_name` varchar(100)  NOT NULL,
  `mobile` bigint NOT NULL,
  `phone` bigint NOT NULL,
  `gender` varchar(20)  NOT NULL,
  `email` varchar(100)  NOT NULL,
  `employee_type` int NOT NULL,
  `date_of_join` date NOT NULL,
  `passport_no` bigint NOT NULL,
  `passport_expire_date` date NOT NULL,
  `visa_no` bigint NOT NULL,
  `visa_expire_date` date NOT NULL,
  `uid` bigint NOT NULL,
  `created_at` datetime NOT NULL,
  `updated_at` datetime NOT NULL,
  `deleted_at` datetime DEFAULT NULL,
  PRIMARY KEY (`employee_id`)
) ENGINE=InnoDB DEFAULT CHARSET=utf8mb4 ;


DROP TABLE IF EXISTS `extra_services`;
CREATE TABLE `extra_services` (
  `id` int NOT NULL AUTO_INCREMENT,
  `service` varchar(150)  DEFAULT NULL,
  `duration` varchar(100)  DEFAULT NULL,
  `cost` varchar(100)  DEFAULT NULL,
  `image_url` varchar(200)  DEFAULT NULL,
  `status` varchar(50)  DEFAULT NULL COMMENT '0-On,1-Off',
  `app_image_url` varchar(1000)  DEFAULT NULL,
  PRIMARY KEY (`id`),
  KEY `status` (`status`)
) ENGINE=InnoDB DEFAULT CHARSET=utf8mb4 ;

INSERT INTO `extra_services` (`id`, `service`, `duration`, `cost`, `image_url`, `status`, `app_image_url`) VALUES
(1,	'Fridge Cleaning',	'30',	'0',	'fridge.png',	'0',	NULL),
(2,	'Ironing',	'30',	'0',	'ironing.png',	'0',	NULL),
(3,	'Oven Cleaning',	'30',	'0',	'oven.png',	'0',	NULL),
(4,	'Interior Windows',	'60',	'0',	'interior.png',	'0',	NULL);

DROP TABLE IF EXISTS `flats`;
CREATE TABLE `flats` (
  `flat_id` int NOT NULL AUTO_INCREMENT,
  `odoo_flat_id` int DEFAULT NULL,
  `flat_name` varchar(110)  NOT NULL,
  `tablet_imei` varchar(50)  NOT NULL,
  `flat_status` tinyint(1) NOT NULL COMMENT '0 - Not Active, 1 - Active',
  `odoo_new_flat_id` bigint unsigned DEFAULT NULL,
  `odoo_new_syncflat_status` tinyint(1) DEFAULT '0',
  `odoo_package_flat_id` int DEFAULT '0',
  `odoo_package_flat_status` tinyint(1) DEFAULT '0',
  PRIMARY KEY (`flat_id`),
  KEY `tablet_imei` (`tablet_imei`)
) ENGINE=InnoDB DEFAULT CHARSET=utf8mb4 ;

INSERT INTO `flats` (`flat_id`, `odoo_flat_id`, `flat_name`, `tablet_imei`, `flat_status`, `odoo_new_flat_id`, `odoo_new_syncflat_status`, `odoo_package_flat_id`, `odoo_package_flat_status`) VALUES
(1,	NULL,	'Flat 1',	'Test 1',	1,	NULL,	0,	0,	0),
(2,	NULL,	'flat 2',	'55553535',	1,	NULL,	0,	0,	0);

DROP TABLE IF EXISTS `genders`;
CREATE TABLE `genders` (
  `gender_id` int unsigned NOT NULL AUTO_INCREMENT,
  `gender` varchar(15) NOT NULL,
  `deleted_at` int DEFAULT NULL,
  PRIMARY KEY (`gender_id`)
) ENGINE=InnoDB DEFAULT CHARSET=utf8mb4 ;

INSERT INTO `genders` (`gender_id`, `gender`, `deleted_at`) VALUES
(1,	'Male',	NULL),
(2,	'Female',	NULL),
(3,	'Transgender',	NULL),
(4,	'Other',	NULL),
(5,	'Not Specify',	NULL);

DROP TABLE IF EXISTS `incentives`;
CREATE TABLE `incentives` (
  `incentive_id` bigint NOT NULL AUTO_INCREMENT,
  `incentive_booking_id` bigint DEFAULT NULL,
  `incentive_b_time_from` time DEFAULT NULL,
  `incentive_b_time_to` time DEFAULT NULL,
  `incentive_service_date` date DEFAULT NULL,
  `incentive_cust_name` varchar(250)  DEFAULT NULL,
  `incentive_cust_address` mediumtext ,
  `incentive_for` int DEFAULT NULL COMMENT '0- Crew , 1 - Aggregator',
  `incentive_user_id` bigint DEFAULT NULL,
  `incentive_user_name` varchar(100)  DEFAULT NULL,
  `incentive_type` varchar(100)  DEFAULT NULL,
  `incentive_value` float DEFAULT NULL,
  `incentive_amount` float DEFAULT NULL,
  `incentive_added_by` bigint DEFAULT NULL,
  `incentive_added_datetime` datetime DEFAULT NULL,
  `incentive_status` int NOT NULL DEFAULT '1',
  PRIMARY KEY (`incentive_id`)
) ENGINE=InnoDB DEFAULT CHARSET=utf8mb4 ;


DROP TABLE IF EXISTS `invoice`;
CREATE TABLE `invoice` (
  `invoice_id` bigint NOT NULL AUTO_INCREMENT,
  `invoice_num` varchar(100)  NOT NULL,
  `customer_id` bigint unsigned NOT NULL,
  `day_service_id` bigint unsigned DEFAULT NULL,
  `invoice_status` tinyint(1) NOT NULL DEFAULT '0' COMMENT '0 - not paid, 1 - paid',
  `added` timestamp NOT NULL DEFAULT CURRENT_TIMESTAMP ON UPDATE CURRENT_TIMESTAMP,
  `booking_id` bigint unsigned DEFAULT NULL,
  `service_date` date NOT NULL,
  `invoice_date` date DEFAULT NULL,
  `invoice_due_date` date NOT NULL,
  `billed_amount` varchar(50)  DEFAULT NULL,
  `received_amount` varchar(50)  DEFAULT NULL,
  `balance_amount` varchar(100)  NOT NULL,
  `invoice_notes` longtext ,
  `customer_name` varchar(1500)  DEFAULT NULL,
  `bill_address` varchar(1500)  DEFAULT NULL,
  `invoice_type` tinyint NOT NULL DEFAULT '1' COMMENT '1 ADD normal , 2 ADD monthly',
  `invoice_month` tinyint NOT NULL DEFAULT '0',
  `invoice_paid_status` tinyint(1) NOT NULL DEFAULT '0',
  `invoice_total_discount` float(10,2) NOT NULL DEFAULT '0.00',
  `invoice_total_amount` float(10,2) NOT NULL DEFAULT '0.00',
  `invoice_tax_amount` float(10,2) NOT NULL DEFAULT '0.00',
  `invoice_net_amount` float(10,2) NOT NULL DEFAULT '0.00',
  `invoice_added_by` int DEFAULT NULL,
  `invoice_mail_content` varchar(500)  DEFAULT NULL,
  `invoice_mail_status` tinyint NOT NULL DEFAULT '0',
  `invoice_qb_id` bigint NOT NULL DEFAULT '0',
  `invoice_qb_syncId` bigint DEFAULT NULL,
  `invoice_qb_sync_stat` tinyint NOT NULL DEFAULT '0',
  `quickbook_sync_show_status` tinyint(1) NOT NULL DEFAULT '1',
  `signature_status` tinyint(1) NOT NULL DEFAULT '0',
  `signature_image` varchar(1500)  DEFAULT NULL,
  `pdf_status` tinyint(1) NOT NULL DEFAULT '0',
  `pdf_link` mediumtext ,
  PRIMARY KEY (`invoice_id`),
  KEY `invoice_status` (`invoice_status`),
  KEY `invoice_date` (`invoice_date`),
  KEY `day_service_id` (`day_service_id`),
  KEY `added` (`added`),
  KEY `customer_id` (`customer_id`),
  KEY `booking_id` (`booking_id`),
  KEY `invoice_added_by` (`invoice_added_by`),
  KEY `invoiceQbSyncId` (`invoice_qb_syncId`),
  KEY `quickbookSyncShowStatus` (`quickbook_sync_show_status`),
  CONSTRAINT `invoice_ibfk_1` FOREIGN KEY (`customer_id`) REFERENCES `customers` (`customer_id`),
  CONSTRAINT `invoice_ibfk_2` FOREIGN KEY (`day_service_id`) REFERENCES `day_services` (`day_service_id`),
  CONSTRAINT `invoice_ibfk_3` FOREIGN KEY (`booking_id`) REFERENCES `bookings` (`booking_id`),
  CONSTRAINT `invoice_ibfk_4` FOREIGN KEY (`invoice_added_by`) REFERENCES `users` (`user_id`)
) ENGINE=InnoDB DEFAULT CHARSET=utf8mb4 ;


DROP TABLE IF EXISTS `invoice_line_items`;
CREATE TABLE `invoice_line_items` (
  `invoice_line_id` bigint unsigned NOT NULL AUTO_INCREMENT,
  `invoice_id` bigint NOT NULL,
  `day_service_id` bigint unsigned DEFAULT NULL,
  `day_service_reference` varchar(100)  DEFAULT NULL,
  `monthly_product_service` varchar(250)  DEFAULT NULL,
  `maid_id` int unsigned DEFAULT NULL,
  `maid_name` varchar(1000)  DEFAULT NULL,
  `service_from_time` time NOT NULL,
  `service_to_time` time NOT NULL,
  `line_bill_address` varchar(1500)  DEFAULT NULL,
  `description` varchar(1500)  DEFAULT NULL,
  `service_hrs` varchar(10)  DEFAULT NULL,
  `inv_unit_price` float(10,2) NOT NULL DEFAULT '0.00',
  `line_discount` float(10,2) NOT NULL DEFAULT '0.00',
  `line_amount` float(10,2) NOT NULL DEFAULT '0.00',
  `line_vat_amount` float(10,2) NOT NULL DEFAULT '0.00',
  `line_net_amount` float(10,2) NOT NULL DEFAULT '0.00',
  `line_status` tinyint(1) NOT NULL DEFAULT '1',
  PRIMARY KEY (`invoice_line_id`),
  KEY `line_status_idx1` (`day_service_id`),
  KEY `line_status_idx2` (`maid_id`),
  KEY `line_status_idx3` (`line_status`),
  KEY `invoice_id` (`invoice_id`),
  CONSTRAINT `invoice_line_items_ibfk_1` FOREIGN KEY (`invoice_id`) REFERENCES `invoice` (`invoice_id`),
  CONSTRAINT `invoice_line_items_ibfk_2` FOREIGN KEY (`day_service_id`) REFERENCES `day_services` (`day_service_id`),
  CONSTRAINT `invoice_line_items_ibfk_3` FOREIGN KEY (`maid_id`) REFERENCES `maids` (`maid_id`)
) ENGINE=InnoDB DEFAULT CHARSET=utf8mb4 ;


DROP TABLE IF EXISTS `invoices_monthly_advanced`;
CREATE TABLE `invoices_monthly_advanced` (
  `id` int NOT NULL AUTO_INCREMENT,
  `reference` varchar(255)  DEFAULT NULL,
  `for_year_month` date NOT NULL,
  `customer_id` bigint unsigned NOT NULL,
  `issue_date` date NOT NULL,
  `due_date` date NOT NULL,
  `customer_name` varchar(255)  NOT NULL,
  `billing_address` text  NOT NULL,
  `net_amount` decimal(10,2) DEFAULT NULL,
  `vat_charge` decimal(10,2) DEFAULT NULL,
  `total_amount` decimal(10,2) DEFAULT NULL,
  `invoice_added_by` bigint unsigned NOT NULL,
  `invoice_paid_status` tinyint(1) NOT NULL DEFAULT '0' COMMENT '0  - Not Paid, 1 - Paid, 2 -  Partially Paid',
  `validation_status` tinyint NOT NULL DEFAULT '0' COMMENT '1 - Validated, 0 - Not Validated',
  `validated_at` datetime DEFAULT NULL,
  `status` tinyint(1) NOT NULL DEFAULT '1' COMMENT '1 - Active, 0 - Cancelled',
  `created_at` timestamp NOT NULL DEFAULT CURRENT_TIMESTAMP,
  `updated_at` datetime DEFAULT NULL ON UPDATE CURRENT_TIMESTAMP,
  PRIMARY KEY (`id`),
  UNIQUE KEY `reference` (`reference`),
  KEY `customer_id` (`customer_id`),
  KEY `invoice_added_by` (`invoice_added_by`),
  CONSTRAINT `invoices_monthly_advanced_ibfk_1` FOREIGN KEY (`customer_id`) REFERENCES `customers` (`customer_id`),
  CONSTRAINT `invoices_monthly_advanced_ibfk_2` FOREIGN KEY (`invoice_added_by`) REFERENCES `customers` (`customer_id`)
) ENGINE=InnoDB DEFAULT CHARSET=utf8mb4 ;


DROP TABLE IF EXISTS `invoices_monthly_advanced_line_items`;
CREATE TABLE `invoices_monthly_advanced_line_items` (
  `id` int NOT NULL AUTO_INCREMENT,
  `invoice_id` int NOT NULL,
  `booking_id` bigint unsigned NOT NULL,
  `service_date` date NOT NULL,
  `day_service_id` bigint unsigned DEFAULT NULL,
  `description` varchar(255)  DEFAULT NULL,
  `price_per_hr` decimal(10,2) DEFAULT NULL,
  `discount_price_per_hr` decimal(10,2) DEFAULT NULL,
  `net_service_cost` decimal(10,2) DEFAULT NULL,
  `discount` decimal(10,2) DEFAULT NULL,
  `service_charge` decimal(10,2) DEFAULT NULL,
  `cleaning_material_fee` decimal(10,2) DEFAULT NULL,
  `vat_charge` decimal(10,2) DEFAULT NULL,
  `total_amount` decimal(10,2) DEFAULT NULL,
  PRIMARY KEY (`id`),
  KEY `booking_id` (`booking_id`),
  KEY `invoice_id` (`invoice_id`),
  KEY `day_service_id` (`day_service_id`),
  CONSTRAINT `invoices_monthly_advanced_line_items_ibfk_2` FOREIGN KEY (`booking_id`) REFERENCES `bookings` (`booking_id`),
  CONSTRAINT `invoices_monthly_advanced_line_items_ibfk_3` FOREIGN KEY (`invoice_id`) REFERENCES `invoices_monthly_advanced` (`id`),
  CONSTRAINT `invoices_monthly_advanced_line_items_ibfk_4` FOREIGN KEY (`day_service_id`) REFERENCES `day_services` (`day_service_id`)
) ENGINE=InnoDB DEFAULT CHARSET=utf8mb4 ;


DROP TABLE IF EXISTS `ipad_login`;
CREATE TABLE `ipad_login` (
  `id` int NOT NULL AUTO_INCREMENT,
  `manager_id` int NOT NULL,
  `device_token` varchar(100)  NOT NULL,
  `status` tinyint(1) NOT NULL COMMENT '0-out, 1-in',
  `last_login_date` timestamp NOT NULL DEFAULT CURRENT_TIMESTAMP ON UPDATE CURRENT_TIMESTAMP,
  PRIMARY KEY (`id`)
) ENGINE=InnoDB DEFAULT CHARSET=utf8mb4 ;


DROP TABLE IF EXISTS `ipad_manager`;
CREATE TABLE `ipad_manager` (
  `manager_id` int NOT NULL AUTO_INCREMENT,
  `user_name` varchar(20)  NOT NULL,
  `password` varchar(20)  NOT NULL,
  `status` int NOT NULL,
  PRIMARY KEY (`manager_id`)
) ENGINE=InnoDB DEFAULT CHARSET=utf8mb4 ;

INSERT INTO `ipad_manager` (`manager_id`, `user_name`, `password`, `status`) VALUES
(1,	'admin',	'admin',	1);

DROP TABLE IF EXISTS `ipad_users`;
CREATE TABLE `ipad_users` (
  `user_id` int NOT NULL AUTO_INCREMENT,
  `user_name` varchar(20)  NOT NULL,
  `password` varchar(20)  NOT NULL,
  `status` int NOT NULL,
  PRIMARY KEY (`user_id`)
) ENGINE=InnoDB DEFAULT CHARSET=utf8mb4 ;

INSERT INTO `ipad_users` (`user_id`, `user_name`, `password`, `status`) VALUES
(1,	'admin',	'admin@2020#',	1);

DROP TABLE IF EXISTS `iphone_admin`;
CREATE TABLE `iphone_admin` (
  `id` int unsigned NOT NULL AUTO_INCREMENT,
  `uname` varchar(25)  NOT NULL,
  `pword` varchar(25)  NOT NULL,
  PRIMARY KEY (`id`)
) ENGINE=InnoDB DEFAULT CHARSET=utf8mb4 ;


DROP TABLE IF EXISTS `iphone_deviceid`;
CREATE TABLE `iphone_deviceid` (
  `id` int unsigned NOT NULL AUTO_INCREMENT,
  `token` varchar(250)  NOT NULL,
  PRIMARY KEY (`id`)
) ENGINE=InnoDB DEFAULT CHARSET=utf8mb4 ;


DROP TABLE IF EXISTS `justmop_ref`;
CREATE TABLE `justmop_ref` (
  `id` int NOT NULL AUTO_INCREMENT,
  `booking_id` bigint unsigned DEFAULT NULL,
  `just_mop_ref` varchar(200)  DEFAULT NULL,
  `mop` varchar(200)  DEFAULT NULL,
  `ref` varchar(200)  DEFAULT NULL,
  `service_date` date DEFAULT NULL,
  PRIMARY KEY (`id`),
  KEY `booking_id` (`booking_id`,`service_date`) USING BTREE,
  CONSTRAINT `justmop_ref_ibfk_1` FOREIGN KEY (`booking_id`) REFERENCES `bookings` (`booking_id`)
) ENGINE=InnoDB DEFAULT CHARSET=utf8mb4 ;


DROP TABLE IF EXISTS `landmarks`;
CREATE TABLE `landmarks` (
  `landmark_id` int NOT NULL AUTO_INCREMENT,
  `location_id` int NOT NULL,
  `landmark_name` varchar(255) NOT NULL,
  `description` varchar(255) DEFAULT NULL,
  `created_at` datetime NOT NULL,
  `updated_at` datetime NOT NULL,
  `deleted_at` datetime DEFAULT NULL,
  PRIMARY KEY (`landmark_id`),
  UNIQUE KEY `location_id_landmark_name` (`location_id`,`landmark_name`),
  KEY `location_id` (`location_id`),
  CONSTRAINT `landmarks_ibfk_1` FOREIGN KEY (`location_id`) REFERENCES `locations` (`location_id`)
) ENGINE=InnoDB DEFAULT CHARSET=utf8mb4 ;

INSERT INTO `landmarks` (`landmark_id`, `location_id`, `landmark_name`, `description`, `created_at`, `updated_at`, `deleted_at`) VALUES
(11,	34,	'BLDG-04',	NULL,	'2023-11-02 14:19:17',	'2023-11-02 14:19:17',	'2023-11-14 15:49:46'),
(12,	35,	'BLDG-04',	NULL,	'2023-11-02 14:22:16',	'2023-11-02 14:22:16',	NULL),
(13,	37,	'PACIFIC BLDG',	NULL,	'2023-11-02 14:26:19',	'2023-11-02 14:26:19',	NULL),
(14,	37,	'BALTIC BLDG',	NULL,	'2023-11-02 14:26:49',	'2023-11-02 14:26:49',	NULL),
(15,	38,	'SPRINGS-04',	NULL,	'2023-11-02 14:33:18',	'2023-11-02 14:33:18',	NULL),
(16,	38,	'SPRINGS-07',	NULL,	'2023-11-02 14:33:46',	'2023-11-02 14:33:46',	NULL),
(17,	39,	'MIRABELLA-06',	NULL,	'2023-11-02 14:42:05',	'2023-11-02 14:42:05',	NULL),
(18,	40,	'BLDG-03',	NULL,	'2023-11-02 14:43:10',	'2023-11-02 14:43:10',	NULL),
(19,	42,	'GOLD CREST EXECUTIVE TOWER',	NULL,	'2023-11-02 14:48:04',	'2023-11-02 14:48:04',	NULL),
(20,	39,	'FORTUNATO BLDG',	NULL,	'2023-11-02 14:50:25',	'2023-11-02 14:50:25',	NULL),
(21,	43,	'DEVINE VILLAS',	NULL,	'2023-11-02 14:54:27',	'2023-11-02 14:54:27',	NULL),
(22,	57,	'TOWER-08',	'OLD SOFT WARE- BURJ RESIDENCE TOWER 8',	'2023-11-02 15:17:22',	'2023-11-02 16:43:10',	NULL),
(23,	46,	'BLDG-03',	NULL,	'2023-11-02 15:24:56',	'2023-11-02 15:24:56',	NULL),
(24,	52,	'BLDG-01',	NULL,	'2023-11-02 15:52:13',	'2023-11-02 15:52:13',	NULL),
(25,	55,	'BLDG-C',	NULL,	'2023-11-02 16:00:43',	'2023-11-02 16:00:43',	NULL),
(26,	56,	'BLDG-A2',	NULL,	'2023-11-02 16:03:05',	'2023-11-02 16:03:05',	NULL),
(27,	57,	'TOWER-1',	NULL,	'2023-11-02 16:08:37',	'2023-11-02 16:08:37',	NULL),
(28,	59,	'GREENS BLDG-4',	NULL,	'2023-11-02 16:14:17',	'2023-11-02 16:14:17',	NULL),
(29,	61,	'BLDG-02',	NULL,	'2023-11-02 16:17:42',	'2023-11-02 16:17:42',	NULL),
(30,	62,	'TOWER-C1',	'',	'2023-11-02 16:18:58',	'2023-11-02 16:19:39',	NULL),
(31,	63,	'TOWER-1',	NULL,	'2023-11-02 16:25:25',	'2023-11-02 16:25:25',	NULL),
(32,	64,	'TOWER-B',	NULL,	'2023-11-02 16:27:50',	'2023-11-02 16:27:50',	NULL),
(33,	65,	'RUBY BLDG',	NULL,	'2023-11-02 16:28:36',	'2023-11-02 16:28:36',	NULL),
(34,	66,	'TOWER-1',	NULL,	'2023-11-02 16:29:26',	'2023-11-02 16:29:26',	NULL),
(35,	68,	'NORTH TOWER',	NULL,	'2023-11-02 16:31:25',	'2023-11-02 16:31:25',	NULL),
(36,	70,	'ZULAL-1',	NULL,	'2023-11-02 16:33:01',	'2023-11-02 16:33:01',	NULL),
(37,	71,	'BLDG-08',	NULL,	'2023-11-02 16:33:49',	'2023-11-02 16:33:49',	NULL),
(38,	74,	'MURJAN-1',	NULL,	'2023-11-02 16:39:26',	'2023-11-02 16:39:26',	NULL),
(39,	57,	'TOWER-05',	'',	'2023-11-02 16:40:18',	'2023-11-02 16:42:59',	NULL),
(40,	45,	'TOWER-08',	NULL,	'2023-11-02 16:47:42',	'2023-11-02 16:47:42',	NULL),
(41,	45,	'TOWER-05',	NULL,	'2023-11-02 16:47:52',	'2023-11-02 16:47:52',	NULL),
(42,	75,	'CLUSTER-C',	NULL,	'2023-11-02 16:53:00',	'2023-11-02 16:53:00',	NULL),
(43,	77,	'J2 TOWER',	NULL,	'2023-11-02 16:55:29',	'2023-11-02 16:55:29',	NULL),
(44,	78,	'J8-BLDG',	NULL,	'2023-11-02 16:57:17',	'2023-11-02 16:57:17',	NULL),
(45,	78,	'BAHIA -2',	NULL,	'2023-11-02 16:59:08',	'2023-11-02 16:59:08',	NULL),
(46,	81,	'ATTESA TOWER',	NULL,	'2023-11-02 17:03:11',	'2023-11-02 17:03:11',	NULL),
(47,	82,	'BLDG-19A',	NULL,	'2023-11-02 17:04:38',	'2023-11-02 17:04:38',	NULL),
(48,	38,	'SPRINGS-08',	NULL,	'2023-11-02 17:06:06',	'2023-11-02 17:06:06',	NULL),
(49,	85,	'AL THAYAL-04',	NULL,	'2023-11-14 14:35:14',	'2023-11-14 14:35:14',	NULL),
(50,	71,	'BLDG-14',	NULL,	'2023-11-14 14:37:17',	'2023-11-14 14:37:17',	NULL),
(51,	88,	'LAKE VIEW TOWER',	NULL,	'2023-11-14 14:38:50',	'2023-11-14 14:38:50',	NULL),
(52,	91,	'MIRA-03',	NULL,	'2023-11-14 14:42:10',	'2023-11-14 14:42:10',	NULL),
(53,	38,	'SPRINGS-14',	NULL,	'2023-11-14 14:42:49',	'2023-11-14 14:42:49',	NULL),
(54,	92,	'ARABELLA-02',	NULL,	'2023-11-14 14:45:43',	'2023-11-14 14:45:43',	NULL),
(55,	92,	'ARABELLA-03',	NULL,	'2023-11-14 14:46:30',	'2023-11-14 14:46:30',	NULL);

DROP TABLE IF EXISTS `lead_management_list`;
CREATE TABLE `lead_management_list` (
  `lead_id` bigint unsigned NOT NULL AUTO_INCREMENT,
  `customer_name` varchar(100)  NOT NULL,
  `customer_email` varchar(50)  DEFAULT NULL,
  `customer_phone` varchar(25)  NOT NULL,
  `customer_address` varchar(500)  DEFAULT NULL,
  `contacted_date` date DEFAULT NULL,
  `followup_date` varchar(10)  DEFAULT NULL,
  `followup_comment` varchar(1500)  DEFAULT NULL,
  `next_follow_update` varchar(10)  DEFAULT NULL,
  `service_type` int NOT NULL,
  `service_name` varchar(100)  DEFAULT NULL,
  `source` varchar(50)  DEFAULT NULL,
  `lead_type` varchar(50)  DEFAULT NULL,
  `timeline` varchar(50)  DEFAULT NULL,
  `quote` float DEFAULT NULL,
  `comments` mediumtext ,
  `lead_status` tinyint(1) NOT NULL DEFAULT '0',
  `status` tinyint(1) NOT NULL DEFAULT '0',
  `added_date_time` datetime DEFAULT NULL,
  `updated_datetime` datetime DEFAULT NULL,
  `converted_datetime` datetime DEFAULT NULL,
  PRIMARY KEY (`lead_id`)
) ENGINE=InnoDB DEFAULT CHARSET=utf8mb4 ;


DROP TABLE IF EXISTS `locations`;
CREATE TABLE `locations` (
  `location_id` int NOT NULL AUTO_INCREMENT,
  `area_id` int NOT NULL,
  `location_name` varchar(150)  NOT NULL,
  `min_booking_hour` decimal(4,2) DEFAULT NULL,
  `description` varchar(200)  DEFAULT NULL,
  `longitude` varchar(100)  DEFAULT NULL,
  `latitude` varchar(100)  DEFAULT NULL,
  `created_at` datetime NOT NULL DEFAULT CURRENT_TIMESTAMP,
  `updated_at` datetime NOT NULL DEFAULT CURRENT_TIMESTAMP,
  `deleted_at` datetime DEFAULT NULL,
  PRIMARY KEY (`location_id`),
  UNIQUE KEY `area_id_location_name` (`area_id`,`location_name`),
  CONSTRAINT `locations_ibfk_1` FOREIGN KEY (`area_id`) REFERENCES `areas` (`area_id`)
) ENGINE=InnoDB DEFAULT CHARSET=utf8mb4 ;

INSERT INTO `locations` (`location_id`, `area_id`, `location_name`, `min_booking_hour`, `description`, `longitude`, `latitude`, `created_at`, `updated_at`, `deleted_at`) VALUES
(25,	30,	'New',	NULL,	NULL,	NULL,	NULL,	'2023-11-02 13:02:56',	'2023-11-02 13:05:06',	'2023-11-02 13:05:30'),
(26,	30,	'12 VILLAS COMPOUND',	NULL,	NULL,	NULL,	NULL,	'2023-11-02 13:03:17',	'2023-11-02 13:03:17',	'2023-11-02 13:05:33'),
(27,	30,	'17 VILLAS COMPOUND',	NULL,	NULL,	NULL,	NULL,	'2023-11-02 13:03:34',	'2023-11-02 13:03:34',	'2023-11-02 13:05:36'),
(28,	28,	'10 VILLAS COMPOUND',	3.00,	NULL,	NULL,	NULL,	'2023-11-02 13:05:45',	'2023-11-14 13:00:31',	NULL),
(29,	28,	'12 VILLAS COMPOUND',	3.00,	NULL,	NULL,	NULL,	'2023-11-02 13:05:53',	'2023-11-14 13:00:38',	NULL),
(30,	28,	'17 VILLAS COMPOUND',	3.00,	NULL,	NULL,	NULL,	'2023-11-02 13:06:06',	'2023-11-14 13:00:44',	NULL),
(31,	28,	'33 VILLAS COMPOUND',	3.00,	NULL,	NULL,	NULL,	'2023-11-02 13:06:23',	'2023-11-14 13:00:51',	NULL),
(32,	31,	'VILLA LANTANA 1',	3.00,	NULL,	NULL,	NULL,	'2023-11-02 13:07:20',	'2023-11-14 12:59:52',	NULL),
(33,	32,	'DANIA ARJAN/BLOCK A',	3.00,	NULL,	NULL,	NULL,	'2023-11-02 13:08:04',	'2023-11-14 13:00:07',	NULL),
(34,	34,	'SPRINGS-04',	NULL,	NULL,	NULL,	NULL,	'2023-11-02 14:19:04',	'2023-11-02 14:20:52',	'2023-11-14 15:50:21'),
(35,	35,	'MARINA RESIDENCE',	2.00,	NULL,	NULL,	NULL,	'2023-11-02 14:22:06',	'2023-11-14 13:13:48',	NULL),
(36,	36,	'SMART HEIGHTS TOWER',	2.00,	NULL,	NULL,	NULL,	'2023-11-02 14:24:50',	'2023-11-14 13:01:02',	NULL),
(37,	35,	'OCEANA RESIDENCE',	2.00,	NULL,	NULL,	NULL,	'2023-11-02 14:25:45',	'2023-11-14 13:13:56',	NULL),
(38,	37,	'SPRINGS',	2.00,	NULL,	NULL,	NULL,	'2023-11-02 14:32:51',	'2023-11-14 13:01:20',	NULL),
(39,	38,	'DISTRICT-11',	3.00,	NULL,	NULL,	NULL,	'2023-11-02 14:41:29',	'2023-11-14 13:18:33',	NULL),
(40,	39,	'BLUE WATER ISLAND',	3.00,	NULL,	NULL,	NULL,	'2023-11-02 14:43:01',	'2023-11-14 13:09:00',	NULL),
(41,	39,	'DUSIT PRINCESS RESIDENCE',	2.00,	NULL,	NULL,	NULL,	'2023-11-02 14:45:52',	'2023-11-14 13:09:21',	NULL),
(42,	40,	'CLUSTER-C',	2.00,	NULL,	NULL,	NULL,	'2023-11-02 14:47:19',	'2023-11-14 13:13:30',	NULL),
(43,	38,	'DISTRICT-14',	3.00,	NULL,	NULL,	NULL,	'2023-11-02 14:50:53',	'2023-11-14 13:18:41',	NULL),
(44,	41,	'KHAFAJY BLDG',	2.00,	'IN OLD SOFTWARE -KHAFADY BLDG',	NULL,	NULL,	'2023-11-02 15:03:42',	'2023-11-14 13:17:28',	NULL),
(45,	56,	'THE RESIDENCE',	2.00,	'OLD SOFTWARE -BURJ RESIDENCE',	NULL,	NULL,	'2023-11-02 15:15:44',	'2023-11-14 13:15:57',	NULL),
(46,	43,	'DUBAI DESIGN DISTRICT',	2.00,	NULL,	NULL,	NULL,	'2023-11-02 15:24:47',	'2023-11-14 13:18:05',	NULL),
(47,	42,	'BURJ AL NAJOOM',	2.00,	NULL,	NULL,	NULL,	'2023-11-02 15:30:00',	'2023-11-14 13:16:25',	NULL),
(48,	39,	'DAMAC HEIGHTS',	2.00,	NULL,	NULL,	NULL,	'2023-11-02 15:30:51',	'2023-11-14 13:09:12',	NULL),
(49,	44,	'SAMARA',	3.00,	NULL,	NULL,	NULL,	'2023-11-02 15:38:12',	'2023-11-14 13:18:27',	NULL),
(50,	44,	'CASA',	3.00,	NULL,	NULL,	NULL,	'2023-11-02 15:38:25',	'2023-11-14 13:18:20',	NULL),
(51,	45,	'MANAZEL AL SAFA TOWER',	2.00,	NULL,	NULL,	NULL,	'2023-11-02 15:41:16',	'2023-11-14 13:16:10',	NULL),
(52,	46,	'ZAAFARAN',	2.00,	NULL,	NULL,	NULL,	'2023-11-02 15:52:05',	'2023-11-14 13:17:35',	NULL),
(53,	47,	'MEYDAN SOUTH VILLAS',	3.00,	NULL,	NULL,	NULL,	'2023-11-02 15:53:32',	'2023-11-14 13:17:11',	NULL),
(54,	48,	'TERRACES COMPOUND',	3.00,	NULL,	NULL,	NULL,	'2023-11-02 15:59:32',	'2023-11-14 13:15:04',	NULL),
(55,	49,	'GARDENIA RESIDENCE',	3.00,	NULL,	NULL,	NULL,	'2023-11-02 16:00:33',	'2023-11-14 13:14:29',	NULL),
(56,	49,	'MULBERRY-2',	3.00,	NULL,	NULL,	NULL,	'2023-11-02 16:01:46',	'2023-11-14 13:14:36',	NULL),
(57,	42,	'BOULEVARD HEIGHTS',	2.00,	NULL,	NULL,	NULL,	'2023-11-02 16:08:24',	'2023-11-14 13:16:18',	NULL),
(58,	45,	'ENI CORAL TOWER',	2.00,	NULL,	NULL,	NULL,	'2023-11-02 16:12:29',	'2023-11-14 13:16:04',	NULL),
(59,	47,	'SOBHA HARTLAND',	3.00,	NULL,	NULL,	NULL,	'2023-11-02 16:14:00',	'2023-11-14 13:15:22',	NULL),
(60,	50,	'WAFI RESIDENCE',	2.00,	'IN OLD SOFTWARE-UNDER KARAMA AREA',	NULL,	NULL,	'2023-11-02 16:16:42',	'2023-11-14 13:17:56',	NULL),
(61,	51,	'KAMARIAN BLDG',	2.00,	NULL,	NULL,	NULL,	'2023-11-02 16:17:34',	'2023-11-14 13:17:42',	NULL),
(62,	52,	'VIDA RESIDENCE',	2.00,	NULL,	NULL,	NULL,	'2023-11-02 16:18:47',	'2023-11-14 13:08:32',	NULL),
(63,	42,	'SOUTH RIDGE',	2.00,	NULL,	NULL,	NULL,	'2023-11-02 16:25:08',	'2023-11-14 13:17:22',	NULL),
(64,	39,	'SILVERENE TOWER',	2.00,	NULL,	NULL,	NULL,	'2023-11-02 16:27:41',	'2023-11-14 13:12:22',	NULL),
(65,	35,	'TIARA RESIDENCE',	2.00,	NULL,	NULL,	NULL,	'2023-11-02 16:28:25',	'2023-11-14 13:14:07',	NULL),
(66,	39,	'MARINA GATE',	2.00,	NULL,	NULL,	NULL,	'2023-11-02 16:29:17',	'2023-11-14 13:11:59',	NULL),
(67,	39,	'OCEAN HEIGHTS',	2.00,	NULL,	NULL,	NULL,	'2023-11-02 16:29:56',	'2023-11-14 13:12:12',	NULL),
(68,	53,	'FAIRWAYS TOWERS',	2.00,	NULL,	NULL,	NULL,	'2023-11-02 16:31:09',	'2023-11-14 13:01:27',	NULL),
(69,	54,	'BLDG-87',	3.00,	NULL,	NULL,	NULL,	'2023-11-02 16:32:28',	'2023-11-14 13:14:16',	NULL),
(70,	37,	'LAKES',	2.00,	NULL,	NULL,	NULL,	'2023-11-02 16:32:50',	'2023-11-14 13:01:13',	NULL),
(71,	35,	'SHORELINE BLDGS',	2.00,	NULL,	NULL,	NULL,	'2023-11-02 16:33:39',	'2023-11-14 14:39:15',	NULL),
(72,	39,	'MARINA ARCADE TOWER',	2.00,	NULL,	NULL,	NULL,	'2023-11-02 16:35:50',	'2023-11-14 13:11:52',	NULL),
(73,	55,	'CLUSTER-1',	3.00,	NULL,	NULL,	NULL,	'2023-11-02 16:38:07',	'2023-11-14 13:19:00',	NULL),
(74,	39,	'JUMEIRAH BEACH RESIDENCE',	2.00,	'OLD SOFTWARE-JBR',	NULL,	NULL,	'2023-11-02 16:39:16',	'2023-11-14 13:11:40',	NULL),
(75,	57,	'AL SALAM',	3.00,	NULL,	NULL,	NULL,	'2023-11-02 16:51:18',	'2023-11-14 13:18:50',	NULL),
(76,	58,	'ROLEX TOWER',	2.00,	NULL,	NULL,	NULL,	'2023-11-02 16:54:18',	'2023-11-14 13:17:49',	NULL),
(77,	40,	'CLUSTER-J',	2.00,	NULL,	NULL,	NULL,	'2023-11-02 16:55:14',	'2023-11-14 13:13:38',	NULL),
(78,	59,	'AL SUFOUH-1',	2.00,	NULL,	NULL,	NULL,	'2023-11-02 16:57:03',	'2023-11-14 13:13:03',	NULL),
(79,	60,	'SAVANNAH',	3.00,	NULL,	NULL,	NULL,	'2023-11-02 16:59:55',	'2023-11-14 13:18:14',	NULL),
(80,	61,	'WELLINGTON RESIDENCE',	3.00,	NULL,	NULL,	NULL,	'2023-11-02 17:02:16',	'2023-11-14 13:13:10',	NULL),
(81,	39,	'MARINA PROMINADE',	2.00,	NULL,	NULL,	NULL,	'2023-11-02 17:02:48',	'2023-11-14 13:12:05',	NULL),
(82,	62,	'GHOROOB',	3.00,	NULL,	NULL,	NULL,	'2023-11-02 17:04:28',	'2023-11-14 13:15:30',	NULL),
(83,	63,	'SPRING OASIS TOWER',	3.00,	NULL,	NULL,	NULL,	'2023-11-02 17:05:21',	'2023-11-14 13:15:46',	NULL),
(84,	48,	'JUMEIRAH-2',	3.00,	NULL,	NULL,	NULL,	'2023-11-03 15:58:08',	'2023-11-14 13:14:57',	NULL),
(85,	53,	'AL THAYAL',	2.00,	NULL,	NULL,	NULL,	'2023-11-14 14:34:54',	'2023-11-14 14:34:54',	NULL),
(86,	64,	'DISTRICT-09',	3.00,	NULL,	NULL,	NULL,	'2023-11-14 14:36:58',	'2023-11-14 14:36:58',	NULL),
(87,	36,	'ARABIAN ORYX HOUSE',	2.00,	NULL,	NULL,	NULL,	'2023-11-14 14:37:58',	'2023-11-14 14:39:02',	NULL),
(88,	40,	'CLUSTER-B',	2.00,	NULL,	NULL,	NULL,	'2023-11-14 14:38:37',	'2023-11-14 14:38:37',	NULL),
(89,	39,	'YATCH BAY TOWER',	2.00,	NULL,	NULL,	NULL,	'2023-11-14 14:39:51',	'2023-11-14 14:39:51',	NULL),
(90,	65,	'CLUSTER- MANSION',	4.00,	NULL,	NULL,	NULL,	'2023-11-14 14:40:56',	'2023-11-14 14:40:56',	NULL),
(91,	66,	'MIRA COMMUNITY',	4.00,	NULL,	NULL,	NULL,	'2023-11-14 14:42:00',	'2023-11-14 14:42:00',	NULL),
(92,	57,	'ARABELLA',	3.00,	NULL,	NULL,	NULL,	'2023-11-14 14:43:55',	'2023-11-14 14:43:55',	NULL);

DROP TABLE IF EXISTS `maid_attandence`;
CREATE TABLE `maid_attandence` (
  `attandence_id` bigint unsigned NOT NULL AUTO_INCREMENT,
  `maid_id` int unsigned NOT NULL,
  `zone_id` int NOT NULL,
  `tablet_id` int NOT NULL,
  `date` date NOT NULL,
  `maid_in_time` time NOT NULL,
  `maid_out_time` time NOT NULL,
  `attandence_status` tinyint(1) NOT NULL COMMENT '1 - Maid In, 2 - Maid Out',
  PRIMARY KEY (`attandence_id`),
  KEY `maid_id` (`maid_id`),
  KEY `zone_id` (`zone_id`),
  KEY `tablet_id` (`tablet_id`),
  KEY `attandence_status` (`attandence_status`),
  KEY `date` (`date`),
  KEY `attnd_idx` (`maid_id`,`date`,`maid_in_time`),
  CONSTRAINT `maid_attandence_ibfk_1` FOREIGN KEY (`maid_id`) REFERENCES `maids` (`maid_id`),
  CONSTRAINT `maid_attandence_ibfk_2` FOREIGN KEY (`zone_id`) REFERENCES `zones` (`zone_id`),
  CONSTRAINT `maid_attandence_ibfk_3` FOREIGN KEY (`tablet_id`) REFERENCES `tablets` (`tablet_id`)
) ENGINE=InnoDB DEFAULT CHARSET=utf8mb4 ;

INSERT INTO `maid_attandence` (`attandence_id`, `maid_id`, `zone_id`, `tablet_id`, `date`, `maid_in_time`, `maid_out_time`, `attandence_status`) VALUES
(1,	2,	1,	1,	'2023-05-25',	'15:39:20',	'00:00:00',	1);

DROP TABLE IF EXISTS `maid_availability`;
CREATE TABLE `maid_availability` (
  `maid_availability_id` int unsigned NOT NULL AUTO_INCREMENT,
  `employee_id` int unsigned NOT NULL,
  `week_day` int NOT NULL,
  `location_id` int DEFAULT NULL,
  `zone_id` int DEFAULT NULL,
  `time_from` time NOT NULL,
  `time_to` time NOT NULL,
  `created_at` datetime NOT NULL,
  `updated_at` datetime NOT NULL,
  `deleted_at` datetime DEFAULT NULL,
  PRIMARY KEY (`maid_availability_id`),
  UNIQUE KEY `employee_id_week_day` (`employee_id`,`week_day`),
  KEY `maid_id` (`employee_id`),
  KEY `location_id` (`location_id`),
  KEY `week_day` (`week_day`),
  KEY `zone_id` (`zone_id`),
  CONSTRAINT `maid_availability_ibfk_1` FOREIGN KEY (`employee_id`) REFERENCES `maids` (`maid_id`),
  CONSTRAINT `maid_availability_ibfk_2` FOREIGN KEY (`location_id`) REFERENCES `locations` (`location_id`),
  CONSTRAINT `maid_availability_ibfk_3` FOREIGN KEY (`week_day`) REFERENCES `week_days` (`week_day_id`),
  CONSTRAINT `maid_availability_ibfk_4` FOREIGN KEY (`zone_id`) REFERENCES `zones` (`zone_id`)
) ENGINE=InnoDB DEFAULT CHARSET=utf8mb4 ;

INSERT INTO `maid_availability` (`maid_availability_id`, `employee_id`, `week_day`, `location_id`, `zone_id`, `time_from`, `time_to`, `created_at`, `updated_at`, `deleted_at`) VALUES
(1,	7,	0,	20,	NULL,	'00:30:00',	'02:30:00',	'2023-07-29 14:25:11',	'2023-07-29 14:25:11',	NULL),
(2,	17,	1,	NULL,	20,	'08:00:00',	'19:30:00',	'2023-11-14 15:58:08',	'2023-11-14 15:58:08',	NULL),
(3,	17,	2,	NULL,	20,	'08:00:00',	'19:30:00',	'2023-11-14 15:58:08',	'2023-11-14 15:58:08',	NULL),
(4,	17,	3,	NULL,	23,	'08:00:00',	'19:30:00',	'2023-11-14 15:58:08',	'2023-11-14 15:58:08',	NULL),
(5,	17,	4,	NULL,	19,	'08:00:00',	'19:30:00',	'2023-11-14 15:58:08',	'2023-11-14 15:58:08',	NULL),
(6,	17,	5,	NULL,	20,	'08:00:00',	'19:30:00',	'2023-11-14 15:58:08',	'2023-11-14 15:58:08',	NULL),
(7,	17,	6,	NULL,	19,	'08:00:00',	'19:30:00',	'2023-11-14 15:58:08',	'2023-11-14 15:58:08',	NULL),
(8,	14,	1,	NULL,	20,	'08:00:00',	'19:30:00',	'2023-11-14 16:04:37',	'2023-11-14 16:04:37',	NULL),
(9,	14,	2,	NULL,	20,	'08:00:00',	'19:30:00',	'2023-11-14 16:04:37',	'2023-11-14 16:04:37',	NULL),
(10,	14,	3,	NULL,	20,	'08:00:00',	'19:30:00',	'2023-11-14 16:04:37',	'2023-11-14 16:04:37',	NULL),
(11,	14,	4,	NULL,	21,	'08:00:00',	'19:30:00',	'2023-11-14 16:04:37',	'2023-11-14 16:04:37',	NULL),
(12,	14,	5,	NULL,	20,	'08:00:00',	'19:30:00',	'2023-11-14 16:04:37',	'2023-11-14 16:04:37',	NULL),
(13,	14,	6,	NULL,	21,	'08:00:00',	'19:30:00',	'2023-11-14 16:04:37',	'2023-11-14 16:04:37',	NULL),
(14,	13,	1,	NULL,	20,	'08:00:00',	'19:30:00',	'2023-11-14 16:07:03',	'2023-11-14 16:07:03',	NULL),
(15,	13,	2,	NULL,	23,	'08:00:00',	'19:30:00',	'2023-11-14 16:07:03',	'2023-11-14 16:07:03',	NULL),
(16,	13,	3,	NULL,	20,	'08:00:00',	'19:30:00',	'2023-11-14 16:07:03',	'2023-11-14 16:07:03',	NULL),
(17,	13,	4,	NULL,	19,	'08:00:00',	'19:30:00',	'2023-11-14 16:07:03',	'2023-11-14 16:07:03',	NULL),
(18,	13,	5,	NULL,	21,	'08:00:00',	'19:30:00',	'2023-11-14 16:07:03',	'2023-11-14 16:07:03',	NULL),
(19,	13,	6,	NULL,	20,	'08:00:00',	'19:30:00',	'2023-11-14 16:07:03',	'2023-11-14 16:07:03',	NULL),
(20,	12,	1,	NULL,	22,	'08:00:00',	'19:30:00',	'2023-11-14 16:10:17',	'2023-11-14 16:10:17',	NULL),
(21,	12,	2,	NULL,	21,	'08:00:00',	'19:30:00',	'2023-11-14 16:10:17',	'2023-11-14 16:10:17',	NULL),
(22,	12,	3,	NULL,	22,	'08:00:00',	'19:30:00',	'2023-11-14 16:10:17',	'2023-11-14 16:10:17',	NULL),
(23,	12,	4,	NULL,	19,	'08:00:00',	'19:30:00',	'2023-11-14 16:10:17',	'2023-11-14 16:10:17',	NULL),
(24,	12,	5,	NULL,	22,	'08:00:00',	'19:30:00',	'2023-11-14 16:10:17',	'2023-11-14 16:10:17',	NULL),
(25,	12,	6,	NULL,	21,	'08:00:00',	'19:30:00',	'2023-11-14 16:10:17',	'2023-11-14 16:10:17',	NULL),
(26,	11,	1,	NULL,	20,	'08:00:00',	'19:30:00',	'2023-11-14 16:13:49',	'2023-11-14 16:13:49',	NULL),
(27,	11,	2,	NULL,	19,	'08:00:00',	'19:30:00',	'2023-11-14 16:13:49',	'2023-11-14 16:13:49',	NULL),
(28,	11,	3,	NULL,	20,	'08:00:00',	'19:30:00',	'2023-11-14 16:13:49',	'2023-11-14 16:13:49',	NULL),
(29,	11,	4,	NULL,	20,	'08:00:00',	'19:30:00',	'2023-11-14 16:13:49',	'2023-11-14 16:13:49',	NULL),
(30,	11,	5,	NULL,	23,	'08:00:00',	'19:30:00',	'2023-11-14 16:13:49',	'2023-11-14 16:13:49',	NULL),
(31,	11,	6,	NULL,	19,	'08:00:00',	'19:30:00',	'2023-11-14 16:13:49',	'2023-11-14 16:13:49',	NULL),
(32,	10,	1,	NULL,	19,	'08:00:00',	'19:30:00',	'2023-11-14 16:16:45',	'2023-11-14 16:16:45',	NULL),
(33,	10,	2,	NULL,	20,	'08:00:00',	'19:30:00',	'2023-11-14 16:16:45',	'2023-11-14 16:16:45',	NULL),
(34,	10,	3,	NULL,	21,	'08:00:00',	'19:30:00',	'2023-11-14 16:16:45',	'2023-11-14 16:16:45',	NULL),
(35,	10,	4,	NULL,	22,	'08:00:00',	'19:30:00',	'2023-11-14 16:16:45',	'2023-11-14 16:16:45',	NULL),
(36,	10,	5,	NULL,	20,	'08:00:00',	'19:30:00',	'2023-11-14 16:16:45',	'2023-11-14 16:16:45',	NULL),
(37,	10,	6,	NULL,	19,	'08:00:00',	'19:30:00',	'2023-11-14 16:16:45',	'2023-11-14 16:16:45',	NULL),
(38,	9,	1,	NULL,	20,	'08:00:00',	'19:30:00',	'2023-11-14 16:20:16',	'2023-11-14 16:20:16',	NULL),
(39,	9,	2,	NULL,	20,	'08:00:00',	'18:00:00',	'2023-11-14 16:20:16',	'2023-11-14 16:20:16',	NULL),
(40,	9,	3,	NULL,	20,	'08:00:00',	'19:00:00',	'2023-11-14 16:20:16',	'2023-11-14 16:20:16',	NULL),
(41,	9,	4,	NULL,	19,	'08:00:00',	'19:30:00',	'2023-11-14 16:20:16',	'2023-11-14 16:20:16',	NULL),
(42,	9,	5,	NULL,	20,	'08:00:00',	'19:30:00',	'2023-11-14 16:20:16',	'2023-11-14 16:20:16',	NULL),
(43,	9,	6,	NULL,	21,	'08:00:00',	'19:30:00',	'2023-11-14 16:20:16',	'2023-11-14 16:20:16',	NULL),
(44,	20,	1,	NULL,	21,	'00:30:00',	'02:30:00',	'2023-11-16 09:51:44',	'2023-11-16 09:51:44',	NULL),
(45,	20,	2,	NULL,	22,	'05:30:00',	'07:30:00',	'2023-11-16 09:51:44',	'2023-11-16 09:51:44',	NULL),
(46,	20,	3,	NULL,	21,	'01:00:00',	'03:00:00',	'2023-11-16 09:51:44',	'2023-11-16 09:51:44',	NULL),
(47,	20,	4,	NULL,	19,	'00:30:00',	'02:30:00',	'2023-11-16 09:51:44',	'2023-11-16 09:51:44',	NULL),
(48,	20,	5,	NULL,	22,	'07:30:00',	'19:00:00',	'2023-11-16 09:51:44',	'2023-11-16 09:51:44',	NULL),
(49,	20,	6,	NULL,	23,	'02:00:00',	'05:00:00',	'2023-11-16 09:51:44',	'2023-11-16 09:51:44',	NULL),
(50,	20,	0,	NULL,	21,	'10:00:00',	'19:00:00',	'2023-11-16 09:51:44',	'2023-11-16 09:51:44',	NULL),
(51,	21,	1,	NULL,	20,	'00:00:00',	'02:30:00',	'2023-11-16 16:39:12',	'2023-11-16 16:39:12',	NULL);

DROP TABLE IF EXISTS `maid_barcode_attendance`;
CREATE TABLE `maid_barcode_attendance` (
  `id` int unsigned NOT NULL AUTO_INCREMENT,
  `tablet_id` int NOT NULL,
  `maid_id` int unsigned NOT NULL,
  `rfid` varchar(50)  NOT NULL,
  `addeddate` datetime NOT NULL,
  `attendance_status` enum('IN','OUT')  NOT NULL,
  PRIMARY KEY (`id`),
  KEY `tablet_id` (`tablet_id`),
  KEY `maid_id` (`maid_id`),
  CONSTRAINT `maid_barcode_attendance_ibfk_1` FOREIGN KEY (`tablet_id`) REFERENCES `tablets` (`tablet_id`),
  CONSTRAINT `maid_barcode_attendance_ibfk_2` FOREIGN KEY (`maid_id`) REFERENCES `maids` (`maid_id`)
) ENGINE=InnoDB DEFAULT CHARSET=utf8mb4 ;


DROP TABLE IF EXISTS `maid_change_request`;
CREATE TABLE `maid_change_request` (
  `request_id` int NOT NULL AUTO_INCREMENT,
  `tablet_id` int NOT NULL,
  `booking_id` bigint unsigned NOT NULL,
  `requested_maid_id` int unsigned NOT NULL,
  `reqested_datetime` datetime NOT NULL,
  `status` tinyint(1) NOT NULL COMMENT '0-Not Approved,1-Approved',
  PRIMARY KEY (`request_id`),
  KEY `tablet_id` (`tablet_id`),
  KEY `booking_id` (`booking_id`),
  KEY `requested_maid_id` (`requested_maid_id`),
  CONSTRAINT `maid_change_request_ibfk_1` FOREIGN KEY (`tablet_id`) REFERENCES `tablets` (`tablet_id`),
  CONSTRAINT `maid_change_request_ibfk_2` FOREIGN KEY (`booking_id`) REFERENCES `bookings` (`booking_id`),
  CONSTRAINT `maid_change_request_ibfk_3` FOREIGN KEY (`requested_maid_id`) REFERENCES `maids` (`maid_id`)
) ENGINE=InnoDB DEFAULT CHARSET=utf8mb4 ;


DROP TABLE IF EXISTS `maid_leave`;
CREATE TABLE `maid_leave` (
  `leave_id` int NOT NULL AUTO_INCREMENT,
  `maid_id` int unsigned NOT NULL,
  `leave_date` date NOT NULL,
  `leave_type` enum('1','2')  NOT NULL COMMENT '2:Half-day,1:FUll-day',
  `typeleaves` varchar(50)  DEFAULT NULL,
  `leave_status` tinyint(1) NOT NULL COMMENT '1- leave',
  `added_by` int NOT NULL,
  `added_datetime` datetime NOT NULL,
  `added_ip_address` varchar(20)  NOT NULL,
  `last_updated_date_time` datetime NOT NULL,
  `last_updated_ip_address` varchar(20)  NOT NULL,
  PRIMARY KEY (`leave_id`),
  KEY `maid_id` (`maid_id`),
  KEY `added_by` (`added_by`),
  KEY `maid_leave_idx` (`typeleaves`,`leave_date`,`leave_status`) USING BTREE,
  CONSTRAINT `maid_leave_ibfk_1` FOREIGN KEY (`maid_id`) REFERENCES `maids` (`maid_id`),
  CONSTRAINT `maid_leave_ibfk_2` FOREIGN KEY (`added_by`) REFERENCES `users` (`user_id`)
) ENGINE=InnoDB DEFAULT CHARSET=utf8mb4 ;

INSERT INTO `maid_leave` (`leave_id`, `maid_id`, `leave_date`, `leave_type`, `typeleaves`, `leave_status`, `added_by`, `added_datetime`, `added_ip_address`, `last_updated_date_time`, `last_updated_ip_address`) VALUES
(1,	1,	'2023-03-23',	'1',	NULL,	1,	1,	'2023-03-24 11:09:54',	'202.170.207.91',	'2023-07-12 13:09:24',	'');

DROP TABLE IF EXISTS `maid_payments`;
CREATE TABLE `maid_payments` (
  `mp_id` bigint NOT NULL AUTO_INCREMENT,
  `mp_booking_id` bigint NOT NULL,
  `mp_day_ser_id` bigint NOT NULL,
  `mp_cust_pay_id` bigint NOT NULL,
  `mp_cust_name` varchar(250)  DEFAULT NULL,
  `mp_maid_name` varchar(250)  DEFAULT NULL,
  `mp_time_from` time DEFAULT NULL,
  `mp_time_to` time DEFAULT NULL,
  `mp_service_date` date DEFAULT NULL,
  `mp_added_by` bigint DEFAULT NULL,
  `mp_added_datetime` datetime DEFAULT NULL,
  `mp_verified_by` bigint DEFAULT NULL,
  `mp_verified_datetime` datetime DEFAULT NULL,
  `mp_status` tinyint DEFAULT NULL COMMENT 'o - not verified , 1 - verified',
  PRIMARY KEY (`mp_id`)
) ENGINE=InnoDB DEFAULT CHARSET=utf8mb4 ;


DROP TABLE IF EXISTS `maid_service_type_joins`;
CREATE TABLE `maid_service_type_joins` (
  `maid_service_type_jon_id` int unsigned NOT NULL AUTO_INCREMENT,
  `maid_id` int unsigned NOT NULL,
  `service_type_id` int NOT NULL,
  PRIMARY KEY (`maid_service_type_jon_id`),
  KEY `service_type_id` (`service_type_id`),
  KEY `maid_id` (`maid_id`),
  CONSTRAINT `maid_service_type_joins_ibfk_1` FOREIGN KEY (`maid_id`) REFERENCES `maids` (`maid_id`),
  CONSTRAINT `maid_service_type_joins_ibfk_2` FOREIGN KEY (`service_type_id`) REFERENCES `service_types` (`service_type_id`)
) ENGINE=InnoDB DEFAULT CHARSET=utf8mb4 ;

INSERT INTO `maid_service_type_joins` (`maid_service_type_jon_id`, `maid_id`, `service_type_id`) VALUES
(59,	2,	2),
(60,	2,	3),
(61,	2,	4),
(67,	3,	2),
(68,	3,	25),
(69,	3,	34),
(70,	3,	36),
(71,	3,	37),
(72,	3,	38),
(73,	3,	39),
(74,	1,	2),
(75,	1,	3),
(76,	1,	4),
(77,	1,	25),
(78,	1,	34),
(84,	7,	2),
(85,	7,	3),
(86,	7,	5),
(87,	7,	25),
(88,	7,	36),
(93,	8,	6),
(94,	8,	36),
(95,	8,	38),
(96,	8,	40),
(116,	17,	6),
(117,	14,	6),
(118,	13,	6),
(119,	12,	6),
(120,	11,	6),
(121,	10,	6),
(122,	9,	6),
(125,	18,	2),
(126,	20,	2),
(127,	21,	2),
(128,	21,	4),
(129,	21,	6),
(130,	21,	7);

DROP TABLE IF EXISTS `maids`;
CREATE TABLE `maids` (
  `maid_id` int unsigned NOT NULL AUTO_INCREMENT,
  `employee_reference_id` varchar(255)  DEFAULT NULL,
  `maid_leader_id` int unsigned DEFAULT NULL,
  `odoo_maid_id` int DEFAULT NULL,
  `rfid` varchar(50)  DEFAULT NULL,
  `maid_name` varchar(110)  NOT NULL,
  `maid_full_name` varchar(100)  DEFAULT NULL,
  `maid_gender` enum('M','F','T','O')  NOT NULL,
  `gender_id` int unsigned DEFAULT NULL,
  `maid_nationality` varchar(60)  DEFAULT NULL,
  `country_id` bigint DEFAULT NULL,
  `maid_present_address` mediumtext  NOT NULL,
  `maid_permanent_address` mediumtext ,
  `flat_id` int DEFAULT NULL,
  `team_id` int DEFAULT NULL,
  `maid_mobile_1` varchar(15)  DEFAULT NULL,
  `maid_mobile_2` varchar(15)  DEFAULT NULL,
  `maid_whatsapp_no_1` varchar(15)  DEFAULT NULL,
  `maid_passport_number` varchar(40)  DEFAULT NULL,
  `maid_passport_expiry_date` date DEFAULT NULL,
  `maid_passport_file` varchar(255)  DEFAULT NULL,
  `maid_visa_number` varchar(40)  DEFAULT NULL,
  `maid_visa_expiry_date` date DEFAULT NULL,
  `maid_visa_file` varchar(255)  DEFAULT NULL,
  `maid_labour_card_number` varchar(40)  DEFAULT NULL,
  `maid_labour_card_expiry_date` date DEFAULT NULL,
  `maid_labour_card_file` varchar(255)  DEFAULT NULL,
  `maid_emirates_id` varchar(40)  DEFAULT NULL,
  `maid_emirates_expiry_date` date DEFAULT NULL,
  `maid_emirates_file` varchar(255)  DEFAULT NULL,
  `maid_notes` mediumtext ,
  `maid_last_modified_datetime` datetime DEFAULT NULL,
  `maid_added_datetime` datetime DEFAULT NULL,
  `maid_disabled_datetime` datetime DEFAULT NULL,
  `maid_photo_file` varchar(255)  DEFAULT NULL,
  `maid_status` tinyint unsigned NOT NULL DEFAULT '1' COMMENT '0 - Inactive, 1 - Active',
  `odoo_synch_status` tinyint NOT NULL DEFAULT '0',
  `maid_joining` date DEFAULT NULL,
  `username` varchar(200)  DEFAULT NULL,
  `password` varchar(200)  DEFAULT NULL,
  `driver_name` varchar(200)  DEFAULT NULL,
  `maid_login_status` int NOT NULL DEFAULT '0',
  `maid_latitude` varchar(500)  DEFAULT NULL,
  `maid_longitude` varchar(500)  DEFAULT NULL,
  `maid_device_token` varchar(1500)  DEFAULT NULL,
  `odoo_new_maid_id` bigint unsigned DEFAULT NULL,
  `odoo_new_maid_status` tinyint(1) NOT NULL DEFAULT '0',
  `maid_login_token` varchar(100)  DEFAULT NULL,
  `odoo_package_maid_id` bigint unsigned NOT NULL DEFAULT '0',
  `odoo_package_maid_status` tinyint(1) NOT NULL DEFAULT '0',
  `maid_priority` varchar(255)  DEFAULT NULL COMMENT 'for sorting and listing purposes only',
  `employee_type_id` bigint DEFAULT NULL,
  PRIMARY KEY (`maid_id`),
  UNIQUE KEY `username` (`username`),
  KEY `maid_status` (`maid_status`),
  KEY `team_id` (`team_id`),
  KEY `flat_id` (`flat_id`),
  KEY `maid_name` (`maid_name`),
  KEY `password` (`password`),
  KEY `odoo_synch_status` (`odoo_synch_status`),
  KEY `maids_idx1` (`maid_login_token`,`maid_status`),
  KEY `employee_type_id` (`employee_type_id`),
  KEY `maid_leader_id` (`maid_leader_id`),
  KEY `gender_id` (`gender_id`),
  KEY `country_id` (`country_id`),
  CONSTRAINT `maids_ibfk_1` FOREIGN KEY (`flat_id`) REFERENCES `flats` (`flat_id`),
  CONSTRAINT `maids_ibfk_2` FOREIGN KEY (`team_id`) REFERENCES `teams` (`team_id`),
  CONSTRAINT `maids_ibfk_3` FOREIGN KEY (`employee_type_id`) REFERENCES `employee_types` (`employee_type_id`),
  CONSTRAINT `maids_ibfk_4` FOREIGN KEY (`maid_leader_id`) REFERENCES `maids` (`maid_id`),
  CONSTRAINT `maids_ibfk_5` FOREIGN KEY (`gender_id`) REFERENCES `genders` (`gender_id`),
  CONSTRAINT `maids_ibfk_6` FOREIGN KEY (`country_id`) REFERENCES `countries` (`id`)
) ENGINE=InnoDB DEFAULT CHARSET=utf8mb4 ;

INSERT INTO `maids` (`maid_id`, `employee_reference_id`, `maid_leader_id`, `odoo_maid_id`, `rfid`, `maid_name`, `maid_full_name`, `maid_gender`, `gender_id`, `maid_nationality`, `country_id`, `maid_present_address`, `maid_permanent_address`, `flat_id`, `team_id`, `maid_mobile_1`, `maid_mobile_2`, `maid_whatsapp_no_1`, `maid_passport_number`, `maid_passport_expiry_date`, `maid_passport_file`, `maid_visa_number`, `maid_visa_expiry_date`, `maid_visa_file`, `maid_labour_card_number`, `maid_labour_card_expiry_date`, `maid_labour_card_file`, `maid_emirates_id`, `maid_emirates_expiry_date`, `maid_emirates_file`, `maid_notes`, `maid_last_modified_datetime`, `maid_added_datetime`, `maid_disabled_datetime`, `maid_photo_file`, `maid_status`, `odoo_synch_status`, `maid_joining`, `username`, `password`, `driver_name`, `maid_login_status`, `maid_latitude`, `maid_longitude`, `maid_device_token`, `odoo_new_maid_id`, `odoo_new_maid_status`, `maid_login_token`, `odoo_package_maid_id`, `odoo_package_maid_status`, `maid_priority`, `employee_type_id`) VALUES
(9,	NULL,	9,	NULL,	NULL,	'Nemesis',	'Nemesis',	'M',	2,	NULL,	2,	'Alquoz',	NULL,	NULL,	NULL,	'123456789',	'',	'',	NULL,	NULL,	NULL,	NULL,	NULL,	NULL,	NULL,	NULL,	NULL,	NULL,	NULL,	NULL,	'',	'2023-11-14 16:20:16',	'2023-11-02 12:20:23',	NULL,	NULL,	1,	0,	'2019-01-02',	NULL,	NULL,	NULL,	0,	NULL,	NULL,	NULL,	NULL,	0,	NULL,	0,	0,	NULL,	1),
(10,	NULL,	9,	NULL,	NULL,	'Aileen',	'Aileen',	'M',	2,	NULL,	2,	'alqouz',	NULL,	NULL,	NULL,	'123456789',	'',	'',	NULL,	NULL,	NULL,	NULL,	NULL,	NULL,	NULL,	NULL,	NULL,	NULL,	NULL,	NULL,	'',	'2023-11-14 16:16:45',	'2023-11-02 14:21:21',	NULL,	NULL,	1,	0,	'2017-02-01',	NULL,	NULL,	NULL,	0,	NULL,	NULL,	NULL,	NULL,	0,	NULL,	0,	0,	NULL,	1),
(11,	NULL,	9,	NULL,	NULL,	'Bernelyn',	'Bernelyn',	'M',	2,	NULL,	2,	'Alquoz',	NULL,	NULL,	NULL,	'123456789',	'',	'',	NULL,	NULL,	NULL,	NULL,	NULL,	NULL,	NULL,	NULL,	NULL,	NULL,	NULL,	NULL,	'',	'2023-11-14 16:13:49',	'2023-11-02 14:23:05',	NULL,	NULL,	1,	0,	'2020-03-01',	NULL,	NULL,	NULL,	0,	NULL,	NULL,	NULL,	NULL,	0,	NULL,	0,	0,	NULL,	1),
(12,	NULL,	9,	NULL,	NULL,	'Fatima',	'Fatima',	'M',	2,	NULL,	2,	'Alquoz',	NULL,	NULL,	NULL,	'123456789',	'',	'',	NULL,	NULL,	NULL,	NULL,	NULL,	NULL,	NULL,	NULL,	NULL,	NULL,	NULL,	NULL,	'',	'2023-11-14 16:10:17',	'2023-11-02 14:24:55',	NULL,	NULL,	1,	0,	'2021-04-01',	NULL,	NULL,	NULL,	0,	NULL,	NULL,	NULL,	NULL,	0,	NULL,	0,	0,	NULL,	1),
(13,	NULL,	9,	NULL,	NULL,	'Grace',	'Grace',	'M',	2,	NULL,	2,	'Alquoz',	NULL,	NULL,	NULL,	'123456789',	'',	'',	NULL,	NULL,	NULL,	NULL,	NULL,	NULL,	NULL,	NULL,	NULL,	NULL,	NULL,	NULL,	'',	'2023-11-14 16:07:03',	'2023-11-02 14:27:01',	NULL,	NULL,	1,	0,	'2021-05-01',	NULL,	NULL,	NULL,	0,	NULL,	NULL,	NULL,	NULL,	0,	NULL,	0,	0,	NULL,	1),
(14,	NULL,	9,	NULL,	NULL,	'Marycris',	'Marycris',	'M',	2,	NULL,	2,	'Alquoz',	NULL,	NULL,	NULL,	'123456789',	'',	'',	NULL,	NULL,	NULL,	NULL,	NULL,	NULL,	NULL,	NULL,	NULL,	NULL,	NULL,	NULL,	'',	'2023-11-14 16:04:37',	'2023-11-02 14:28:44',	NULL,	NULL,	1,	0,	'2018-06-01',	NULL,	NULL,	NULL,	0,	NULL,	NULL,	NULL,	NULL,	0,	NULL,	0,	0,	NULL,	1),
(15,	NULL,	NULL,	NULL,	NULL,	'Taj Mohammed fazal',	'Taj Mohammed fazal',	'M',	1,	NULL,	2,	'Alquoz',	NULL,	NULL,	NULL,	'000000020',	'',	'',	NULL,	NULL,	NULL,	NULL,	NULL,	NULL,	NULL,	NULL,	NULL,	NULL,	NULL,	NULL,	'',	'2023-11-03 16:23:04',	'2023-11-03 16:22:48',	NULL,	NULL,	1,	0,	'2006-07-03',	NULL,	NULL,	NULL,	0,	NULL,	NULL,	NULL,	NULL,	0,	NULL,	0,	0,	NULL,	2),
(16,	NULL,	NULL,	NULL,	NULL,	'Sultan Muhammad Afzal Khan',	'Sultan Muhammad Afzal Khan',	'M',	1,	NULL,	2,	'Al quoz',	NULL,	NULL,	NULL,	'000000021',	'',	'',	NULL,	NULL,	NULL,	NULL,	NULL,	NULL,	NULL,	NULL,	NULL,	NULL,	NULL,	NULL,	'',	'2023-11-03 16:25:22',	'2023-11-03 16:25:22',	NULL,	NULL,	1,	0,	'2013-01-26',	NULL,	NULL,	NULL,	0,	NULL,	NULL,	NULL,	NULL,	0,	NULL,	0,	0,	NULL,	2),
(17,	NULL,	9,	NULL,	NULL,	'Lailanie',	'Lailanie',	'M',	2,	NULL,	2,	'Alquoz 3',	NULL,	NULL,	NULL,	'123000356',	'',	'',	NULL,	NULL,	NULL,	NULL,	NULL,	NULL,	NULL,	NULL,	NULL,	NULL,	NULL,	NULL,	'',	'2023-11-14 15:58:08',	'2023-11-14 12:13:05',	NULL,	NULL,	1,	0,	'2019-06-01',	NULL,	NULL,	NULL,	0,	NULL,	NULL,	NULL,	NULL,	0,	NULL,	0,	0,	NULL,	1),
(18,	NULL,	9,	NULL,	NULL,	'test',	'test',	'M',	1,	NULL,	2,	'test',	NULL,	NULL,	NULL,	'123456',	'1123456789',	'123456789',	NULL,	NULL,	NULL,	NULL,	NULL,	NULL,	NULL,	NULL,	NULL,	NULL,	NULL,	NULL,	'',	'2023-11-15 15:34:22',	'2023-11-15 13:41:56',	NULL,	NULL,	1,	0,	'2023-10-31',	NULL,	NULL,	NULL,	0,	NULL,	NULL,	NULL,	NULL,	0,	NULL,	0,	0,	NULL,	1),
(19,	NULL,	NULL,	NULL,	NULL,	'sani',	'sani',	'M',	1,	NULL,	1,	'Al Quoz',	NULL,	NULL,	NULL,	'1234',	'',	'',	NULL,	NULL,	NULL,	NULL,	NULL,	NULL,	NULL,	NULL,	NULL,	NULL,	NULL,	NULL,	'',	'2023-11-15 15:34:45',	'2023-11-15 13:58:08',	NULL,	NULL,	1,	0,	'2023-12-01',	NULL,	NULL,	NULL,	0,	NULL,	NULL,	NULL,	NULL,	0,	NULL,	0,	0,	NULL,	2),
(20,	NULL,	9,	NULL,	NULL,	'ajin',	'ajin',	'M',	1,	NULL,	2,	'ooty',	'ooty',	NULL,	NULL,	'12345678',	'12344554',	'12345678',	NULL,	NULL,	NULL,	NULL,	NULL,	NULL,	NULL,	NULL,	NULL,	NULL,	NULL,	NULL,	'',	'2023-11-16 09:51:43',	'2023-11-16 09:51:43',	NULL,	NULL,	1,	0,	'2023-11-07',	'ajin',	'123',	NULL,	0,	NULL,	NULL,	NULL,	NULL,	0,	NULL,	0,	0,	'33',	1),
(21,	NULL,	9,	NULL,	NULL,	'Fakir',	'Fakir',	'M',	NULL,	NULL,	1,	'Ali cafe bulding ,near alkali street',	NULL,	NULL,	NULL,	'985094850',	'',	'',	NULL,	NULL,	NULL,	NULL,	NULL,	NULL,	NULL,	NULL,	NULL,	NULL,	NULL,	NULL,	'',	'2023-11-16 16:39:12',	'2023-11-16 16:39:12',	NULL,	NULL,	1,	0,	'2023-09-06',	NULL,	NULL,	NULL,	0,	NULL,	NULL,	NULL,	NULL,	0,	NULL,	0,	0,	NULL,	1);

DROP TABLE IF EXISTS `modules`;
CREATE TABLE `modules` (
  `module_id` int NOT NULL AUTO_INCREMENT,
  `module_name` varchar(100)  NOT NULL COMMENT 'module or method name',
  `parent_id` int DEFAULT NULL,
  `module_status` tinyint(1) NOT NULL DEFAULT '1',
  `added_date_time` datetime NOT NULL,
  PRIMARY KEY (`module_id`),
  UNIQUE KEY `module_name` (`module_name`),
  KEY `parent_id` (`parent_id`),
  KEY `module_status` (`module_status`)
) ENGINE=InnoDB DEFAULT CHARSET=utf8mb4 ;

INSERT INTO `modules` (`module_id`, `module_name`, `parent_id`, `module_status`, `added_date_time`) VALUES
(1,	'Dashboard',	NULL,	1,	'2015-07-20 00:00:00'),
(2,	'Booking',	NULL,	1,	'2015-07-20 00:00:00'),
(3,	'Maids',	NULL,	1,	'2015-07-20 00:00:00'),
(4,	'Maid Schedule',	3,	1,	'2015-07-20 00:00:00'),
(5,	'Activity',	NULL,	1,	'2015-07-20 00:00:00'),
(6,	'Customers',	NULL,	1,	'2015-07-20 00:00:00'),
(7,	'Zones',	NULL,	1,	'2015-07-21 00:00:00'),
(8,	'Area',	NULL,	1,	'2015-07-21 00:00:00'),
(9,	'Flats',	NULL,	1,	'2015-07-21 00:00:00'),
(10,	'Tablets',	NULL,	1,	'2015-07-21 00:00:00'),
(11,	'Services',	NULL,	1,	'2015-07-21 00:00:00'),
(12,	'Reports',	NULL,	1,	'2015-07-21 00:00:00'),
(13,	'Zone Report',	12,	1,	'2015-07-21 00:00:00'),
(14,	'Vehicle Report',	12,	1,	'2023-07-12 13:09:53'),
(15,	'Payment Report',	12,	1,	'2015-07-21 00:00:00'),
(16,	'One Day Cancel Report',	12,	1,	'2015-07-21 00:00:00'),
(17,	'Employee Work Report',	12,	1,	'2015-07-21 00:00:00'),
(18,	'Maid Attendance Report',	12,	1,	'2015-07-21 00:00:00'),
(19,	'Driver Activity Report',	12,	1,	'2015-07-21 00:00:00'),
(20,	'Activity Summary Report',	12,	1,	'2015-07-21 00:00:00'),
(21,	'Maid Vehicle Report',	12,	1,	'2015-07-21 00:00:00'),
(22,	'User Management',	NULL,	1,	'2015-07-21 00:00:00'),
(23,	'Call Report',	12,	1,	'2019-07-29 00:00:00');

DROP TABLE IF EXISTS `newsletters`;
CREATE TABLE `newsletters` (
  `newsletter_id` int NOT NULL AUTO_INCREMENT,
  `email_id` varchar(50)  NOT NULL,
  `newsletter_added` datetime NOT NULL,
  PRIMARY KEY (`newsletter_id`)
) ENGINE=InnoDB DEFAULT CHARSET=utf8mb4 ;


DROP TABLE IF EXISTS `odoo_values`;
CREATE TABLE `odoo_values` (
  `field_id` int NOT NULL AUTO_INCREMENT,
  `field_name` varchar(500)  DEFAULT NULL,
  `parent_id` int NOT NULL,
  `ledger_id` int NOT NULL,
  PRIMARY KEY (`field_id`),
  KEY `field_name` (`field_name`)
) ENGINE=InnoDB DEFAULT CHARSET=utf8mb4 ;


DROP TABLE IF EXISTS `offer_banners`;
CREATE TABLE `offer_banners` (
  `id` int NOT NULL AUTO_INCREMENT,
  `banner_image` varchar(1000)  DEFAULT NULL,
  `createdAt` datetime NOT NULL DEFAULT CURRENT_TIMESTAMP,
  `updatedAt` datetime DEFAULT NULL,
  `status` tinyint(1) NOT NULL DEFAULT '1',
  PRIMARY KEY (`id`)
) ENGINE=InnoDB DEFAULT CHARSET=utf8mb4 ;

INSERT INTO `offer_banners` (`id`, `banner_image`, `createdAt`, `updatedAt`, `status`) VALUES
(1,	'banner_1.png',	'2021-04-07 16:53:03',	NULL,	1),
(2,	'banner_2.png',	'2021-10-04 12:17:05',	NULL,	1),
(3,	'banner_3.png',	'2021-10-04 12:17:05',	NULL,	1);

DROP TABLE IF EXISTS `offer_price`;
CREATE TABLE `offer_price` (
  `id` int NOT NULL AUTO_INCREMENT,
  `offer_date` date DEFAULT NULL,
  `offer_price` varchar(200)  DEFAULT NULL,
  `status` int NOT NULL DEFAULT '1',
  `added_date_time` datetime DEFAULT NULL,
  `updated_date_time` datetime DEFAULT NULL,
  `added_by` int DEFAULT NULL,
  `updated_by` int DEFAULT NULL,
  PRIMARY KEY (`id`),
  KEY `added_by` (`added_by`),
  KEY `updated_by` (`updated_by`),
  CONSTRAINT `offer_price_ibfk_1` FOREIGN KEY (`added_by`) REFERENCES `users` (`user_id`),
  CONSTRAINT `offer_price_ibfk_2` FOREIGN KEY (`updated_by`) REFERENCES `users` (`user_id`)
) ENGINE=InnoDB DEFAULT CHARSET=utf8mb4 ;


DROP TABLE IF EXISTS `offers`;
CREATE TABLE `offers` (
  `offer_id` int NOT NULL AUTO_INCREMENT,
  `title` varchar(200)  NOT NULL,
  `subtitle` varchar(200)  NOT NULL,
  `imageurl` varchar(200)  NOT NULL,
  `featured` enum('Y','N')  NOT NULL,
  `type` varchar(50)  NOT NULL,
  `hasSecond` enum('Y','N')  NOT NULL,
  `title2` varchar(200)  NOT NULL,
  `subtitle2` varchar(200)  NOT NULL,
  `imageurl2` varchar(200)  NOT NULL,
  `featured2` enum('Y','N')  NOT NULL,
  `status` enum('0','1')  NOT NULL DEFAULT '1',
  PRIMARY KEY (`offer_id`),
  KEY `status` (`status`)
) ENGINE=InnoDB DEFAULT CHARSET=utf8mb4 ;


DROP TABLE IF EXISTS `offers_sb`;
CREATE TABLE `offers_sb` (
  `id_offers_sb` int NOT NULL AUTO_INCREMENT,
  `offer_heading` varchar(150)  NOT NULL,
  `offer_type` varchar(20)  NOT NULL,
  `offer_subheading` varchar(150)  NOT NULL,
  `offer_content` mediumtext  NOT NULL,
  `offer_image` varchar(250)  NOT NULL,
  `offer_status` smallint NOT NULL DEFAULT '0' COMMENT '0-Active, 1-Disabled',
  `offer_timestamp` timestamp NOT NULL DEFAULT CURRENT_TIMESTAMP ON UPDATE CURRENT_TIMESTAMP,
  PRIMARY KEY (`id_offers_sb`),
  UNIQUE KEY `offer_heading` (`offer_heading`)
) ENGINE=InnoDB DEFAULT CHARSET=utf8mb4 ;

INSERT INTO `offers_sb` (`id_offers_sb`, `offer_heading`, `offer_type`, `offer_subheading`, `offer_content`, `offer_image`, `offer_status`, `offer_timestamp`) VALUES
(3,	'jkjhk',	'Image Type',	'',	'',	'1679122613_3627.gif',	0,	'2023-07-06 07:18:05'),
(4,	'oFFEREM',	'Image Type',	'',	'',	'1679122464_2339.gif',	0,	'2023-07-06 07:18:05'),
(5,	'ryrtry',	'Text Type',	'ryry',	'ryryy',	'',	0,	'2023-07-06 07:18:05');

DROP TABLE IF EXISTS `online_payments`;
CREATE TABLE `online_payments` (
  `payment_id` bigint NOT NULL AUTO_INCREMENT,
  `transaction_id` varchar(40)  NOT NULL DEFAULT '0',
  `checkout_id` varchar(1500)  DEFAULT NULL,
  `booking_id` bigint unsigned DEFAULT NULL,
  `reference_id` varchar(200)  DEFAULT NULL,
  `amount` float(10,2) NOT NULL,
  `transaction_charge` float(10,2) NOT NULL DEFAULT '0.00',
  `customer_id` bigint unsigned DEFAULT NULL,
  `description` mediumtext ,
  `payment_status` varchar(10)  NOT NULL,
  `payment_type` varchar(100)  DEFAULT NULL,
  `ip_address` varchar(45)  DEFAULT NULL,
  `user_agent` varchar(120)  NOT NULL,
  `post_data` mediumtext  NOT NULL,
  `return_data` mediumtext ,
  `paid_from` varchar(50)  DEFAULT NULL,
  `inv_id` varchar(20)  DEFAULT NULL,
  `payment_datetime` datetime NOT NULL,
  PRIMARY KEY (`payment_id`),
  KEY `booking_id` (`booking_id`),
  KEY `reference_id` (`reference_id`),
  KEY `customer_id` (`customer_id`),
  CONSTRAINT `online_payments_ibfk_1` FOREIGN KEY (`booking_id`) REFERENCES `bookings` (`booking_id`),
  CONSTRAINT `online_payments_ibfk_2` FOREIGN KEY (`customer_id`) REFERENCES `customers` (`customer_id`)
) ENGINE=InnoDB DEFAULT CHARSET=utf8mb4 ;


DROP TABLE IF EXISTS `package`;
CREATE TABLE `package` (
  `package_id` bigint unsigned NOT NULL AUTO_INCREMENT,
  `package_name` varchar(255)  NOT NULL,
  `service_type_id` int NOT NULL,
  `cleaning_material` char(1)  DEFAULT 'N',
  `no_of_bookings` int NOT NULL DEFAULT '0',
  `working_hours` double(5,2) NOT NULL,
  `subscription_start_date` date NOT NULL,
  `subscription_end_date` date NOT NULL,
  `booking_type` enum('MO','WE','YE')  NOT NULL,
  `strikethrough_amount` double(10,2) DEFAULT NULL COMMENT 'for only showing as strikethrough amount in website',
  `amount` double(10,2) NOT NULL DEFAULT '0.00',
  `vat_charge_percentage` double(10,2) NOT NULL,
  `notes` mediumtext ,
  `description` longtext ,
  `promotion_image` varchar(255)  DEFAULT NULL,
  `promotion_image_web` varchar(255)  DEFAULT NULL,
  `repeat_days` varchar(100)  DEFAULT NULL,
  `addedDateTime` datetime DEFAULT NULL,
  `updatedDateTime` datetime DEFAULT NULL,
  `addedBy` int NOT NULL DEFAULT '0',
  `updatedBy` int DEFAULT NULL,
  `status` tinyint(1) NOT NULL DEFAULT '1',
  PRIMARY KEY (`package_id`),
  KEY `service_type_id` (`service_type_id`),
  KEY `addedBy` (`addedBy`),
  KEY `updatedBy` (`updatedBy`),
  CONSTRAINT `package_ibfk_1` FOREIGN KEY (`service_type_id`) REFERENCES `service_types` (`service_type_id`),
  CONSTRAINT `package_ibfk_2` FOREIGN KEY (`addedBy`) REFERENCES `users` (`user_id`),
  CONSTRAINT `package_ibfk_3` FOREIGN KEY (`updatedBy`) REFERENCES `users` (`user_id`)
) ENGINE=InnoDB DEFAULT CHARSET=utf8mb4 ;

INSERT INTO `package` (`package_id`, `package_name`, `service_type_id`, `cleaning_material`, `no_of_bookings`, `working_hours`, `subscription_start_date`, `subscription_end_date`, `booking_type`, `strikethrough_amount`, `amount`, `vat_charge_percentage`, `notes`, `description`, `promotion_image`, `promotion_image_web`, `repeat_days`, `addedDateTime`, `updatedDateTime`, `addedBy`, `updatedBy`, `status`) VALUES
(1,	'Package 1',	7,	'N',	10,	5.00,	'2023-01-04',	'2023-01-14',	'MO',	330.00,	268.80,	0.00,	'Package Note 1',	'Package description...',	'06-06-2023_449486a55a19fdf7fa14de08df8d5c65-mob.jpg',	'06-06-2023_449486a55a19fdf7fa14de08df8d5c65-web.jpg',	NULL,	'2023-01-04 15:22:22',	NULL,	1,	NULL,	1),
(2,	'Get Your Special Offer',	2,	'N',	50,	10.00,	'2023-01-02',	'2023-01-28',	'MO',	NULL,	50.00,	0.00,	'Package Note 2',	'Package description 2',	'06-06-2023_a49a5d140159073aa144d11329c64863-mob.jpg',	'06-06-2023_a49a5d140159073aa144d11329c64863-web.jpg',	NULL,	'2023-01-06 15:22:22',	NULL,	1,	NULL,	1),
(3,	'test ',	38,	'N',	3,	3.00,	'2023-02-09',	'2023-02-13',	'MO',	12.00,	5.00,	0.00,	'test',	'test',	'06-06-2023_674b5b877c6d4ccfa7dbeaad41a35677-mob.jpg',	'06-06-2023_674b5b877c6d4ccfa7dbeaad41a35677-web.jpg',	NULL,	'2023-02-10 09:02:42',	NULL,	1,	NULL,	1),
(4,	'7',	25,	'N',	6,	5.00,	'2023-06-27',	'2023-06-22',	'MO',	NULL,	45.00,	0.00,	'56',	'56',	'06-06-2023_2ad466fa07e04cf44a5b5de25369074a.jpg',	'06-06-2023_2ad466fa07e04cf44a5b5de25369074a-web.jpg',	NULL,	'2023-06-06 13:06:27',	NULL,	1,	NULL,	0);

DROP TABLE IF EXISTS `package_subscription`;
CREATE TABLE `package_subscription` (
  `id` bigint unsigned NOT NULL AUTO_INCREMENT,
  `package_id` bigint unsigned NOT NULL,
  `customer_id` bigint unsigned NOT NULL,
  `reference_id` varchar(255)  DEFAULT NULL,
  `coupon_id` varchar(155)  DEFAULT NULL,
  `addedFrom` varchar(15)  NOT NULL DEFAULT 'A',
  `service_date` date NOT NULL,
  `customer_address_id` bigint NOT NULL,
  `price` double(10,2) DEFAULT NULL,
  `notes` longtext ,
  `addedDateTime` datetime NOT NULL,
  `updatedDateTime` datetime DEFAULT NULL,
  `addedBy` int DEFAULT NULL,
  `updatedBy` int DEFAULT NULL,
  `status` tinyint(1) NOT NULL DEFAULT '1',
  PRIMARY KEY (`id`),
  UNIQUE KEY `reference_id` (`reference_id`),
  KEY `package_id` (`package_id`),
  KEY `customer_id` (`customer_id`),
  KEY `addedBy` (`addedBy`),
  KEY `updatedBy` (`updatedBy`),
  KEY `customer_address_id` (`customer_address_id`),
  CONSTRAINT `package_subscription_ibfk_1` FOREIGN KEY (`package_id`) REFERENCES `package` (`package_id`),
  CONSTRAINT `package_subscription_ibfk_2` FOREIGN KEY (`customer_id`) REFERENCES `customers` (`customer_id`),
  CONSTRAINT `package_subscription_ibfk_3` FOREIGN KEY (`addedBy`) REFERENCES `users` (`user_id`),
  CONSTRAINT `package_subscription_ibfk_4` FOREIGN KEY (`updatedBy`) REFERENCES `users` (`user_id`),
  CONSTRAINT `package_subscription_ibfk_5` FOREIGN KEY (`customer_address_id`) REFERENCES `customer_addresses` (`customer_address_id`)
) ENGINE=InnoDB DEFAULT CHARSET=utf8mb4 ;


DROP TABLE IF EXISTS `package_subscription_payment`;
CREATE TABLE `package_subscription_payment` (
  `id` bigint NOT NULL AUTO_INCREMENT,
  `package_subscription_id` bigint unsigned DEFAULT NULL,
  `reference_id` varchar(255)  DEFAULT NULL,
  `transaction_id` varchar(255)  DEFAULT NULL,
  `checkout_id` varchar(255)  DEFAULT NULL,
  `amount` double(16,2) DEFAULT NULL,
  `transaction_charge` float(10,2) NOT NULL DEFAULT '0.00',
  `payment_datetime` datetime DEFAULT NULL,
  `payment_status` varchar(255)  NOT NULL,
  `post_data` text ,
  `payment_mode` varchar(255)  NOT NULL,
  `status` tinyint NOT NULL DEFAULT '1',
  PRIMARY KEY (`id`),
  UNIQUE KEY `checkout_id` (`checkout_id`),
  UNIQUE KEY `transaction_id` (`transaction_id`),
  KEY `package_subscription_id` (`package_subscription_id`),
  CONSTRAINT `package_subscription_payment_ibfk_1` FOREIGN KEY (`package_subscription_id`) REFERENCES `package_subscription` (`id`)
) ENGINE=InnoDB DEFAULT CHARSET=utf8mb4 ;


DROP TABLE IF EXISTS `partner_companies`;
CREATE TABLE `partner_companies` (
  `company_id` int NOT NULL AUTO_INCREMENT,
  `partner_company_name` varchar(255)  DEFAULT NULL,
  `company_odoo_id` int NOT NULL DEFAULT '0',
  `status` tinyint(1) NOT NULL DEFAULT '1',
  `odoo_package_company_id` int DEFAULT '0',
  `odoo_package_company_status` tinyint(1) NOT NULL DEFAULT '0',
  PRIMARY KEY (`company_id`)
) ENGINE=InnoDB DEFAULT CHARSET=utf8mb4 ;


DROP TABLE IF EXISTS `payment_bookings`;
CREATE TABLE `payment_bookings` (
  `booking_id` bigint unsigned NOT NULL AUTO_INCREMENT,
  `reference_id` varchar(200)  NOT NULL,
  `customer_id` bigint unsigned NOT NULL,
  `customer_address_id` bigint NOT NULL,
  `maid_id` int unsigned NOT NULL,
  `service_type_id` int NOT NULL,
  `service_start_date` date NOT NULL,
  `service_week_day` tinyint(1) NOT NULL,
  `time_type` varchar(100)  DEFAULT NULL,
  `time_from` time NOT NULL,
  `time_to` time NOT NULL,
  `booking_note` mediumtext ,
  `booking_type` char(2)  NOT NULL,
  `booking_category` char(2)  NOT NULL,
  `service_end` tinyint NOT NULL COMMENT '0 - Never, 1 - On date',
  `service_end_date` date NOT NULL,
  `service_actual_end_date` date NOT NULL,
  `price_per_hr` decimal(10,0) NOT NULL DEFAULT '40',
  `pending_amount` float(10,2) NOT NULL,
  `discount` float(10,2) NOT NULL,
  `service_charge` float(10,2) DEFAULT NULL,
  `vat_charge` float(10,2) DEFAULT NULL,
  `total_amount` float(10,2) NOT NULL,
  `net_cleaning_fee` float(10,2) NOT NULL DEFAULT '0.00',
  `net_service_charge` float(10,2) NOT NULL DEFAULT '0.00',
  `net_discount` float(10,2) NOT NULL DEFAULT '0.00',
  `net_vat_charge` float(10,2) NOT NULL DEFAULT '0.00',
  `total_net_amount` float(10,2) NOT NULL DEFAULT '0.00',
  `is_locked` tinyint(1) NOT NULL COMMENT '0 - No, 1 - Yes',
  `no_of_maids` tinyint(1) DEFAULT '1',
  `no_of_hrs` tinyint NOT NULL,
  `number_of_visits` int NOT NULL DEFAULT '1',
  `cleaning_material` enum('Y','N')  NOT NULL,
  `cleaning_material_fee` varchar(10)  DEFAULT NULL,
  `booked_from` char(1)  DEFAULT NULL COMMENT 'M-Mobile, W-Web, A-Admin',
  `booking_from` varchar(200)  DEFAULT 'CB',
  `booked_by` int NOT NULL,
  `booking_status` tinyint(1) NOT NULL COMMENT '0 - Inactive, 1 - Active, 2 - Deleted',
  `booked_datetime` datetime NOT NULL,
  `delete_remarks` longtext ,
  `vaccum_cleaning` int DEFAULT NULL,
  `cleaning_chemicals` int DEFAULT NULL,
  `sofa_cleaning` int DEFAULT NULL,
  `payment_type` int DEFAULT NULL COMMENT '0-cash,1-credit,2-cheque',
  `coupon_id` bigint DEFAULT NULL,
  `coupon_used` varchar(200)  DEFAULT NULL,
  `priority_type` varchar(20)  DEFAULT NULL,
  `interior_window_clean` int NOT NULL DEFAULT '0' COMMENT '0-no,1-yes',
  `fridge_cleaning` int NOT NULL DEFAULT '0' COMMENT '0-no,1-yes',
  `ironing_services` int NOT NULL DEFAULT '0' COMMENT '0-no,1-yes',
  `oven_cleaning` int DEFAULT '0' COMMENT '0-no,1-yes',
  `crew_in` longtext ,
  `justmop_reference` varchar(200)  DEFAULT NULL,
  `from_justmop` int NOT NULL DEFAULT '0',
  `pay_by` varchar(100)  DEFAULT NULL,
  `is_cancelled` varchar(100)  NOT NULL DEFAULT 'no',
  `cancel_date` datetime DEFAULT NULL,
  PRIMARY KEY (`booking_id`),
  KEY `booking_category` (`booking_category`),
  KEY `customer_id` (`customer_id`),
  KEY `maid_id` (`maid_id`),
  KEY `customer_address_id` (`customer_address_id`),
  KEY `booked_by` (`booked_by`),
  KEY `service_actual_end_date` (`service_actual_end_date`),
  KEY `service_end` (`service_end`),
  KEY `service_start_date` (`service_start_date`),
  KEY `booking_type` (`booking_type`),
  KEY `service_week_day` (`service_week_day`),
  KEY `booking_status` (`booking_status`),
  KEY `time_from` (`time_from`),
  KEY `service_type_id` (`service_type_id`),
  KEY `time_to` (`time_to`),
  KEY `service_end_date` (`service_end_date`),
  KEY `booked_from` (`booked_from`),
  KEY `booked_datetime` (`booked_datetime`),
  KEY `reference_id` (`reference_id`),
  KEY `from_justmop` (`from_justmop`),
  KEY `justmop_reference` (`justmop_reference`),
  KEY `coupon_id` (`coupon_id`),
  CONSTRAINT `payment_bookings_ibfk_1` FOREIGN KEY (`booking_id`) REFERENCES `bookings` (`booking_id`),
  CONSTRAINT `payment_bookings_ibfk_2` FOREIGN KEY (`customer_id`) REFERENCES `customers` (`customer_id`),
  CONSTRAINT `payment_bookings_ibfk_3` FOREIGN KEY (`customer_address_id`) REFERENCES `customer_addresses` (`customer_address_id`),
  CONSTRAINT `payment_bookings_ibfk_4` FOREIGN KEY (`maid_id`) REFERENCES `maids` (`maid_id`),
  CONSTRAINT `payment_bookings_ibfk_5` FOREIGN KEY (`service_type_id`) REFERENCES `service_types` (`service_type_id`),
  CONSTRAINT `payment_bookings_ibfk_6` FOREIGN KEY (`coupon_id`) REFERENCES `coupon_code` (`coupon_id`)
) ENGINE=InnoDB DEFAULT CHARSET=utf8mb4 ;


DROP TABLE IF EXISTS `payment_frequencies`;
CREATE TABLE `payment_frequencies` (
  `payment_frequency_id` int unsigned NOT NULL AUTO_INCREMENT,
  `payment_frequency` varchar(255) NOT NULL,
  `created_at` datetime NOT NULL,
  `updated_at` datetime NOT NULL,
  `deleted_at` datetime DEFAULT NULL,
  PRIMARY KEY (`payment_frequency_id`)
) ENGINE=InnoDB DEFAULT CHARSET=utf8mb4 ;

INSERT INTO `payment_frequencies` (`payment_frequency_id`, `payment_frequency`, `created_at`, `updated_at`, `deleted_at`) VALUES
(1,	'Daily',	'2023-07-13 12:39:04',	'2023-07-13 12:39:04',	NULL),
(2,	'Weekly',	'2023-07-13 12:39:04',	'2023-07-13 12:39:04',	NULL),
(3,	'Monthly',	'2023-07-13 12:39:04',	'2023-07-13 12:39:04',	NULL),
(4,	'Monthly Advance',	'2023-07-13 12:39:04',	'2023-07-13 12:39:04',	NULL);

DROP TABLE IF EXISTS `payment_link_log`;
CREATE TABLE `payment_link_log` (
  `link_id` bigint unsigned NOT NULL AUTO_INCREMENT,
  `customer_id` bigint unsigned NOT NULL,
  `amount` float(10,2) NOT NULL DEFAULT '0.00',
  `description` varchar(1500)  DEFAULT NULL,
  `payment_link` mediumtext ,
  `type` varchar(10)  DEFAULT NULL,
  `sent_by` int DEFAULT '0',
  `added_date_time` datetime NOT NULL DEFAULT CURRENT_TIMESTAMP,
  `status` tinyint(1) NOT NULL DEFAULT '1',
  PRIMARY KEY (`link_id`)
) ENGINE=InnoDB DEFAULT CHARSET=utf8mb4 ;


DROP TABLE IF EXISTS `payment_modes`;
CREATE TABLE `payment_modes` (
  `payment_mode_id` int unsigned NOT NULL AUTO_INCREMENT,
  `payment_mode` varchar(155) NOT NULL,
  `description` varchar(255) NOT NULL,
  `payment_mode_charge` decimal(15,2) NOT NULL DEFAULT '0.00',
  `created_at` datetime NOT NULL,
  `updated_at` datetime NOT NULL,
  `deleted_at` datetime DEFAULT NULL,
  PRIMARY KEY (`payment_mode_id`)
) ENGINE=InnoDB DEFAULT CHARSET=utf8mb4 ;

INSERT INTO `payment_modes` (`payment_mode_id`, `payment_mode`, `description`, `payment_mode_charge`, `created_at`, `updated_at`, `deleted_at`) VALUES
(1,	'Cash',	'cashhhh........',	0.00,	'2023-07-13 12:49:29',	'2023-07-13 12:49:29',	NULL),
(2,	'Card',	'cashhhh........',	0.00,	'2023-07-13 12:49:29',	'2023-07-13 12:49:29',	NULL),
(3,	'Cheque',	'cashhhh........',	0.00,	'2023-07-13 12:49:29',	'2023-07-13 12:49:29',	NULL),
(4,	'Online transfer',	'cashhhh........',	0.00,	'2023-07-13 12:49:29',	'2023-07-13 12:49:29',	NULL);

DROP TABLE IF EXISTS `payment_settings`;
CREATE TABLE `payment_settings` (
  `ps_id` int NOT NULL AUTO_INCREMENT,
  `from_hr` int DEFAULT NULL,
  `to_hr` int DEFAULT NULL,
  `price` varchar(50)  DEFAULT NULL,
  `status` int DEFAULT NULL,
  PRIMARY KEY (`ps_id`)
) ENGINE=InnoDB DEFAULT CHARSET=utf8mb4 ;


DROP TABLE IF EXISTS `price_settings`;
CREATE TABLE `price_settings` (
  `id` int NOT NULL AUTO_INCREMENT,
  `hour` int NOT NULL,
  `price_c` varchar(500)  DEFAULT NULL,
  `price_n` varchar(500)  DEFAULT NULL,
  `price_f` varchar(500)  DEFAULT NULL,
  `price_f_n` varchar(500)  DEFAULT NULL,
  PRIMARY KEY (`id`)
) ENGINE=InnoDB DEFAULT CHARSET=utf8mb4 ;

INSERT INTO `price_settings` (`id`, `hour`, `price_c`, `price_n`, `price_f`, `price_f_n`) VALUES
(1,	2,	'45',	'35',	'45',	'35'),
(2,	3,	'45',	'35',	'45',	'35'),
(3,	4,	'45',	'35',	'45',	'35');

DROP TABLE IF EXISTS `province`;
CREATE TABLE `province` (
  `province_id` tinyint NOT NULL AUTO_INCREMENT,
  `province` varchar(10)  NOT NULL,
  `status` tinyint(1) NOT NULL DEFAULT '1',
  PRIMARY KEY (`province_id`),
  KEY `status` (`status`)
) ENGINE=InnoDB DEFAULT CHARSET=utf8mb4 ;

INSERT INTO `province` (`province_id`, `province`, `status`) VALUES
(1,	'PROVINCE A',	1),
(2,	'PROVINCE B',	1),
(3,	'PROVINCE C',	1);

DROP TABLE IF EXISTS `push_notications`;
CREATE TABLE `push_notications` (
  `id` int unsigned NOT NULL AUTO_INCREMENT,
  `tab_id` int DEFAULT NULL,
  `type` tinyint unsigned NOT NULL,
  `title` varchar(1000)  DEFAULT NULL,
  `message` varchar(100)  NOT NULL,
  `customer_name` varchar(250)  DEFAULT NULL,
  `maid_name` varchar(250)  DEFAULT NULL,
  `booking_time` varchar(100)  DEFAULT NULL,
  `maid_id` int unsigned DEFAULT '0',
  `read_status` tinyint(1) NOT NULL DEFAULT '0',
  `maid_read_status` tinyint(1) NOT NULL DEFAULT '0',
  `addeddate` datetime NOT NULL,
  PRIMARY KEY (`id`),
  KEY `push_idx1` (`maid_id`,`addeddate`),
  KEY `push_idx2` (`tab_id`,`addeddate`),
  CONSTRAINT `push_notications_ibfk_1` FOREIGN KEY (`tab_id`) REFERENCES `tablets` (`tablet_id`),
  CONSTRAINT `push_notications_ibfk_2` FOREIGN KEY (`maid_id`) REFERENCES `maids` (`maid_id`)
) ENGINE=InnoDB DEFAULT CHARSET=utf8mb4 ;

INSERT INTO `push_notications` (`id`, `tab_id`, `type`, `title`, `message`, `customer_name`, `maid_name`, `booking_time`, `maid_id`, `read_status`, `maid_read_status`, `addeddate`) VALUES
(1,	2,	1,	'New Booking',	'New Booking. Maid : April Maid, Customer : TEST Customer, Shift : 09:30 AM-10:00 AM',	'TEST Customer',	'April Maid',	'09:30 AM - 10:00 AM',	1,	0,	0,	'2023-03-20 15:59:33'),
(2,	2,	1,	'New Booking',	'New Booking. Maid : Weekly Maid Test, Customer : Vishnu M, Shift : 08:00 AM-10:00 AM',	'Vishnu M',	'Weekly Maid Test',	'08:00 AM - 10:00 AM',	7,	0,	0,	'2023-03-20 15:59:56'),
(3,	NULL,	1,	'New Booking',	'New Booking. Maid : April Maid, Customer : TEST Customer, Shift : 10:30 AM-12:00 PM',	'TEST Customer',	'April Maid',	'10:30 AM - 12:00 PM',	1,	0,	0,	'2023-03-20 16:00:28'),
(5,	NULL,	1,	'New Booking',	'New Booking. Maid : Maid 2023, Customer : Samnad S - TEST CUSTOMER, Shift : 11:30 AM-12:00 PM',	'Samnad S - TEST CUSTOMER',	'Maid 2023',	'11:30 AM - 12:00 PM',	2,	0,	0,	'2023-03-20 16:01:33'),
(6,	NULL,	1,	'New Booking',	'New Booking. Maid : Bi-Weekly Maid Test, Customer : Samnad S - TEST CUSTOMER, Shift : 11:30 AM-12:00',	'Samnad S - TEST CUSTOMER',	'Bi-Weekly Maid Test',	'11:30 AM - 12:00 PM',	8,	0,	0,	'2023-03-20 16:02:21'),
(7,	NULL,	1,	'New Booking',	'New Booking. Maid : Bi-Weekly Maid Test, Customer : Samnad S - TEST CUSTOMER, Shift : 12:00 PM-12:30',	'Samnad S - TEST CUSTOMER',	'Bi-Weekly Maid Test',	'12:00 PM - 12:30 PM',	8,	0,	0,	'2023-03-20 16:02:51'),
(8,	2,	1,	'New Booking',	'New Booking. Maid : PHP Dev Maid, Customer : Vishnu M, Shift : 10:00 AM-10:30 AM',	'Vishnu M',	'PHP Dev Maid',	'10:00 AM - 10:30 AM',	4,	0,	0,	'2023-03-20 16:05:25'),
(9,	2,	1,	'New Booking',	'New Booking. Maid : PHP Dev Maid, Customer : Vishnu M, Shift : 10:00 AM-10:30 AM',	'Vishnu M',	'PHP Dev Maid',	'10:00 AM - 10:30 AM',	4,	0,	0,	'2023-03-20 16:05:25'),
(10,	2,	1,	'New Booking',	'New Booking. Maid : Pyth Maid 123, Customer : Samnad S - TEST CUSTOMER, Shift : 12:00 PM-12:30 PM',	'Samnad S - TEST CUSTOMER',	'Pyth Maid 123',	'12:00 PM - 12:30 PM',	5,	0,	0,	'2023-03-20 16:09:55'),
(11,	1,	1,	'New Booking',	'New Booking. Maid : One Day Maid Test, Customer : Samnad S - TEST CUSTOMER, Shift : 08:00 AM-08:30 A',	'Samnad S - TEST CUSTOMER',	'One Day Maid Test',	'08:00 AM - 08:30 AM',	9,	0,	0,	'2023-03-20 16:14:35'),
(12,	2,	1,	'New Booking',	'New Booking. Maid : Weekly Maid Test, Customer : Samnad S - TEST CUSTOMER, Shift : 10:30 AM-11:00 AM',	'Samnad S - TEST CUSTOMER',	'Weekly Maid Test',	'10:30 AM - 11:00 AM',	7,	0,	0,	'2023-03-20 16:18:56'),
(13,	2,	1,	'New Booking',	'New Booking. Maid : Pyth Maid 123, Customer : Samnad S - TEST CUSTOMER, Shift : 12:30 PM-01:00 PM',	'Samnad S - TEST CUSTOMER',	'Pyth Maid 123',	'12:30 PM - 01:00 PM',	5,	0,	0,	'2023-03-20 16:19:24'),
(14,	NULL,	1,	'Booking Cancelled',	'Booking Cancelled. Maid : Bi-Weekly Maid Test, Customer : Samnad S - TEST CUSTOMER, Shift : 12:00 PM',	'Samnad S - TEST CUSTOMER',	'Bi-Weekly Maid Test',	'12:00 PM - 12:30 PM',	8,	0,	0,	'2023-03-20 16:20:17'),
(15,	2,	1,	'New Booking',	'New Booking. Maid : Bi-Weekly Maid Test, Customer : TEST Customer, Shift : 11:30 AM-12:00 PM',	'TEST Customer',	'Bi-Weekly Maid Test',	'11:30 AM - 12:00 PM',	8,	0,	0,	'2023-03-20 16:24:54'),
(16,	1,	1,	'New Booking',	'New Booking. Maid : April Maid, Customer : Vishnu M, Shift : 10:00 AM-10:30 AM',	'Vishnu M',	'April Maid',	'10:00 AM - 10:30 AM',	1,	0,	0,	'2023-03-20 16:30:46'),
(17,	2,	1,	'New Booking',	'New Booking. Maid : April Maid, Customer : Vishnu M, Shift : 11:00 AM-11:30 AM',	'Vishnu M',	'April Maid',	'11:00 AM - 11:30 AM',	1,	0,	0,	'2023-03-20 16:31:50'),
(18,	1,	1,	'New Booking',	'New Booking. Maid : JS Maid, Customer : TEST Customer, Shift : 11:30 AM-12:00 PM',	'TEST Customer',	'JS Maid',	'11:30 AM - 12:00 PM',	3,	0,	0,	'2023-03-20 16:33:16'),
(19,	3,	1,	'New Booking',	'New Booking. Maid : JS Maid, Customer : TEST Customer, Shift : 12:00 PM-12:30 PM',	'TEST Customer',	'JS Maid',	'12:00 PM - 12:30 PM',	3,	0,	0,	'2023-03-20 16:33:51'),
(20,	NULL,	1,	'New Booking',	'New Booking. Maid : April Maid, Customer : Samnad S - TEST CUSTOMER, Shift : 09:00 AM-09:30 AM',	'Samnad S - TEST CUSTOMER',	'April Maid',	'09:00 AM - 09:30 AM',	1,	0,	0,	'2023-03-20 16:37:16'),
(21,	NULL,	1,	'New Booking',	'New Booking. Maid : April Maid, Customer : Samnad S - TEST CUSTOMER, Shift : 09:30 AM-10:00 AM',	'Samnad S - TEST CUSTOMER',	'April Maid',	'09:30 AM - 10:00 AM',	1,	0,	0,	'2023-03-20 16:37:50'),
(22,	NULL,	1,	'New Booking',	'New Booking. Maid : April Maid, Customer : Samnad S - TEST CUSTOMER, Shift : 10:00 AM-10:30 AM',	'Samnad S - TEST CUSTOMER',	'April Maid',	'10:00 AM - 10:30 AM',	1,	0,	0,	'2023-03-20 16:38:09'),
(23,	NULL,	1,	'New Booking',	'New Booking. Maid : April Maid, Customer : TEST Customer, Shift : 09:00 AM-09:30 AM',	'TEST Customer',	'April Maid',	'09:00 AM - 09:30 AM',	1,	0,	0,	'2023-03-20 16:40:05'),
(24,	NULL,	1,	'Booking Cancelled',	'Booking Cancelled. Maid : April Maid, Customer : Samnad S - TEST CUSTOMER, Shift : 09:30 AM-10:00 AM',	'Samnad S - TEST CUSTOMER',	'April Maid',	'09:30 AM - 10:00 AM',	1,	0,	0,	'2023-03-20 16:40:56'),
(25,	NULL,	1,	'Booking Cancelled',	'Booking Cancelled. Maid : April Maid, Customer : Samnad S - TEST CUSTOMER, Shift : 01:00 PM-01:30 PM',	'Samnad S - TEST CUSTOMER',	'April Maid',	'01:00 PM - 01:30 PM',	1,	0,	0,	'2023-03-20 16:46:03'),
(26,	NULL,	1,	'Booking Cancelled',	'Booking Cancelled. Maid : April Maid, Customer : Samnad S - TEST CUSTOMER, Shift : 01:00 PM-01:30 PM',	'Samnad S - TEST CUSTOMER',	'April Maid',	'01:00 PM - 01:30 PM',	1,	0,	0,	'2023-03-20 16:46:15'),
(27,	NULL,	1,	'Booking Cancelled',	'Booking Cancelled. Maid : April Maid, Customer : Samnad S - TEST CUSTOMER, Shift : 02:30 PM-04:00 PM',	'Samnad S - TEST CUSTOMER',	'April Maid',	'02:30 PM - 04:00 PM',	1,	0,	0,	'2023-03-20 16:47:29'),
(28,	NULL,	1,	'Booking Cancelled',	'Booking Cancelled. Maid : April Maid, Customer : Samnad S - TEST CUSTOMER, Shift : 02:30 PM-04:00 PM',	'Samnad S - TEST CUSTOMER',	'April Maid',	'02:30 PM - 04:00 PM',	1,	0,	0,	'2023-03-20 16:47:40'),
(29,	2,	1,	'New Booking',	'New Booking. Maid : April Maid, Customer : Samnad S - TEST CUSTOMER, Shift : 10:30 AM-11:00 AM',	'Samnad S - TEST CUSTOMER',	'April Maid',	'10:30 AM - 11:00 AM',	1,	0,	0,	'2023-03-20 17:22:06'),
(30,	NULL,	1,	'New Booking',	'New Booking. Maid : April Maid, Customer : Samnad S - TEST CUSTOMER, Shift : 12:30 PM-01:00 PM',	'Samnad S - TEST CUSTOMER',	'April Maid',	'12:30 PM - 01:00 PM',	1,	0,	0,	'2023-03-20 17:28:42'),
(31,	NULL,	1,	'Booking Cancelled',	'Booking Cancelled. Maid : April Maid, Customer : Samnad S - TEST CUSTOMER, Shift : 12:30 PM-01:00 PM',	'Samnad S - TEST CUSTOMER',	'April Maid',	'12:30 PM - 01:00 PM',	1,	0,	0,	'2023-03-20 17:28:51'),
(32,	NULL,	1,	'Booking Cancelled',	'Booking Cancelled. Maid : April Maid, Customer : Samnad S - TEST CUSTOMER, Shift : 12:30 PM-01:00 PM',	'Samnad S - TEST CUSTOMER',	'April Maid',	'12:30 PM - 01:00 PM',	1,	0,	0,	'2023-03-20 17:28:56'),
(33,	NULL,	1,	'New Booking',	'New Booking. Maid : April Maid, Customer : TEST Customer, Shift : 10:30 AM-11:00 AM',	'TEST Customer',	'April Maid',	'10:30 AM - 11:00 AM',	1,	0,	0,	'2023-03-20 17:29:59'),
(34,	NULL,	1,	'Booking Cancelled',	'Booking Cancelled. Maid : April Maid, Customer : TEST Customer, Shift : 10:30 AM-11:00 AM',	'TEST Customer',	'April Maid',	'10:30 AM - 11:00 AM',	1,	0,	0,	'2023-03-20 17:30:06'),
(35,	NULL,	1,	'Booking Cancelled',	'Booking Cancelled. Maid : April Maid, Customer : TEST Customer, Shift : 10:30 AM-11:00 AM',	'TEST Customer',	'April Maid',	'10:30 AM - 11:00 AM',	1,	0,	0,	'2023-03-20 17:30:22'),
(36,	NULL,	1,	'Booking Cancelled',	'Booking Cancelled. Maid : April Maid, Customer : Samnad S - TEST CUSTOMER, Shift : 12:30 PM-01:00 PM',	'Samnad S - TEST CUSTOMER',	'April Maid',	'12:30 PM - 01:00 PM',	1,	0,	0,	'2023-03-20 17:30:25'),
(37,	NULL,	1,	'New Booking',	'New Booking. Maid : Maid 2023, Customer : Samnad S - TEST CUSTOMER, Shift : 11:00 AM-11:30 AM',	'Samnad S - TEST CUSTOMER',	'Maid 2023',	'11:00 AM - 11:30 AM',	2,	0,	0,	'2023-03-20 17:36:18'),
(38,	NULL,	1,	'New Booking',	'New Booking. Maid : April Maid, Customer : Samnad S - TEST CUSTOMER, Shift : 11:00 AM-11:30 AM',	'Samnad S - TEST CUSTOMER',	'April Maid',	'11:00 AM - 11:30 AM',	1,	0,	0,	'2023-03-20 17:43:54'),
(39,	NULL,	1,	'Booking Cancelled',	'Booking Cancelled. Maid : April Maid, Customer : Samnad S - TEST CUSTOMER, Shift : 11:00 AM-11:30 AM',	'Samnad S - TEST CUSTOMER',	'April Maid',	'11:00 AM - 11:30 AM',	1,	0,	0,	'2023-03-20 17:44:07'),
(40,	NULL,	1,	'New Booking',	'New Booking. Maid : April Maid, Customer : Samnad S - TEST CUSTOMER, Shift : 11:00 AM-11:30 AM',	'Samnad S - TEST CUSTOMER',	'April Maid',	'11:00 AM - 11:30 AM',	1,	0,	0,	'2023-03-20 17:44:24'),
(41,	NULL,	1,	'Booking Cancelled',	'Booking Cancelled. Maid : April Maid, Customer : Samnad S - TEST CUSTOMER, Shift : 11:00 AM-11:30 AM',	'Samnad S - TEST CUSTOMER',	'April Maid',	'11:00 AM - 11:30 AM',	1,	0,	0,	'2023-03-20 17:44:29'),
(42,	NULL,	1,	'New Booking',	'New Booking. Maid : April Maid, Customer : Samnad S - TEST CUSTOMER, Shift : 11:30 AM-12:00 PM',	'Samnad S - TEST CUSTOMER',	'April Maid',	'11:30 AM - 12:00 PM',	1,	0,	0,	'2023-03-20 17:57:48'),
(43,	NULL,	1,	'Booking Cancelled',	'Booking Cancelled. Maid : April Maid, Customer : Samnad S - TEST CUSTOMER, Shift : 11:30 AM-12:00 PM',	'Samnad S - TEST CUSTOMER',	'April Maid',	'11:30 AM - 12:00 PM',	1,	0,	0,	'2023-03-20 17:57:54'),
(44,	NULL,	1,	'Booking Cancelled',	'Booking Cancelled. Maid : April Maid, Customer : Samnad S - TEST CUSTOMER, Shift : 11:30 AM-12:00 PM',	'Samnad S - TEST CUSTOMER',	'April Maid',	'11:30 AM - 12:00 PM',	1,	0,	0,	'2023-03-20 17:58:06'),
(45,	2,	1,	'New Booking',	'New Booking. Maid : April Maid, Customer : Samnad S - TEST CUSTOMER, Shift : 10:00 AM-10:30 AM',	'Samnad S - TEST CUSTOMER',	'April Maid',	'10:00 AM - 10:30 AM',	1,	0,	0,	'2023-03-20 17:58:25'),
(46,	2,	1,	'New Booking',	'New Booking. Maid : April Maid, Customer : Samnad S - TEST CUSTOMER, Shift : 10:30 AM-11:00 AM',	'Samnad S - TEST CUSTOMER',	'April Maid',	'10:30 AM - 11:00 AM',	1,	0,	0,	'2023-03-20 17:59:03'),
(47,	2,	1,	'New Booking',	'New Booking. Maid : April Maid, Customer : TEST Customer, Shift : 10:00 AM-10:30 AM',	'TEST Customer',	'April Maid',	'10:00 AM - 10:30 AM',	1,	0,	0,	'2023-03-20 18:07:45'),
(48,	1,	1,	'New Booking',	'New Booking. Maid : April Maid, Customer : TEST Customer, Shift : 11:00 AM-11:30 AM',	'TEST Customer',	'April Maid',	'11:00 AM - 11:30 AM',	1,	0,	0,	'2023-03-20 18:08:57'),
(49,	2,	1,	'New Booking',	'New Booking. Maid : April Maid, Customer : TEST Customer, Shift : 11:00 AM-11:30 AM',	'TEST Customer',	'April Maid',	'11:00 AM - 11:30 AM',	1,	0,	0,	'2023-03-20 18:09:17'),
(50,	3,	1,	'New Booking',	'New Booking. Maid : Weekly Maid Test, Customer : TEST Customer, Shift : 10:30 AM-11:00 AM',	'TEST Customer',	'Weekly Maid Test',	'10:30 AM - 11:00 AM',	7,	0,	0,	'2023-03-20 18:14:02'),
(51,	2,	1,	'New Booking',	'New Booking. Maid : April Maid, Customer : Samnad S - TEST CUSTOMER, Shift : 09:30 AM-10:00 AM',	'Samnad S - TEST CUSTOMER',	'April Maid',	'09:30 AM - 10:00 AM',	1,	0,	0,	'2023-03-21 09:12:40'),
(52,	2,	1,	'New Booking',	'New Booking. Maid : Bi-Weekly Maid Test, Customer : Revathy, Shift : 12:00 PM-01:00 PM',	'Revathy',	'Bi-Weekly Maid Test',	'12:00 PM - 01:00 PM',	8,	0,	0,	'2023-03-22 10:31:20'),
(53,	2,	1,	'New Booking',	'New Booking. Maid : One Day Maid Test, Customer : Revathy, Shift : 12:00 PM-12:30 PM',	'Revathy',	'One Day Maid Test',	'12:00 PM - 12:30 PM',	9,	0,	0,	'2023-03-22 10:44:21'),
(54,	2,	1,	'New Booking',	'New Booking. Maid : One Day Maid Test, Customer : Revathy, Shift : 12:00 PM-12:30 PM',	'Revathy',	'One Day Maid Test',	'12:00 PM - 12:30 PM',	9,	0,	0,	'2023-03-22 10:44:21'),
(56,	3,	1,	'New Booking',	'New Booking. Maid : One Day Maid Test, Customer : Samnad S - TEST CUSTOMER, Shift : 01:30 PM-02:00 P',	'Samnad S - TEST CUSTOMER',	'One Day Maid Test',	'01:30 PM - 02:00 PM',	9,	0,	0,	'2023-03-22 12:50:38'),
(57,	2,	1,	'New Booking',	'New Booking. Maid : Maid 2023, Customer : testazinova, Shift : 12:30 PM-01:30 PM',	'testazinova',	'Maid 2023',	'12:30 PM - 01:30 PM',	2,	0,	0,	'2023-03-22 18:26:18'),
(58,	2,	1,	'New Booking',	'New Booking. Maid : PHP Dev Maid, Customer : Samnad S - TEST CUSTOMER, Shift : 12:30 PM-01:00 PM',	'Samnad S - TEST CUSTOMER',	'PHP Dev Maid',	'12:30 PM - 01:00 PM',	4,	0,	0,	'2023-03-23 11:39:14'),
(59,	2,	1,	'New Booking',	'New Booking. Maid : Maid 2023, Customer : Test vishnu, Shift : 12:00 PM-12:30 PM',	'Test vishnu',	'Maid 2023',	'12:00 PM - 12:30 PM',	2,	0,	0,	'2023-03-23 11:59:41'),
(60,	3,	1,	'Booking Transfered',	'Booking transferred. Maid : One Day Maid Test, Customer : Revathy, Shift : 12:00 PM-12:30 PM',	'Revathy',	'One Day Maid Test',	'12:00 PM - 12:30 PM',	9,	0,	0,	'2023-03-23 12:14:50'),
(61,	2,	1,	'New Booking',	'New Booking. Maid : April Maid, Customer : Samnad S - TEST CUSTOMER, Shift : 09:00 AM-09:30 AM',	'Samnad S - TEST CUSTOMER',	'April Maid',	'09:00 AM - 09:30 AM',	1,	0,	0,	'2023-03-23 12:15:20'),
(63,	2,	1,	'New Booking',	'New Booking. Maid : PHP Dev Maid, Customer : Revathy, Shift : 04:30 PM-05:00 PM',	'Revathy',	'PHP Dev Maid',	'04:30 PM - 05:00 PM',	4,	0,	0,	'2023-03-23 15:14:06'),
(64,	3,	1,	'New Booking',	'New Booking. Maid : Maid 2023, Customer : TEST Customer, Shift : 10:00 AM-05:00 PM',	'TEST Customer',	'Maid 2023',	'10:00 AM - 05:00 PM',	2,	0,	0,	'2023-03-24 10:27:20'),
(66,	2,	1,	'New Booking',	'New Booking. Maid : April Maid, Customer : Revathy, Shift : 10:00 AM-10:30 AM',	'Revathy',	'April Maid',	'10:00 AM - 10:30 AM',	1,	0,	0,	'2023-03-24 11:09:32'),
(67,	2,	1,	'New Booking',	'New Booking. Maid : Bi-Weekly Maid Test, Customer : Revathy L, Shift : 03:30 PM-04:00 PM',	'Revathy L',	'Bi-Weekly Maid Test',	'03:30 PM - 04:00 PM',	8,	0,	0,	'2023-03-29 09:58:21'),
(68,	2,	1,	'New Booking',	'New Booking. Maid : April Maid, Customer : TEST Customer, Shift : 02:30 PM-04:30 PM',	'TEST Customer',	'April Maid',	'02:30 PM - 04:30 PM',	1,	0,	0,	'2023-03-30 13:01:32'),
(69,	NULL,	1,	'New Booking',	'New Booking. Maid : Maid 2023, Customer : Revathy L, Shift : 11:30 AM-12:00 PM',	'Revathy L',	'Maid 2023',	'11:30 AM - 12:00 PM',	2,	0,	0,	'2023-03-30 13:02:15'),
(70,	NULL,	1,	'New Booking',	'New Booking. Maid : Maid 2023, Customer : Samnad S [ TEST ], Shift : 12:00 PM-12:30 PM',	'Samnad S [ TEST ]',	'Maid 2023',	'12:00 PM - 12:30 PM',	2,	0,	0,	'2023-03-30 13:02:43'),
(71,	NULL,	1,	'New Booking',	'New Booking. Maid : Maid 2023, Customer : Samnad S [ TEST ], Shift : 10:30 AM-11:00 AM',	'Samnad S [ TEST ]',	'Maid 2023',	'10:30 AM - 11:00 AM',	2,	0,	0,	'2023-03-30 13:47:41'),
(72,	3,	1,	'New Booking',	'New Booking. Maid : One Day Maid Test, Customer : Revathy L, Shift : 04:00 PM-05:00 PM',	'Revathy L',	'One Day Maid Test',	'04:00 PM - 05:00 PM',	9,	0,	0,	'2023-03-30 14:56:41'),
(73,	3,	1,	'New Booking',	'New Booking. Maid : One Day Maid Test, Customer : Revathy L, Shift : 04:00 PM-05:00 PM',	'Revathy L',	'One Day Maid Test',	'04:00 PM - 05:00 PM',	9,	0,	0,	'2023-03-30 14:56:41'),
(75,	2,	1,	'New Booking',	'New Booking. Maid : Maid 2023, Customer : Revathy L, Shift : 12:00 PM-01:30 PM',	'Revathy L',	'Maid 2023',	'12:00 PM - 01:30 PM',	2,	0,	0,	'2023-03-31 10:53:10'),
(76,	2,	1,	'New Booking',	'New Booking. Maid : JS Maid, Customer : Revathy L, Shift : 11:00 AM-11:30 AM',	'Revathy L',	'JS Maid',	'11:00 AM - 11:30 AM',	3,	0,	0,	'2023-03-31 10:53:41'),
(77,	2,	1,	'New Booking',	'New Booking. Maid : JS Maid, Customer : Revathy L, Shift : 11:00 AM-11:30 AM',	'Revathy L',	'JS Maid',	'11:00 AM - 11:30 AM',	3,	0,	0,	'2023-03-31 10:54:08'),
(78,	NULL,	1,	'New Booking',	'New Booking. Maid : April Maid, Customer : Revathy L, Shift : 12:30 PM-01:00 PM',	'Revathy L',	'April Maid',	'12:30 PM - 01:00 PM',	1,	0,	0,	'2023-03-31 10:54:37'),
(79,	2,	1,	'New Booking',	'New Booking. Maid : Maid 2023, Customer : Samnad S [ TEST ], Shift : 02:00 PM-02:30 PM',	'Samnad S [ TEST ]',	'Maid 2023',	'02:00 PM - 02:30 PM',	2,	0,	0,	'2023-03-31 11:13:29'),
(80,	1,	1,	'New Booking',	'New Booking. Maid : Maid 2023, Customer : Samnad S [ TEST ], Shift : 09:00 AM-09:30 AM',	'Samnad S [ TEST ]',	'Maid 2023',	'09:00 AM - 09:30 AM',	2,	0,	0,	'2023-03-31 14:29:30'),
(81,	1,	1,	'New Booking',	'New Booking. Maid : Maid 2023, Customer : Samnad S [ TEST ], Shift : 09:00 AM-09:30 AM',	'Samnad S [ TEST ]',	'Maid 2023',	'09:00 AM - 09:30 AM',	2,	0,	0,	'2023-03-31 14:29:30'),
(82,	1,	1,	'New Booking',	'New Booking. Maid : Maid 2023, Customer : Samnad S [ TEST ], Shift : 09:00 AM-09:30 AM',	'Samnad S [ TEST ]',	'Maid 2023',	'09:00 AM - 09:30 AM',	2,	0,	0,	'2023-03-31 14:29:30'),
(83,	2,	1,	'New Booking',	'New Booking. Maid : One Day Maid Test, Customer : Samnad S [ TEST ], Shift : 11:00 AM-11:30 AM',	'Samnad S [ TEST ]',	'One Day Maid Test',	'11:00 AM - 11:30 AM',	9,	0,	0,	'2023-03-31 14:33:19'),
(84,	2,	1,	'New Booking',	'New Booking. Maid : One Day Maid Test, Customer : Samnad S [ TEST ], Shift : 11:00 AM-11:30 AM',	'Samnad S [ TEST ]',	'One Day Maid Test',	'11:00 AM - 11:30 AM',	9,	0,	0,	'2023-03-31 14:33:19'),
(85,	2,	1,	'New Booking',	'New Booking. Maid : One Day Maid Test, Customer : Samnad S [ TEST ], Shift : 11:00 AM-11:30 AM',	'Samnad S [ TEST ]',	'One Day Maid Test',	'11:00 AM - 11:30 AM',	9,	0,	0,	'2023-03-31 14:33:19'),
(86,	NULL,	1,	'New Booking',	'New Booking. Maid : April Maid, Customer : TEST Customer, Shift : 04:00 PM-05:00 PM',	'TEST Customer',	'April Maid',	'04:00 PM - 05:00 PM',	1,	0,	0,	'2023-03-31 14:35:07'),
(87,	2,	1,	'New Booking',	'New Booking. Maid : April Maid, Customer : Samnad S [ TEST ], Shift : 05:00 PM-06:00 PM',	'Samnad S [ TEST ]',	'April Maid',	'05:00 PM - 06:00 PM',	1,	0,	0,	'2023-03-31 16:00:56'),
(88,	2,	1,	'New Booking',	'New Booking. Maid : April Maid, Customer : TEST Customer, Shift : 05:30 PM-06:30 PM',	'TEST Customer',	'April Maid',	'05:30 PM - 06:30 PM',	1,	0,	0,	'2023-03-31 16:02:14'),
(89,	1,	1,	'New Booking',	'New Booking. Maid : April Maid, Customer : Revathy L, Shift : 11:00 AM-11:30 AM',	'Revathy L',	'April Maid',	'11:00 AM - 11:30 AM',	1,	0,	0,	'2023-03-31 16:07:26'),
(90,	2,	1,	'New Booking',	'New Booking. Maid : April Maid, Customer : Nayana N, Shift : 11:00 AM-11:30 AM',	'Nayana N',	'April Maid',	'11:00 AM - 11:30 AM',	1,	0,	0,	'2023-03-31 16:13:25'),
(91,	1,	1,	'New Booking',	'New Booking. Maid : April Maid, Customer : TEST Customer, Shift : 11:30 AM-12:00 PM',	'TEST Customer',	'April Maid',	'11:30 AM - 12:00 PM',	1,	0,	0,	'2023-03-31 16:36:46'),
(92,	2,	1,	'New Booking',	'New Booking. Maid : Maid 2023, Customer : Test vishnu, Shift : 06:00 PM-07:30 PM',	'Test vishnu',	'Maid 2023',	'06:00 PM - 07:30 PM',	2,	0,	0,	'2023-03-31 16:52:59'),
(93,	2,	1,	'New Booking',	'New Booking. Maid : Weekly Maid Test, Customer : Revathy L, Shift : 07:00 PM-08:00 PM',	'Revathy L',	'Weekly Maid Test',	'07:00 PM - 08:00 PM',	7,	0,	0,	'2023-03-31 16:54:36'),
(94,	NULL,	1,	'Booking Cancelled',	'Booking Cancelled. Maid : One Day Maid Test, Customer : Samnad S [ TEST ], Shift : 11:00 AM-11:30 AM',	'Samnad S [ TEST ]',	'One Day Maid Test',	'11:00 AM - 11:30 AM',	9,	0,	0,	'2023-03-31 16:57:39'),
(95,	2,	1,	'New Booking',	'New Booking. Maid : April Maid, Customer : Samnad S [ TEST ], Shift : 10:30 AM-11:30 AM',	'Samnad S [ TEST ]',	'April Maid',	'10:30 AM - 11:30 AM',	1,	0,	0,	'2023-04-01 09:11:43'),
(96,	1,	1,	'New Booking',	'New Booking. Maid : April Maid, Customer : TEST Customer, Shift : 11:30 AM-12:00 PM',	'TEST Customer',	'April Maid',	'11:30 AM - 12:00 PM',	1,	0,	0,	'2023-04-01 09:12:16'),
(97,	3,	1,	'New Booking',	'New Booking. Maid : April Maid, Customer : Revathy L, Shift : 12:00 PM-12:30 PM',	'Revathy L',	'April Maid',	'12:00 PM - 12:30 PM',	1,	0,	0,	'2023-04-01 09:12:40'),
(98,	3,	1,	'New Booking',	'New Booking. Maid : April Maid, Customer : Samnad S [ TEST ], Shift : 12:30 PM-01:00 PM',	'Samnad S [ TEST ]',	'April Maid',	'12:30 PM - 01:00 PM',	1,	0,	0,	'2023-04-01 09:13:18'),
(99,	2,	1,	'New Booking',	'New Booking. Maid : April Maid, Customer : TEST Customer, Shift : 11:00 AM-11:30 AM',	'TEST Customer',	'April Maid',	'11:00 AM - 11:30 AM',	1,	0,	0,	'2023-04-03 11:26:48'),
(100,	2,	1,	'New Booking',	'New Booking. Maid : April Maid, Customer : Samnad S [ TEST ], Shift : 11:00 AM-11:30 AM',	'Samnad S [ TEST ]',	'April Maid',	'11:00 AM - 11:30 AM',	1,	0,	0,	'2023-04-03 11:28:53'),
(101,	1,	1,	'New Booking',	'New Booking. Maid : Maid 2023, Customer : Revathy L, Shift : 01:00 PM-02:00 PM',	'Revathy L',	'Maid 2023',	'01:00 PM - 02:00 PM',	2,	0,	0,	'2023-04-03 11:34:41'),
(102,	NULL,	1,	'Booking Cancelled',	'Booking Cancelled. Maid : Maid 2023, Customer : Revathy L, Shift : 01:00 PM-02:00 PM',	'Revathy L',	'Maid 2023',	'01:00 PM - 02:00 PM',	2,	0,	0,	'2023-04-03 11:35:15'),
(103,	NULL,	1,	'Booking Cancelled',	'Booking Cancelled. Maid : Maid 2023, Customer : Revathy L, Shift : 01:00 PM-02:00 PM',	'Revathy L',	'Maid 2023',	'01:00 PM - 02:00 PM',	2,	0,	0,	'2023-04-03 11:35:18'),
(104,	NULL,	1,	'Booking Cancelled',	'Booking Cancelled. Maid : Maid 2023, Customer : Revathy L, Shift : 01:00 PM-02:00 PM',	'Revathy L',	'Maid 2023',	'01:00 PM - 02:00 PM',	2,	0,	0,	'2023-04-03 11:35:36'),
(105,	1,	1,	'New Booking',	'New Booking. Maid : April Maid, Customer : Samnad S [ TEST ], Shift : 01:30 PM-03:00 PM',	'Samnad S [ TEST ]',	'April Maid',	'01:30 PM - 03:00 PM',	1,	0,	0,	'2023-04-03 12:09:11'),
(106,	3,	1,	'New Booking',	'New Booking. Maid : Maid 2023, Customer : Test vishnu, Shift : 10:30 AM-11:00 AM',	'Test vishnu',	'Maid 2023',	'10:30 AM - 11:00 AM',	2,	0,	0,	'2023-04-04 09:18:01'),
(107,	3,	1,	'New Booking',	'New Booking. Maid : Maid 2023, Customer : Test vishnu, Shift : 10:30 AM-11:00 AM',	'Test vishnu',	'Maid 2023',	'10:30 AM - 11:00 AM',	2,	0,	0,	'2023-04-04 09:18:01'),
(108,	2,	1,	'New Booking',	'New Booking. Maid : JS Maid, Customer : Test vishnu, Shift : 12:30 PM-03:30 PM',	'Test vishnu',	'JS Maid',	'12:30 PM - 03:30 PM',	3,	0,	0,	'2023-04-04 09:18:40'),
(109,	2,	1,	'New Booking',	'New Booking. Maid : JS Maid, Customer : Test vishnu, Shift : 12:30 PM-03:30 PM',	'Test vishnu',	'JS Maid',	'12:30 PM - 03:30 PM',	3,	0,	0,	'2023-04-04 09:18:40'),
(110,	NULL,	1,	'Booking Cancelled',	'Booking Cancelled. Maid : Maid 2023, Customer : Test vishnu, Shift : 10:30 AM-11:00 AM',	'Test vishnu',	'Maid 2023',	'10:30 AM - 11:00 AM',	2,	0,	0,	'2023-04-04 09:31:03'),
(111,	2,	1,	'New Booking',	'New Booking. Maid : Maid 2023, Customer : Test vishnu, Shift : 11:00 AM-12:30 PM',	'Test vishnu',	'Maid 2023',	'11:00 AM - 12:30 PM',	2,	0,	0,	'2023-04-04 09:52:09'),
(112,	2,	1,	'New Booking',	'New Booking. Maid : Pyth Maid 123, Customer : testazinova, Shift : 11:00 AM-02:00 PM',	'testazinova',	'Pyth Maid 123',	'11:00 AM - 02:00 PM',	5,	0,	0,	'2023-04-04 09:52:53'),
(113,	2,	1,	'New Booking',	'New Booking. Maid : T-Maid USA, Customer : Samnad S [ TEST ], Shift : 11:00 AM-01:30 PM',	'Samnad S [ TEST ]',	'T-Maid USA',	'11:00 AM - 01:30 PM',	6,	0,	0,	'2023-04-04 09:53:38'),
(114,	NULL,	1,	'New Booking',	'New Booking. Maid : April Maid, Customer : TEST Customer, Shift : 11:30 AM-12:00 PM',	'TEST Customer',	'April Maid',	'11:30 AM - 12:00 PM',	1,	0,	0,	'2023-04-04 10:05:37'),
(115,	2,	1,	'New Booking',	'New Booking. Maid : April Maid, Customer : Samnad S [ TEST ], Shift : 03:00 PM-04:00 PM',	'Samnad S [ TEST ]',	'April Maid',	'03:00 PM - 04:00 PM',	1,	0,	0,	'2023-04-04 13:08:37'),
(116,	2,	1,	'New Booking',	'New Booking. Maid : JS Maid, Customer : Samnad S [ TEST ], Shift : 10:00 AM-01:00 PM',	'Samnad S [ TEST ]',	'JS Maid',	'10:00 AM - 01:00 PM',	3,	0,	0,	'2023-04-05 08:37:21'),
(117,	2,	1,	'New Booking',	'New Booking. Maid : Pyth Maid 123, Customer : TEST Customer, Shift : 10:00 AM-01:00 PM',	'TEST Customer',	'Pyth Maid 123',	'10:00 AM - 01:00 PM',	5,	0,	0,	'2023-04-05 08:38:04'),
(118,	2,	1,	'New Booking',	'New Booking. Maid : PHP Dev Maid, Customer : testazinova, Shift : 11:00 AM-04:00 PM',	'testazinova',	'PHP Dev Maid',	'11:00 AM - 04:00 PM',	4,	0,	0,	'2023-04-05 08:38:29'),
(119,	1,	1,	'New Booking',	'New Booking. Maid : April Maid, Customer : Samnad S [ TEST ], Shift : 12:00 PM-12:30 PM',	'Samnad S [ TEST ]',	'April Maid',	'12:00 PM - 12:30 PM',	1,	0,	0,	'2023-04-06 08:53:11'),
(120,	2,	1,	'New Booking',	'New Booking. Maid : April Maid, Customer : Samnad S [ TEST ], Shift : 11:00 AM-11:30 AM',	'Samnad S [ TEST ]',	'April Maid',	'11:00 AM - 11:30 AM',	1,	0,	0,	'2023-04-06 08:57:55'),
(121,	2,	1,	'New Booking',	'New Booking. Maid : T-Maid USA, Customer : Revathy L, Shift : 02:00 PM-02:30 PM',	'Revathy L',	'T-Maid USA',	'02:00 PM - 02:30 PM',	6,	0,	0,	'2023-04-06 11:03:21'),
(122,	2,	1,	'New Booking',	'New Booking. Maid : Weekly Maid Test, Customer : Test vishnu, Shift : 05:30 PM-10:00 PM',	'Test vishnu',	'Weekly Maid Test',	'05:30 PM - 10:00 PM',	7,	0,	0,	'2023-04-06 15:47:22'),
(123,	2,	1,	'New Booking',	'New Booking. Maid : JS Maid, Customer : Samnad S [ TEST ], Shift : 05:00 PM-06:00 PM',	'Samnad S [ TEST ]',	'JS Maid',	'05:00 PM - 06:00 PM',	3,	0,	0,	'2023-04-06 15:48:01'),
(124,	2,	1,	'New Booking',	'New Booking. Maid : Pyth Maid 123, Customer : Test vishnu, Shift : 06:00 PM-08:30 PM',	'Test vishnu',	'Pyth Maid 123',	'06:00 PM - 08:30 PM',	5,	0,	0,	'2023-04-06 15:57:35'),
(125,	2,	1,	'New Booking',	'New Booking. Maid : Maid 2023, Customer : Test vishnu, Shift : 10:00 AM-10:30 AM',	'Test vishnu',	'Maid 2023',	'10:00 AM - 10:30 AM',	2,	0,	0,	'2023-04-10 08:54:48'),
(126,	1,	1,	'New Booking',	'New Booking. Maid : Maid 2023, Customer : Revathy L, Shift : 04:30 PM-06:00 PM',	'Revathy L',	'Maid 2023',	'04:30 PM - 06:00 PM',	2,	0,	0,	'2023-04-13 15:17:54'),
(127,	1,	1,	'New Booking',	'New Booking. Maid : Maid 2023, Customer : Samnad S [ TEST ], Shift : 04:30 PM-06:00 PM',	'Samnad S [ TEST ]',	'Maid 2023',	'04:30 PM - 06:00 PM',	2,	0,	0,	'2023-04-13 15:18:40'),
(128,	2,	1,	'New Booking',	'New Booking. Maid : PHP Dev Maid, Customer : Samnad S [ TEST ], Shift : 11:00 AM-11:30 AM',	'Samnad S [ TEST ]',	'PHP Dev Maid',	'11:00 AM - 11:30 AM',	4,	0,	0,	'2023-04-13 15:19:56'),
(129,	9,	1,	'New Booking',	'New Booking. Maid : JS Maid, Customer : Samnad S [ TEST ], Shift : 11:30 AM-12:00 PM',	'Samnad S [ TEST ]',	'JS Maid',	'11:30 AM - 12:00 PM',	3,	0,	0,	'2023-04-13 15:20:42'),
(130,	9,	1,	'New Booking',	'New Booking. Maid : JS Maid, Customer : Samnad S [ TEST ], Shift : 11:30 AM-12:00 PM',	'Samnad S [ TEST ]',	'JS Maid',	'11:30 AM - 12:00 PM',	3,	0,	0,	'2023-04-13 15:20:42'),
(131,	2,	1,	'Booking Transfered',	'Booking transferred. Maid : Maid 2023, Customer : Revathy L, Shift : 04:30 PM-06:00 PM',	'Revathy L',	'Maid 2023',	'04:30 PM - 06:00 PM',	2,	0,	0,	'2023-04-13 15:21:10'),
(132,	1,	1,	'New Booking',	'New Booking. Maid : One Day Maid Test, Customer : Samnad S [ TEST ], Shift : 05:30 PM-07:00 PM',	'Samnad S [ TEST ]',	'One Day Maid Test',	'05:30 PM - 07:00 PM',	9,	0,	0,	'2023-04-13 15:27:56'),
(133,	2,	1,	'New Booking',	'New Booking. Maid : Maid 2023, Customer : Samnad S [ TEST ], Shift : 02:30 PM-04:30 PM',	'Samnad S [ TEST ]',	'Maid 2023',	'02:30 PM - 04:30 PM',	2,	0,	0,	'2023-04-18 13:20:35'),
(134,	2,	1,	'New Booking',	'New Booking. Maid : One Day Maid Test, Customer : Samnad S [ TEST ], Shift : 08:00 PM-09:00 PM',	'Samnad S [ TEST ]',	'One Day Maid Test',	'08:00 PM - 09:00 PM',	9,	0,	0,	'2023-04-19 18:40:03'),
(135,	3,	1,	'New Booking',	'New Booking. Maid : One Day Maid Test, Customer : Revathy L, Shift : 03:00 PM-05:00 PM',	'Revathy L',	'One Day Maid Test',	'03:00 PM - 05:00 PM',	9,	0,	0,	'2023-04-20 13:37:48'),
(136,	1,	1,	'New Booking',	'New Booking. Maid : One Day Maid Test, Customer : Samnad S [ TEST ], Shift : 07:00 PM-07:30 PM',	'Samnad S [ TEST ]',	'One Day Maid Test',	'07:00 PM - 07:30 PM',	9,	0,	0,	'2023-04-20 16:37:03'),
(137,	1,	1,	'New Booking',	'New Booking. Maid : One Day Maid Test, Customer : Revathy L, Shift : 06:00 PM-06:30 PM',	'Revathy L',	'One Day Maid Test',	'06:00 PM - 06:30 PM',	9,	0,	0,	'2023-04-20 16:38:01'),
(138,	1,	1,	'New Booking',	'New Booking. Maid : One Day Maid Test, Customer : Revathy L, Shift : 07:30 PM-08:30 PM',	'Revathy L',	'One Day Maid Test',	'07:30 PM - 08:30 PM',	9,	0,	0,	'2023-04-20 18:14:41'),
(139,	1,	1,	'New Booking',	'New Booking. Maid : One Day Maid Test, Customer : TEST Customer, Shift : 12:00 PM-01:30 PM',	'TEST Customer',	'One Day Maid Test',	'12:00 PM - 01:30 PM',	9,	0,	0,	'2023-04-24 10:17:47'),
(140,	1,	1,	'New Booking',	'New Booking. Maid : One Day Maid Test, Customer : Samnad S [ TEST ], Shift : 04:00 PM-05:00 PM',	'Samnad S [ TEST ]',	'One Day Maid Test',	'04:00 PM - 05:00 PM',	9,	0,	0,	'2023-04-26 14:29:38'),
(141,	1,	1,	'New Booking',	'New Booking. Maid : Bi-Weekly Maid Test, Customer : TEST Customer, Shift : 04:00 PM-05:00 PM',	'TEST Customer',	'Bi-Weekly Maid Test',	'04:00 PM - 05:00 PM',	8,	0,	0,	'2023-04-26 14:34:41'),
(142,	1,	1,	'New Booking',	'New Booking. Maid : April Maid, Customer : Vishnu Monthly, Shift : 07:00 PM-08:00 PM',	'Vishnu Monthly',	'April Maid',	'07:00 PM - 08:00 PM',	1,	0,	0,	'2023-04-26 17:04:20'),
(143,	1,	1,	'New Booking',	'New Booking. Maid : Maid 2023, Customer : Vishnu Monthly, Shift : 07:00 PM-10:00 PM',	'Vishnu Monthly',	'Maid 2023',	'07:00 PM - 10:00 PM',	2,	0,	0,	'2023-04-26 17:04:46'),
(144,	1,	1,	'New Booking',	'New Booking. Maid : JS Maid, Customer : Vishnu Monthly, Shift : 07:00 PM-08:00 PM',	'Vishnu Monthly',	'JS Maid',	'07:00 PM - 08:00 PM',	3,	0,	0,	'2023-04-26 17:13:02'),
(145,	2,	1,	'New Booking',	'New Booking. Maid : April Maid, Customer : Nayana N, Shift : 08:00 PM-09:00 PM',	'Nayana N',	'April Maid',	'08:00 PM - 09:00 PM',	1,	0,	0,	'2023-04-26 18:56:16'),
(146,	1,	1,	'New Booking',	'New Booking. Maid : April Maid, Customer : Samnad S [ TEST ], Shift : 12:00 PM-01:00 PM',	'Samnad S [ TEST ]',	'April Maid',	'12:00 PM - 01:00 PM',	1,	0,	0,	'2023-04-27 08:50:40'),
(147,	3,	1,	'New Booking',	'New Booking. Maid : April Maid, Customer : TEST Customer, Shift : 01:00 PM-02:00 PM',	'TEST Customer',	'April Maid',	'01:00 PM - 02:00 PM',	1,	0,	0,	'2023-04-27 08:51:12'),
(148,	1,	1,	'New Booking',	'New Booking. Maid : Maid 2023, Customer : Vishnu Monthly, Shift : 05:00 PM-07:00 PM',	'Vishnu Monthly',	'Maid 2023',	'05:00 PM - 07:00 PM',	2,	0,	0,	'2023-04-27 13:43:57'),
(149,	1,	5,	'Booking Updated.',	'Booking Updated. Maid : Maid 2023, Customer : Vishnu Monthly, Shift : 05:00 PM-07:00 PM',	'Vishnu Monthly',	'Maid 2023',	'05:00 PM - 07:00 PM',	2,	0,	0,	'2023-04-27 13:52:47'),
(150,	1,	5,	'Booking Updated.',	'Booking Updated. Maid : April Maid, Customer : Samnad S [ TEST ], Shift : 12:00 PM-01:00 PM',	'Samnad S [ TEST ]',	'April Maid',	'12:00 PM - 01:00 PM',	1,	0,	0,	'2023-04-27 16:21:50'),
(151,	3,	5,	'Booking Updated.',	'Booking Updated. Maid : April Maid, Customer : TEST Customer, Shift : 01:00 PM-02:00 PM',	'TEST Customer',	'April Maid',	'01:00 PM - 02:00 PM',	1,	0,	0,	'2023-04-27 16:22:06'),
(152,	1,	5,	'Booking Updated.',	'Booking Updated. Maid : Maid 2023, Customer : Vishnu Monthly, Shift : 05:00 PM-07:00 PM',	'Vishnu Monthly',	'Maid 2023',	'05:00 PM - 07:00 PM',	2,	0,	0,	'2023-04-27 16:22:15'),
(153,	3,	1,	'New Booking',	'New Booking. Maid : One Day Maid Test, Customer : Test vishnu, Shift : 07:00 PM-11:00 PM',	'Test vishnu',	'One Day Maid Test',	'07:00 PM - 11:00 PM',	9,	0,	0,	'2023-04-27 17:53:33'),
(154,	9,	3,	'Booking Updated',	'Booking Updated. Maid : JS Maid, Customer : Samnad S [ TEST ], Shift : 11:30 AM-12:00 PM',	'Samnad S [ TEST ]',	'JS Maid',	'11:30 AM - 12:00 PM',	3,	0,	0,	'2023-04-28 17:15:06'),
(155,	3,	1,	'New Booking',	'New Booking. Maid : April Maid, Customer : Revathy L, Shift : 01:30 PM-02:30 PM',	'Revathy L',	'April Maid',	'01:30 PM - 02:30 PM',	1,	0,	0,	'2023-05-02 12:03:23'),
(156,	1,	1,	'New Booking',	'New Booking. Maid : April Maid, Customer : Vishnu Monthly, Shift : 10:30 AM-12:30 PM',	'Vishnu Monthly',	'April Maid',	'10:30 AM - 12:30 PM',	1,	0,	0,	'2023-05-04 09:08:38'),
(157,	1,	5,	'Booking Updated.',	'Booking Updated. Maid : April Maid, Customer : Vishnu Monthly, Shift : 10:30 AM-12:30 PM',	'Vishnu Monthly',	'April Maid',	'10:30 AM - 12:30 PM',	1,	0,	0,	'2023-05-04 14:12:32'),
(158,	3,	1,	'Booking Transfered',	'Booking transferred. Maid : April Maid, Customer : Vishnu Monthly, Shift : 10:30 AM-12:30 PM',	'Vishnu Monthly',	'April Maid',	'10:30 AM - 12:30 PM',	1,	0,	0,	'2023-05-04 14:12:43'),
(159,	1,	5,	'Booking Updated.',	'Booking Updated. Maid : April Maid, Customer : Vishnu Monthly, Shift : 10:30 AM-12:30 PM',	'Vishnu Monthly',	'April Maid',	'10:30 AM - 12:30 PM',	1,	0,	0,	'2023-05-04 14:13:09'),
(160,	1,	1,	'New Booking',	'New Booking. Maid : Maid 2023, Customer : Vishnu Invoice Test, Shift : 05:00 PM-06:00 PM',	'Vishnu Invoice Test',	'Maid 2023',	'05:00 PM - 06:00 PM',	2,	0,	0,	'2023-05-04 15:36:07'),
(161,	1,	1,	'New Booking',	'New Booking. Maid : JS Maid, Customer : Vishnu Invoice Test, Shift : 05:00 PM-06:00 PM',	'Vishnu Invoice Test',	'JS Maid',	'05:00 PM - 06:00 PM',	3,	0,	0,	'2023-05-04 15:36:21'),
(162,	1,	1,	'New Booking',	'New Booking. Maid : PHP Dev Maid, Customer : Vishnu Invoice Test, Shift : 05:30 PM-06:30 PM',	'Vishnu Invoice Test',	'PHP Dev Maid',	'05:30 PM - 06:30 PM',	4,	0,	0,	'2023-05-04 15:39:33'),
(163,	1,	1,	'New Booking',	'New Booking. Maid : Pyth Maid 123, Customer : Vishnu Invoice Test, Shift : 06:00 PM-07:00 PM',	'Vishnu Invoice Test',	'Pyth Maid 123',	'06:00 PM - 07:00 PM',	5,	0,	0,	'2023-05-04 15:39:54'),
(164,	2,	1,	'New Booking',	'New Booking. Maid : JS Maid, Customer : TEST Customer, Shift : 05:30 PM-06:30 PM',	'TEST Customer',	'JS Maid',	'05:30 PM - 06:30 PM',	3,	0,	0,	'2023-05-04 16:10:54'),
(165,	3,	1,	'Booking Transfered',	'Booking transferred. Maid : Maid 2023, Customer : Samnad S [ TEST ], Shift : 04:30 PM-06:00 PM',	'Samnad S [ TEST ]',	'Maid 2023',	'04:30 PM - 06:00 PM',	2,	0,	0,	'2023-05-05 16:59:02'),
(166,	1,	3,	'Booking Updated',	'Booking Updated. Maid : Maid 2023, Customer : Samnad S [ TEST ], Shift : 04:30 PM-06:00 PM',	'Samnad S [ TEST ]',	'Maid 2023',	'04:30 PM - 06:00 PM',	2,	0,	0,	'2023-05-05 17:00:46'),
(167,	2,	1,	'New Booking',	'New Booking. Maid : April Maid, Customer : Samnad S [ TEST ], Shift : 10:00 AM-11:00 AM',	'Samnad S [ TEST ]',	'April Maid',	'10:00 AM - 11:00 AM',	1,	0,	0,	'2023-05-06 08:44:46'),
(168,	2,	1,	'New Booking',	'New Booking. Maid : April Maid, Customer : Vishnu Invoice Test, Shift : 11:30 AM-04:30 PM',	'Vishnu Invoice Test',	'April Maid',	'11:30 AM - 04:30 PM',	1,	0,	0,	'2023-05-06 08:52:21'),
(169,	3,	1,	'New Booking',	'New Booking. Maid : Maid 2023, Customer : Test vishnu, Shift : 10:30 AM-12:00 PM',	'Test vishnu',	'Maid 2023',	'10:30 AM - 12:00 PM',	2,	0,	0,	'2023-05-06 08:53:08'),
(170,	2,	1,	'Booking Transfered',	'Booking transferred. Maid : Maid 2023, Customer : Test vishnu, Shift : 10:30 AM-12:00 PM',	'Test vishnu',	'Maid 2023',	'10:30 AM - 12:00 PM',	2,	0,	0,	'2023-05-06 08:53:31'),
(171,	2,	1,	'New Booking',	'New Booking. Maid : JS Maid, Customer : Revathy L, Shift : 10:00 AM-11:00 AM',	'Revathy L',	'JS Maid',	'10:00 AM - 11:00 AM',	3,	0,	0,	'2023-05-06 08:58:26'),
(172,	3,	1,	'New Booking',	'New Booking. Maid : PHP Dev Maid (Priority Test 1), Customer : Nayana N, Shift : 03:30 PM-11:30 PM',	'Nayana N',	'PHP Dev Maid (Priority Test 1)',	'03:30 PM - 11:30 PM',	4,	0,	0,	'2023-05-06 14:10:42'),
(173,	2,	1,	'New Booking',	'New Booking. Maid : Maid Priority 1, Customer : Revathy L, Shift : 10:00 AM-11:00 AM',	'Revathy L',	'Maid Priority 1',	'10:00 AM - 11:00 AM',	4,	0,	0,	'2023-05-06 18:54:28'),
(174,	2,	1,	'New Booking',	'New Booking. Maid : Maid Priority 1, Customer : Nayana N, Shift : 10:00 AM-11:00 AM',	'Nayana N',	'Maid Priority 1',	'10:00 AM - 11:00 AM',	4,	0,	0,	'2023-05-08 08:53:50'),
(175,	2,	1,	'New Booking',	'New Booking. Maid : Maid Priority 3, Customer : Nayana N, Shift : 10:00 AM-11:00 AM',	'Nayana N',	'Maid Priority 3',	'10:00 AM - 11:00 AM',	1,	0,	0,	'2023-05-08 08:53:56'),
(176,	2,	3,	'Booking Updated',	'Booking Updated. Maid : Maid Priority 1, Customer : Nayana N, Shift : 10:00 AM-12:00 PM',	'Nayana N',	'Maid Priority 1',	'10:00 AM - 12:00 PM',	4,	0,	0,	'2023-05-08 09:04:24'),
(177,	3,	1,	'New Booking',	'New Booking. Maid : Maid Priority 60, Customer : Vishnu Invoice Test, Shift : 10:30 AM-01:30 PM',	'Vishnu Invoice Test',	'Maid Priority 60',	'10:30 AM - 01:30 PM',	5,	0,	0,	'2023-05-08 09:06:19'),
(178,	2,	1,	'New Booking',	'New Booking. Maid : Maid Priority 3, Customer : Test vishnu, Shift : 10:30 AM-12:00 PM',	'Test vishnu',	'Maid Priority 3',	'10:30 AM - 12:00 PM',	1,	0,	0,	'2023-05-08 09:06:50'),
(179,	3,	1,	'New Booking',	'New Booking. Maid : Maid Priority 5, Customer : Vishnu Invoice Test, Shift : 10:30 AM-01:30 PM',	'Vishnu Invoice Test',	'Maid Priority 5',	'10:30 AM - 01:30 PM',	2,	0,	0,	'2023-05-08 11:52:36'),
(180,	2,	1,	'New Booking',	'New Booking. Maid : T-Maid USA, Customer : Nayana N, Shift : 10:00 AM-12:00 PM',	'Nayana N',	'T-Maid USA',	'10:00 AM - 12:00 PM',	6,	0,	0,	'2023-05-08 11:52:42'),
(181,	3,	1,	'New Booking',	'New Booking. Maid : Maid Priority 60, Customer : Vishnu Invoice Test, Shift : 10:30 AM-01:30 PM',	'Vishnu Invoice Test',	'Maid Priority 60',	'10:30 AM - 01:30 PM',	5,	0,	0,	'2023-05-08 11:54:06'),
(182,	3,	1,	'New Booking',	'New Booking. Maid : Maid Priority 5, Customer : Vishnu Invoice Test, Shift : 10:30 AM-01:30 PM',	'Vishnu Invoice Test',	'Maid Priority 5',	'10:30 AM - 01:30 PM',	2,	0,	0,	'2023-05-08 11:54:22'),
(183,	3,	1,	'New Booking',	'New Booking. Maid : Maid Priority 60, Customer : Vishnu Invoice Test, Shift : 10:30 AM-01:30 PM',	'Vishnu Invoice Test',	'Maid Priority 60',	'10:30 AM - 01:30 PM',	5,	0,	0,	'2023-05-08 11:54:27'),
(184,	2,	1,	'New Booking',	'New Booking. Maid : Maid Priority 1, Customer : Nayana N, Shift : 10:00 AM-12:00 PM',	'Nayana N',	'Maid Priority 1',	'10:00 AM - 12:00 PM',	4,	0,	0,	'2023-05-08 11:54:32'),
(185,	2,	1,	'New Booking',	'New Booking. Maid : Weekly Maid Test, Customer : Nayana N, Shift : 10:00 AM-12:00 PM',	'Nayana N',	'Weekly Maid Test',	'10:00 AM - 12:00 PM',	7,	0,	0,	'2023-05-08 11:54:38'),
(186,	2,	1,	'New Booking',	'New Booking. Maid : Maid Priority 5, Customer : Test vishnu, Shift : 10:30 AM-12:00 PM',	'Test vishnu',	'Maid Priority 5',	'10:30 AM - 12:00 PM',	2,	0,	0,	'2023-05-08 13:46:37'),
(187,	2,	1,	'New Booking',	'New Booking. Maid : Maid Priority 3, Customer : Test vishnu, Shift : 10:30 AM-12:00 PM',	'Test vishnu',	'Maid Priority 3',	'10:30 AM - 12:00 PM',	1,	0,	0,	'2023-05-08 13:51:51'),
(188,	2,	1,	'New Booking',	'New Booking. Maid : Bi-Weekly Maid Test, Customer : Test vishnu, Shift : 10:30 AM-12:00 PM',	'Test vishnu',	'Bi-Weekly Maid Test',	'10:30 AM - 12:00 PM',	8,	0,	0,	'2023-05-08 13:52:02'),
(189,	2,	1,	'New Booking',	'New Booking. Maid : T-Maid USA, Customer : Nayana N, Shift : 10:00 AM-12:00 PM',	'Nayana N',	'T-Maid USA',	'10:00 AM - 12:00 PM',	6,	0,	0,	'2023-05-08 16:52:52'),
(190,	2,	1,	'New Booking',	'New Booking. Maid : One Day Maid Test, Customer : Nayana N, Shift : 10:00 AM-12:00 PM',	'Nayana N',	'One Day Maid Test',	'10:00 AM - 12:00 PM',	9,	0,	0,	'2023-05-08 16:53:44'),
(191,	2,	1,	'New Booking',	'New Booking. Maid : JS Maid, Customer : Nayana N, Shift : 10:00 AM-12:00 PM',	'Nayana N',	'JS Maid',	'10:00 AM - 12:00 PM',	3,	0,	0,	'2023-05-08 16:54:10'),
(192,	2,	1,	'New Booking',	'New Booking. Maid : Maid Priority 3, Customer : Nayana N, Shift : 10:00 AM-11:00 AM',	'Nayana N',	'Maid Priority 3',	'10:00 AM - 11:00 AM',	1,	0,	0,	'2023-05-08 16:55:11'),
(193,	2,	1,	'New Booking',	'New Booking. Maid : Maid Priority 1, Customer : Monthly Advanced, Shift : 10:30 PM-11:30 PM',	'Monthly Advanced',	'Maid Priority 1',	'10:30 PM - 11:30 PM',	4,	0,	0,	'2023-05-08 18:38:25'),
(194,	3,	1,	'New Booking',	'New Booking. Maid : Maid Priority 5, Customer : Monthly Advanced, Shift : 08:30 AM-09:30 AM',	'Monthly Advanced',	'Maid Priority 5',	'08:30 AM - 09:30 AM',	2,	0,	0,	'2023-05-08 18:38:49'),
(195,	3,	1,	'New Booking',	'New Booking. Maid : Bi-Weekly Maid Test, Customer : Monthly Advanced, Shift : 02:30 PM-03:00 PM',	'Monthly Advanced',	'Bi-Weekly Maid Test',	'02:30 PM - 03:00 PM',	8,	0,	0,	'2023-05-08 18:39:11'),
(196,	9,	1,	'New Booking',	'New Booking. Maid : Maid Priority 1, Customer : Nayana N, Shift : 08:00 AM-09:00 AM',	'Nayana N',	'Maid Priority 1',	'08:00 AM - 09:00 AM',	4,	0,	0,	'2023-05-09 09:07:41'),
(197,	1,	1,	'New Booking',	'New Booking. Maid : Maid Priority 5, Customer : Vishnu Monthly, Shift : 05:00 PM-07:00 PM',	'Vishnu Monthly',	'Maid Priority 5',	'05:00 PM - 07:00 PM',	2,	0,	0,	'2023-05-09 11:41:49'),
(198,	3,	1,	'New Booking',	'New Booking. Maid : Maid Priority 60, Customer : Vishnu Invoice Test, Shift : 05:00 PM-07:00 PM',	'Vishnu Invoice Test',	'Maid Priority 60',	'05:00 PM - 07:00 PM',	5,	0,	0,	'2023-05-09 11:47:42'),
(199,	2,	1,	'New Booking',	'New Booking. Maid : Maid Priority 60, Customer : Vishnu Monthly, Shift : 05:00 PM-07:00 PM',	'Vishnu Monthly',	'Maid Priority 60',	'05:00 PM - 07:00 PM',	5,	0,	0,	'2023-05-09 11:48:23'),
(200,	3,	1,	'New Booking',	'New Booking. Maid : Bi-Weekly Maid Test, Customer : Vishnu Invoice Test, Shift : 05:30 PM-07:30 PM',	'Vishnu Invoice Test',	'Bi-Weekly Maid Test',	'05:30 PM - 07:30 PM',	8,	0,	0,	'2023-05-09 16:24:20'),
(201,	2,	1,	'New Booking',	'New Booking. Maid : Maid Priority 1, Customer : TEST Customer, Shift : 05:30 PM-06:30 PM',	'TEST Customer',	'Maid Priority 1',	'05:30 PM - 06:30 PM',	4,	0,	0,	'2023-05-10 12:46:42'),
(202,	2,	1,	'New Booking',	'New Booking. Maid : Maid Priority 3, Customer : TEST Customer, Shift : 05:30 PM-06:30 PM',	'TEST Customer',	'Maid Priority 3',	'05:30 PM - 06:30 PM',	1,	0,	0,	'2023-05-10 12:47:06'),
(203,	2,	1,	'New Booking',	'New Booking. Maid : Maid Priority 5, Customer : TEST Customer, Shift : 05:30 PM-06:30 PM',	'TEST Customer',	'Maid Priority 5',	'05:30 PM - 06:30 PM',	2,	0,	0,	'2023-05-10 13:42:19'),
(204,	2,	1,	'New Booking',	'New Booking. Maid : Maid Priority 3, Customer : TEST Customer, Shift : 05:30 PM-06:30 PM',	'TEST Customer',	'Maid Priority 3',	'05:30 PM - 06:30 PM',	1,	0,	0,	'2023-05-10 13:42:28'),
(205,	2,	1,	'New Booking',	'New Booking. Maid : Weekly Maid Test, Customer : TEST Customer, Shift : 05:30 PM-06:30 PM',	'TEST Customer',	'Weekly Maid Test',	'05:30 PM - 06:30 PM',	7,	0,	0,	'2023-05-10 13:42:34'),
(206,	2,	1,	'New Booking',	'New Booking. Maid : Maid Priority 3, Customer : TEST Customer, Shift : 05:30 PM-06:30 PM',	'TEST Customer',	'Maid Priority 3',	'05:30 PM - 06:30 PM',	1,	0,	0,	'2023-05-10 13:42:40'),
(207,	1,	1,	'New Booking',	'New Booking. Maid : Maid Priority 1, Customer : Vishnu Monthly, Shift : 01:00 PM-02:00 PM',	'Vishnu Monthly',	'Maid Priority 1',	'01:00 PM - 02:00 PM',	4,	0,	0,	'2023-05-13 10:40:45'),
(208,	1,	1,	'New Booking',	'New Booking. Maid : Maid Priority 5, Customer : Test vishnu, Shift : 05:00 PM-06:30 PM',	'Test vishnu',	'Maid Priority 5',	'05:00 PM - 06:30 PM',	2,	1,	0,	'2023-05-25 15:37:41'),
(209,	3,	1,	'New Booking',	'New Booking. Maid : Maid Priority 60, Customer : Monthly Advanced, Shift : 02:30 PM-03:00 PM',	'Monthly Advanced',	'Maid Priority 60',	'02:30 PM - 03:00 PM',	5,	0,	0,	'2023-05-25 17:51:33'),
(210,	2,	1,	'New Booking',	'New Booking. Maid : Maid Priority 60, Customer : Azinova New, Shift : 09:30 PM-10:30 PM',	'Azinova New',	'Maid Priority 60',	'09:30 PM - 10:30 PM',	5,	0,	0,	'2023-05-30 19:07:04'),
(211,	1,	1,	'New Booking',	'New Booking. Maid : Bi-Weekly Maid Test, Customer : Azinova New, Shift : 09:30 PM-10:30 PM',	'Azinova New',	'Bi-Weekly Maid Test',	'09:30 PM - 10:30 PM',	8,	0,	0,	'2023-05-30 19:07:31'),
(212,	1,	1,	'New Booking',	'New Booking. Maid : Weekly Maid Test, Customer : Azinova New, Shift : 08:30 PM-10:30 PM',	'Azinova New',	'Weekly Maid Test',	'08:30 PM - 10:30 PM',	7,	0,	0,	'2023-05-30 19:29:13'),
(213,	2,	1,	'New Booking',	'New Booking. Maid : JS Maid, Customer : Azinova New, Shift : 09:30 PM-10:30 PM',	'Azinova New',	'JS Maid',	'09:30 PM - 10:30 PM',	3,	0,	0,	'2023-05-30 19:33:43'),
(214,	1,	1,	'New Booking',	'New Booking. Maid : One Day Maid Test, Customer : Azinova New, Shift : 09:30 PM-10:30 PM',	'Azinova New',	'One Day Maid Test',	'09:30 PM - 10:30 PM',	9,	0,	0,	'2023-05-30 19:35:57'),
(215,	1,	1,	'New Booking',	'New Booking. Maid : Maid Priority 1, Customer : Azinova Quickbook, Shift : 01:00 PM-03:00 PM',	'Azinova Quickbook',	'Maid Priority 1',	'01:00 PM - 03:00 PM',	4,	0,	0,	'2023-05-31 11:01:59'),
(216,	1,	1,	'New Booking',	'New Booking. Maid : Maid Priority 3, Customer : Azinova Quickbook, Shift : 01:00 PM-02:00 PM',	'Azinova Quickbook',	'Maid Priority 3',	'01:00 PM - 02:00 PM',	1,	0,	0,	'2023-05-31 11:17:05'),
(217,	1,	1,	'New Booking',	'New Booking. Maid : Maid Priority 5, Customer : Azinova Quickbook, Shift : 01:00 PM-03:00 PM',	'Azinova Quickbook',	'Maid Priority 5',	'01:00 PM - 03:00 PM',	2,	0,	0,	'2023-05-31 11:29:58'),
(218,	1,	1,	'New Booking',	'New Booking. Maid : Maid Priority 5, Customer : Azinova Quickbook, Shift : 04:30 PM-05:00 PM',	'Azinova Quickbook',	'Maid Priority 5',	'04:30 PM - 05:00 PM',	2,	0,	0,	'2023-05-31 14:53:06'),
(219,	1,	1,	'New Booking',	'New Booking. Maid : Maid Priority 60, Customer : Azinova Quickbook2, Shift : 05:00 PM-05:30 PM',	'Azinova Quickbook2',	'Maid Priority 60',	'05:00 PM - 05:30 PM',	5,	0,	0,	'2023-05-31 15:08:33'),
(220,	1,	1,	'New Booking',	'New Booking. Maid : Bi-Weekly Maid Test, Customer : Azinova Quickbook2, Shift : 05:00 PM-06:00 PM',	'Azinova Quickbook2',	'Bi-Weekly Maid Test',	'05:00 PM - 06:00 PM',	8,	0,	0,	'2023-05-31 15:18:55'),
(221,	1,	1,	'New Booking',	'New Booking. Maid : JS Maid, Customer : Azinova Quickbook2, Shift : 05:00 PM-05:30 PM',	'Azinova Quickbook2',	'JS Maid',	'05:00 PM - 05:30 PM',	3,	0,	0,	'2023-05-31 15:24:37'),
(222,	1,	1,	'New Booking',	'New Booking. Maid : One Day Maid Test, Customer : Azinova Quickbook2, Shift : 05:30 PM-06:30 PM',	'Azinova Quickbook2',	'One Day Maid Test',	'05:30 PM - 06:30 PM',	9,	0,	0,	'2023-05-31 15:52:12'),
(223,	1,	1,	'New Booking',	'New Booking. Maid : T-Maid USA, Customer : Azinova Quickbook2, Shift : 05:00 PM-07:00 PM',	'Azinova Quickbook2',	'T-Maid USA',	'05:00 PM - 07:00 PM',	6,	0,	0,	'2023-05-31 16:00:03'),
(224,	3,	1,	'Booking Transfered',	'Booking transferred. Maid : Maid Priority 3, Customer : Nayana N, Shift : 10:00 AM-11:00 AM',	'Nayana N',	'Maid Priority 3',	'10:00 AM - 11:00 AM',	1,	0,	0,	'2023-07-10 17:42:36'),
(225,	2,	1,	'New Booking',	'New Booking. Maid : celRBKpDMr, Customer : BjIzkU41rX, Shift : 08:30 PM-10:30 PM',	'BjIzkU41rX',	'celRBKpDMr',	'08:30 PM - 10:30 PM',	81,	0,	0,	'2023-07-17 14:16:03'),
(226,	2,	1,	'New Booking',	'New Booking. Maid : celRBKpDMr, Customer : BjIzkU41rX, Shift : 04:00 PM-04:30 PM',	'BjIzkU41rX',	'celRBKpDMr',	'04:00 PM - 04:30 PM',	81,	0,	0,	'2023-07-17 14:16:30'),
(227,	2,	1,	'New Booking',	'New Booking. Maid : Maid Priority 1, Customer : BjIzkU41rX, Shift : 06:30 PM-07:00 PM',	'BjIzkU41rX',	'Maid Priority 1',	'06:30 PM - 07:00 PM',	4,	0,	0,	'2023-07-17 16:08:59'),
(228,	2,	1,	'New Booking',	'New Booking. Maid : maid dubai, Customer : BjIzkU41rX, Shift : 05:30 PM-07:00 PM',	'BjIzkU41rX',	'maid dubai',	'05:30 PM - 07:00 PM',	18,	0,	0,	'2023-07-17 16:09:32'),
(229,	2,	1,	'New Booking',	'New Booking. Maid : Bi-Weekly Maid Test, Customer : W5GR6uTpqT, Shift : 06:00 PM-07:00 PM',	'W5GR6uTpqT',	'Bi-Weekly Maid Test',	'06:00 PM - 07:00 PM',	8,	0,	0,	'2023-07-17 16:10:10'),
(230,	9,	1,	'New Booking',	'New Booking. Maid : XFCw1zzs6V, Customer : BjIzkU41rX, Shift : 10:00 AM-10:30 AM',	'BjIzkU41rX',	'XFCw1zzs6V',	'10:00 AM - 10:30 AM',	82,	0,	0,	'2023-07-18 08:37:30'),
(231,	3,	1,	'New Booking',	'New Booking. Maid : Maid Priority 1, Customer : W5GR6uTpqT, Shift : 03:00 PM-03:30 PM',	'W5GR6uTpqT',	'Maid Priority 1',	'03:00 PM - 03:30 PM',	4,	0,	0,	'2023-07-18 08:37:47'),
(232,	2,	1,	'New Booking',	'New Booking. Maid : accountant 12, Customer : BjIzkU41rX, Shift : 12:00 PM-12:30 PM',	'BjIzkU41rX',	'accountant 12',	'12:00 PM - 12:30 PM',	80,	0,	0,	'2023-07-18 08:38:06'),
(233,	2,	1,	'New Booking',	'New Booking. Maid : accountant 12, Customer : BjIzkU41rX, Shift : 12:00 PM-12:30 PM',	'BjIzkU41rX',	'accountant 12',	'12:00 PM - 12:30 PM',	80,	0,	0,	'2023-07-18 08:38:06'),
(234,	2,	1,	'New Booking',	'New Booking. Maid : accountant 12, Customer : BjIzkU41rX, Shift : 12:00 PM-12:30 PM',	'BjIzkU41rX',	'accountant 12',	'12:00 PM - 12:30 PM',	80,	0,	0,	'2023-07-18 08:38:06'),
(235,	2,	1,	'New Booking',	'New Booking. Maid : accountant 12, Customer : BjIzkU41rX, Shift : 12:00 PM-12:30 PM',	'BjIzkU41rX',	'accountant 12',	'12:00 PM - 12:30 PM',	80,	0,	0,	'2023-07-18 08:38:06'),
(236,	2,	1,	'New Booking',	'New Booking. Maid : accountant 12, Customer : BjIzkU41rX, Shift : 12:00 PM-12:30 PM',	'BjIzkU41rX',	'accountant 12',	'12:00 PM - 12:30 PM',	80,	0,	0,	'2023-07-18 08:38:06'),
(237,	2,	1,	'New Booking',	'New Booking. Maid : Maid Priority 3, Customer : BjIzkU41rX, Shift : 10:00 AM-12:00 PM',	'BjIzkU41rX',	'Maid Priority 3',	'10:00 AM - 12:00 PM',	1,	0,	0,	'2023-07-18 08:38:32'),
(238,	2,	1,	'New Booking',	'New Booking. Maid : Maid Priority 3, Customer : BjIzkU41rX, Shift : 10:00 AM-12:00 PM',	'BjIzkU41rX',	'Maid Priority 3',	'10:00 AM - 12:00 PM',	1,	0,	0,	'2023-07-18 08:38:32'),
(239,	2,	1,	'New Booking',	'New Booking. Maid : Maid Priority 3, Customer : BjIzkU41rX, Shift : 10:00 AM-12:00 PM',	'BjIzkU41rX',	'Maid Priority 3',	'10:00 AM - 12:00 PM',	1,	0,	0,	'2023-07-18 08:38:32'),
(240,	2,	1,	'New Booking',	'New Booking. Maid : Maid Priority 3, Customer : BjIzkU41rX, Shift : 10:00 AM-12:00 PM',	'BjIzkU41rX',	'Maid Priority 3',	'10:00 AM - 12:00 PM',	1,	0,	0,	'2023-07-18 08:38:32'),
(241,	2,	1,	'New Booking',	'New Booking. Maid : Maid Priority 3, Customer : BjIzkU41rX, Shift : 10:00 AM-12:00 PM',	'BjIzkU41rX',	'Maid Priority 3',	'10:00 AM - 12:00 PM',	1,	0,	0,	'2023-07-18 08:38:32'),
(242,	2,	1,	'New Booking',	'New Booking. Maid : Maid Priority 3, Customer : BjIzkU41rX, Shift : 10:00 AM-12:00 PM',	'BjIzkU41rX',	'Maid Priority 3',	'10:00 AM - 12:00 PM',	1,	0,	0,	'2023-07-18 08:38:32'),
(243,	2,	1,	'New Booking',	'New Booking. Maid : Maid Priority 3, Customer : BjIzkU41rX, Shift : 10:00 AM-12:00 PM',	'BjIzkU41rX',	'Maid Priority 3',	'10:00 AM - 12:00 PM',	1,	0,	0,	'2023-07-18 08:38:32'),
(244,	3,	1,	'New Booking',	'New Booking. Maid : XFCw1zzs6V, Customer : BjIzkU41rX, Shift : 06:00 PM-08:30 PM',	'BjIzkU41rX',	'XFCw1zzs6V',	'06:00 PM - 08:30 PM',	82,	0,	0,	'2023-07-18 16:56:31'),
(245,	3,	1,	'New Booking',	'New Booking. Maid : Maid Priority 1, Customer : Test Multi, Shift : 02:00 PM-02:30 PM',	'Test Multi',	'Maid Priority 1',	'02:00 PM - 02:30 PM',	4,	0,	0,	'2023-07-19 10:29:48'),
(246,	2,	1,	'New Booking',	'New Booking. Maid : Driver, Customer : BjIzkU41rX, Shift : 11:30 AM-07:30 PM',	'BjIzkU41rX',	'Driver',	'11:30 AM - 07:30 PM',	16,	0,	0,	'2023-07-19 10:30:05'),
(247,	2,	1,	'New Booking',	'New Booking. Maid : Maid Priority 3, Customer : Test Multi, Shift : 05:30 PM-06:00 PM',	'Test Multi',	'Maid Priority 3',	'05:30 PM - 06:00 PM',	1,	0,	0,	'2023-07-19 10:30:48'),
(248,	2,	1,	'New Booking',	'New Booking. Maid : accountant 12, Customer : Test Multi, Shift : 04:00 PM-04:30 PM',	'Test Multi',	'accountant 12',	'04:00 PM - 04:30 PM',	80,	0,	0,	'2023-07-19 10:30:59'),
(249,	2,	1,	'New Booking',	'New Booking. Maid : accountant 12, Customer : W5GR6uTpqT, Shift : 06:30 PM-07:00 PM',	'W5GR6uTpqT',	'accountant 12',	'06:30 PM - 07:00 PM',	80,	0,	0,	'2023-07-19 10:31:28'),
(250,	9,	1,	'New Booking',	'New Booking. Maid : celRBKpDMr, Customer : Test Multi, Shift : 12:00 PM-12:30 PM',	'Test Multi',	'celRBKpDMr',	'12:00 PM - 12:30 PM',	81,	0,	0,	'2023-07-19 10:31:43'),
(251,	9,	1,	'New Booking',	'New Booking. Maid : celRBKpDMr, Customer : Test Multi, Shift : 12:00 PM-12:30 PM',	'Test Multi',	'celRBKpDMr',	'12:00 PM - 12:30 PM',	81,	0,	0,	'2023-07-19 10:31:43'),
(252,	9,	1,	'New Booking',	'New Booking. Maid : celRBKpDMr, Customer : Test Multi, Shift : 12:00 PM-12:30 PM',	'Test Multi',	'celRBKpDMr',	'12:00 PM - 12:30 PM',	81,	0,	0,	'2023-07-19 10:31:43'),
(253,	9,	1,	'New Booking',	'New Booking. Maid : celRBKpDMr, Customer : Test Multi, Shift : 12:00 PM-12:30 PM',	'Test Multi',	'celRBKpDMr',	'12:00 PM - 12:30 PM',	81,	0,	0,	'2023-07-19 10:31:43'),
(254,	9,	1,	'New Booking',	'New Booking. Maid : celRBKpDMr, Customer : Test Multi, Shift : 12:00 PM-12:30 PM',	'Test Multi',	'celRBKpDMr',	'12:00 PM - 12:30 PM',	81,	0,	0,	'2023-07-19 10:31:43'),
(255,	9,	1,	'New Booking',	'New Booking. Maid : celRBKpDMr, Customer : Test Multi, Shift : 12:00 PM-12:30 PM',	'Test Multi',	'celRBKpDMr',	'12:00 PM - 12:30 PM',	81,	0,	0,	'2023-07-19 10:31:43'),
(256,	9,	1,	'New Booking',	'New Booking. Maid : celRBKpDMr, Customer : Test Multi, Shift : 12:00 PM-12:30 PM',	'Test Multi',	'celRBKpDMr',	'12:00 PM - 12:30 PM',	81,	0,	0,	'2023-07-19 10:31:43'),
(257,	3,	1,	'New Booking',	'New Booking. Maid : Maid Priority 5, Customer : BjIzkU41rX, Shift : 02:30 PM-03:00 PM',	'BjIzkU41rX',	'Maid Priority 5',	'02:30 PM - 03:00 PM',	2,	0,	0,	'2023-07-19 10:33:10'),
(258,	2,	1,	'New Booking',	'New Booking. Maid : V3mvGAAzZE, Customer : Test Multi, Shift : 02:30 PM-03:00 PM',	'Test Multi',	'V3mvGAAzZE',	'02:30 PM - 03:00 PM',	91,	0,	0,	'2023-07-20 09:32:52'),
(259,	2,	1,	'New Booking',	'New Booking. Maid : V3mvGAAzZE, Customer : Test Multi, Shift : 02:30 PM-03:00 PM',	'Test Multi',	'V3mvGAAzZE',	'02:30 PM - 03:00 PM',	91,	0,	0,	'2023-07-20 09:32:52'),
(260,	2,	1,	'New Booking',	'New Booking. Maid : V3mvGAAzZE, Customer : Test Multi, Shift : 02:30 PM-03:00 PM',	'Test Multi',	'V3mvGAAzZE',	'02:30 PM - 03:00 PM',	91,	0,	0,	'2023-07-20 09:32:52'),
(261,	2,	1,	'New Booking',	'New Booking. Maid : V3mvGAAzZE, Customer : Test Multi, Shift : 02:30 PM-03:00 PM',	'Test Multi',	'V3mvGAAzZE',	'02:30 PM - 03:00 PM',	91,	0,	0,	'2023-07-20 09:32:52'),
(262,	2,	1,	'New Booking',	'New Booking. Maid : V3mvGAAzZE, Customer : Test Multi, Shift : 02:30 PM-03:00 PM',	'Test Multi',	'V3mvGAAzZE',	'02:30 PM - 03:00 PM',	91,	0,	0,	'2023-07-20 09:32:52'),
(263,	2,	1,	'New Booking',	'New Booking. Maid : V3mvGAAzZE, Customer : Test Multi, Shift : 02:30 PM-03:00 PM',	'Test Multi',	'V3mvGAAzZE',	'02:30 PM - 03:00 PM',	91,	0,	0,	'2023-07-20 09:32:52'),
(264,	2,	1,	'New Booking',	'New Booking. Maid : V3mvGAAzZE, Customer : Test Multi, Shift : 02:30 PM-03:00 PM',	'Test Multi',	'V3mvGAAzZE',	'02:30 PM - 03:00 PM',	91,	0,	0,	'2023-07-20 09:32:52'),
(265,	3,	1,	'New Booking',	'New Booking. Maid : 1aktzOl5TU, Customer : BjIzkU41rX, Shift : 12:00 PM-12:30 PM',	'BjIzkU41rX',	'1aktzOl5TU',	'12:00 PM - 12:30 PM',	92,	0,	0,	'2023-07-20 10:31:26'),
(266,	3,	1,	'New Booking',	'New Booking. Maid : 1aktzOl5TU, Customer : BjIzkU41rX, Shift : 12:00 PM-12:30 PM',	'BjIzkU41rX',	'1aktzOl5TU',	'12:00 PM - 12:30 PM',	92,	0,	0,	'2023-07-20 10:31:26'),
(267,	3,	1,	'New Booking',	'New Booking. Maid : 1aktzOl5TU, Customer : BjIzkU41rX, Shift : 12:00 PM-12:30 PM',	'BjIzkU41rX',	'1aktzOl5TU',	'12:00 PM - 12:30 PM',	92,	0,	0,	'2023-07-20 10:31:26'),
(268,	3,	1,	'New Booking',	'New Booking. Maid : 1aktzOl5TU, Customer : BjIzkU41rX, Shift : 12:00 PM-12:30 PM',	'BjIzkU41rX',	'1aktzOl5TU',	'12:00 PM - 12:30 PM',	92,	0,	0,	'2023-07-20 10:31:26'),
(269,	3,	1,	'New Booking',	'New Booking. Maid : 1aktzOl5TU, Customer : BjIzkU41rX, Shift : 12:00 PM-12:30 PM',	'BjIzkU41rX',	'1aktzOl5TU',	'12:00 PM - 12:30 PM',	92,	0,	0,	'2023-07-20 10:31:26'),
(270,	3,	1,	'New Booking',	'New Booking. Maid : 1aktzOl5TU, Customer : BjIzkU41rX, Shift : 12:00 PM-12:30 PM',	'BjIzkU41rX',	'1aktzOl5TU',	'12:00 PM - 12:30 PM',	92,	0,	0,	'2023-07-20 10:31:26'),
(271,	3,	1,	'New Booking',	'New Booking. Maid : 1aktzOl5TU, Customer : BjIzkU41rX, Shift : 12:00 PM-12:30 PM',	'BjIzkU41rX',	'1aktzOl5TU',	'12:00 PM - 12:30 PM',	92,	0,	0,	'2023-07-20 10:31:26'),
(272,	2,	1,	'New Booking',	'New Booking. Maid : celRBKpDMr, Customer : BjIzkU41rX, Shift : 02:00 PM-02:30 PM',	'BjIzkU41rX',	'celRBKpDMr',	'02:00 PM - 02:30 PM',	81,	0,	0,	'2023-07-20 10:31:43'),
(273,	3,	1,	'New Booking',	'New Booking. Maid : Maid Priority 1, Customer : Test Multi, Shift : 12:00 PM-12:30 PM',	'Test Multi',	'Maid Priority 1',	'12:00 PM - 12:30 PM',	4,	0,	0,	'2023-07-20 10:32:01'),
(274,	3,	1,	'New Booking',	'New Booking. Maid : Maid Priority 1, Customer : Test Multi, Shift : 12:00 PM-12:30 PM',	'Test Multi',	'Maid Priority 1',	'12:00 PM - 12:30 PM',	4,	0,	0,	'2023-07-20 10:32:01'),
(275,	3,	1,	'New Booking',	'New Booking. Maid : Maid Priority 1, Customer : Test Multi, Shift : 12:00 PM-12:30 PM',	'Test Multi',	'Maid Priority 1',	'12:00 PM - 12:30 PM',	4,	0,	0,	'2023-07-20 10:32:01'),
(276,	3,	1,	'New Booking',	'New Booking. Maid : Maid Priority 1, Customer : Test Multi, Shift : 12:00 PM-12:30 PM',	'Test Multi',	'Maid Priority 1',	'12:00 PM - 12:30 PM',	4,	0,	0,	'2023-07-20 10:32:01'),
(277,	3,	1,	'New Booking',	'New Booking. Maid : Maid Priority 1, Customer : Test Multi, Shift : 12:00 PM-12:30 PM',	'Test Multi',	'Maid Priority 1',	'12:00 PM - 12:30 PM',	4,	0,	0,	'2023-07-20 10:32:01'),
(278,	3,	1,	'New Booking',	'New Booking. Maid : Maid Priority 1, Customer : Test Multi, Shift : 12:00 PM-12:30 PM',	'Test Multi',	'Maid Priority 1',	'12:00 PM - 12:30 PM',	4,	0,	0,	'2023-07-20 10:32:01'),
(279,	3,	1,	'New Booking',	'New Booking. Maid : Maid Priority 1, Customer : Test Multi, Shift : 12:00 PM-12:30 PM',	'Test Multi',	'Maid Priority 1',	'12:00 PM - 12:30 PM',	4,	0,	0,	'2023-07-20 10:32:01'),
(280,	2,	1,	'New Booking',	'New Booking. Maid : V3mvGAAzZE, Customer : BjIzkU41rX, Shift : 05:00 PM-05:30 PM',	'BjIzkU41rX',	'V3mvGAAzZE',	'05:00 PM - 05:30 PM',	91,	0,	0,	'2023-07-20 10:32:16'),
(281,	2,	1,	'New Booking',	'New Booking. Maid : V3mvGAAzZE, Customer : BjIzkU41rX, Shift : 05:00 PM-05:30 PM',	'BjIzkU41rX',	'V3mvGAAzZE',	'05:00 PM - 05:30 PM',	91,	0,	0,	'2023-07-20 10:32:16'),
(282,	2,	1,	'New Booking',	'New Booking. Maid : V3mvGAAzZE, Customer : BjIzkU41rX, Shift : 05:00 PM-05:30 PM',	'BjIzkU41rX',	'V3mvGAAzZE',	'05:00 PM - 05:30 PM',	91,	0,	0,	'2023-07-20 10:32:16'),
(283,	2,	1,	'New Booking',	'New Booking. Maid : V3mvGAAzZE, Customer : BjIzkU41rX, Shift : 05:00 PM-05:30 PM',	'BjIzkU41rX',	'V3mvGAAzZE',	'05:00 PM - 05:30 PM',	91,	0,	0,	'2023-07-20 10:32:16'),
(284,	2,	1,	'New Booking',	'New Booking. Maid : V3mvGAAzZE, Customer : BjIzkU41rX, Shift : 05:00 PM-05:30 PM',	'BjIzkU41rX',	'V3mvGAAzZE',	'05:00 PM - 05:30 PM',	91,	0,	0,	'2023-07-20 10:32:16'),
(285,	2,	1,	'New Booking',	'New Booking. Maid : V3mvGAAzZE, Customer : BjIzkU41rX, Shift : 05:00 PM-05:30 PM',	'BjIzkU41rX',	'V3mvGAAzZE',	'05:00 PM - 05:30 PM',	91,	0,	0,	'2023-07-20 10:32:16'),
(286,	2,	1,	'New Booking',	'New Booking. Maid : V3mvGAAzZE, Customer : BjIzkU41rX, Shift : 05:00 PM-05:30 PM',	'BjIzkU41rX',	'V3mvGAAzZE',	'05:00 PM - 05:30 PM',	91,	0,	0,	'2023-07-20 10:32:16'),
(287,	2,	1,	'New Booking',	'New Booking. Maid : Maid Priority 1, Customer : BjIzkU41rX, Shift : 02:30 PM-07:00 PM',	'BjIzkU41rX',	'Maid Priority 1',	'02:30 PM - 07:00 PM',	4,	0,	0,	'2023-07-20 10:32:28'),
(288,	2,	1,	'New Booking',	'New Booking. Maid : Maid Priority 60, Customer : W5GR6uTpqT, Shift : 02:00 PM-04:30 PM',	'W5GR6uTpqT',	'Maid Priority 60',	'02:00 PM - 04:30 PM',	5,	0,	0,	'2023-07-20 10:32:51'),
(289,	2,	1,	'New Booking',	'New Booking. Maid : Maid Priority 60, Customer : W5GR6uTpqT, Shift : 02:00 PM-04:30 PM',	'W5GR6uTpqT',	'Maid Priority 60',	'02:00 PM - 04:30 PM',	5,	0,	0,	'2023-07-20 10:32:51'),
(290,	2,	1,	'New Booking',	'New Booking. Maid : Maid Priority 60, Customer : W5GR6uTpqT, Shift : 02:00 PM-04:30 PM',	'W5GR6uTpqT',	'Maid Priority 60',	'02:00 PM - 04:30 PM',	5,	0,	0,	'2023-07-20 10:32:51'),
(291,	2,	1,	'New Booking',	'New Booking. Maid : Maid Priority 60, Customer : W5GR6uTpqT, Shift : 02:00 PM-04:30 PM',	'W5GR6uTpqT',	'Maid Priority 60',	'02:00 PM - 04:30 PM',	5,	0,	0,	'2023-07-20 10:32:51'),
(292,	2,	1,	'New Booking',	'New Booking. Maid : Maid Priority 60, Customer : W5GR6uTpqT, Shift : 02:00 PM-04:30 PM',	'W5GR6uTpqT',	'Maid Priority 60',	'02:00 PM - 04:30 PM',	5,	0,	0,	'2023-07-20 10:32:51'),
(293,	2,	1,	'New Booking',	'New Booking. Maid : Maid Priority 60, Customer : W5GR6uTpqT, Shift : 02:00 PM-04:30 PM',	'W5GR6uTpqT',	'Maid Priority 60',	'02:00 PM - 04:30 PM',	5,	0,	0,	'2023-07-20 10:32:51'),
(294,	2,	1,	'New Booking',	'New Booking. Maid : Maid Priority 60, Customer : W5GR6uTpqT, Shift : 02:00 PM-04:30 PM',	'W5GR6uTpqT',	'Maid Priority 60',	'02:00 PM - 04:30 PM',	5,	0,	0,	'2023-07-20 10:32:51'),
(295,	2,	1,	'New Booking',	'New Booking. Maid : Maid Priority 1, Customer : BjIzkU41rX, Shift : 10:00 AM-11:00 AM',	'BjIzkU41rX',	'Maid Priority 1',	'10:00 AM - 11:00 AM',	4,	0,	0,	'2023-07-21 08:35:36'),
(296,	1,	1,	'New Booking',	'New Booking. Maid : V3mvGAAzZE, Customer : Test Multi, Shift : 01:30 PM-02:00 PM',	'Test Multi',	'V3mvGAAzZE',	'01:30 PM - 02:00 PM',	91,	0,	0,	'2023-07-24 10:09:22'),
(297,	3,	1,	'New Booking',	'New Booking. Maid : Maid Priority 1, Customer : BjIzkU41rX, Shift : 04:00 PM-04:30 PM',	'BjIzkU41rX',	'Maid Priority 1',	'04:00 PM - 04:30 PM',	4,	0,	0,	'2023-07-24 10:09:37'),
(298,	3,	1,	'New Booking',	'New Booking. Maid : Maid Priority 1, Customer : BjIzkU41rX, Shift : 04:00 PM-04:30 PM',	'BjIzkU41rX',	'Maid Priority 1',	'04:00 PM - 04:30 PM',	4,	0,	0,	'2023-07-24 10:09:37'),
(299,	3,	1,	'New Booking',	'New Booking. Maid : Maid Priority 1, Customer : BjIzkU41rX, Shift : 04:00 PM-04:30 PM',	'BjIzkU41rX',	'Maid Priority 1',	'04:00 PM - 04:30 PM',	4,	0,	0,	'2023-07-24 10:09:37'),
(300,	3,	1,	'New Booking',	'New Booking. Maid : Maid Priority 1, Customer : BjIzkU41rX, Shift : 04:00 PM-04:30 PM',	'BjIzkU41rX',	'Maid Priority 1',	'04:00 PM - 04:30 PM',	4,	0,	0,	'2023-07-24 10:09:37'),
(301,	3,	1,	'New Booking',	'New Booking. Maid : Maid Priority 1, Customer : BjIzkU41rX, Shift : 04:00 PM-04:30 PM',	'BjIzkU41rX',	'Maid Priority 1',	'04:00 PM - 04:30 PM',	4,	0,	0,	'2023-07-24 10:09:37'),
(302,	3,	1,	'New Booking',	'New Booking. Maid : Maid Priority 1, Customer : BjIzkU41rX, Shift : 04:00 PM-04:30 PM',	'BjIzkU41rX',	'Maid Priority 1',	'04:00 PM - 04:30 PM',	4,	0,	0,	'2023-07-24 10:09:37'),
(303,	3,	1,	'New Booking',	'New Booking. Maid : Maid Priority 1, Customer : BjIzkU41rX, Shift : 04:00 PM-04:30 PM',	'BjIzkU41rX',	'Maid Priority 1',	'04:00 PM - 04:30 PM',	4,	0,	0,	'2023-07-24 10:09:37'),
(304,	3,	1,	'New Booking',	'New Booking. Maid : Maid Priority 3, Customer : BjIzkU41rX, Shift : 05:00 PM-05:30 PM',	'BjIzkU41rX',	'Maid Priority 3',	'05:00 PM - 05:30 PM',	1,	0,	0,	'2023-07-26 09:33:22'),
(305,	3,	1,	'New Booking',	'New Booking. Maid : Maid Priority 5, Customer : Test Multi, Shift : 11:00 AM-12:30 PM',	'Test Multi',	'Maid Priority 5',	'11:00 AM - 12:30 PM',	2,	0,	0,	'2023-07-26 09:33:46'),
(306,	3,	1,	'New Booking',	'New Booking. Maid : Maid Priority 5, Customer : Test Multi, Shift : 11:00 AM-12:30 PM',	'Test Multi',	'Maid Priority 5',	'11:00 AM - 12:30 PM',	2,	0,	0,	'2023-07-26 09:33:46'),
(307,	3,	1,	'New Booking',	'New Booking. Maid : Maid Priority 5, Customer : Test Multi, Shift : 11:00 AM-12:30 PM',	'Test Multi',	'Maid Priority 5',	'11:00 AM - 12:30 PM',	2,	0,	0,	'2023-07-26 09:33:46'),
(308,	3,	1,	'New Booking',	'New Booking. Maid : Maid Priority 5, Customer : Test Multi, Shift : 11:00 AM-12:30 PM',	'Test Multi',	'Maid Priority 5',	'11:00 AM - 12:30 PM',	2,	0,	0,	'2023-07-26 09:33:46'),
(309,	3,	1,	'New Booking',	'New Booking. Maid : Maid Priority 5, Customer : Test Multi, Shift : 11:00 AM-12:30 PM',	'Test Multi',	'Maid Priority 5',	'11:00 AM - 12:30 PM',	2,	0,	0,	'2023-07-26 09:33:46'),
(310,	3,	1,	'New Booking',	'New Booking. Maid : Maid Priority 5, Customer : Test Multi, Shift : 11:00 AM-12:30 PM',	'Test Multi',	'Maid Priority 5',	'11:00 AM - 12:30 PM',	2,	0,	0,	'2023-07-26 09:33:46'),
(311,	3,	1,	'New Booking',	'New Booking. Maid : Maid Priority 5, Customer : Test Multi, Shift : 11:00 AM-12:30 PM',	'Test Multi',	'Maid Priority 5',	'11:00 AM - 12:30 PM',	2,	0,	0,	'2023-07-26 09:33:46'),
(312,	2,	1,	'New Booking',	'New Booking. Maid : celRBKpDMr, Customer : W5GR6uTpqT, Shift : 01:30 PM-02:00 PM',	'W5GR6uTpqT',	'celRBKpDMr',	'01:30 PM - 02:00 PM',	81,	0,	0,	'2023-07-26 10:11:39'),
(313,	2,	1,	'New Booking',	'New Booking. Maid : QhH3RTILOR, Customer : W5GR6uTpqT, Shift : 03:30 PM-04:00 PM',	'W5GR6uTpqT',	'QhH3RTILOR',	'03:30 PM - 04:00 PM',	90,	0,	0,	'2023-07-26 10:11:51'),
(314,	2,	1,	'New Booking',	'New Booking. Maid : QhH3RTILOR, Customer : W5GR6uTpqT, Shift : 03:30 PM-04:00 PM',	'W5GR6uTpqT',	'QhH3RTILOR',	'03:30 PM - 04:00 PM',	90,	0,	0,	'2023-07-26 10:11:51'),
(315,	2,	1,	'New Booking',	'New Booking. Maid : Maid Priority 1, Customer : Test Multi, Shift : 02:30 PM-03:30 PM',	'Test Multi',	'Maid Priority 1',	'02:30 PM - 03:30 PM',	4,	0,	0,	'2023-07-27 13:03:23'),
(316,	3,	1,	'Booking Transfered',	'Booking transferred. Maid : Maid Priority 1, Customer : Test Multi, Shift : 02:30 PM-03:30 PM',	'Test Multi',	'Maid Priority 1',	'02:30 PM - 03:30 PM',	4,	0,	0,	'2023-07-27 16:04:44'),
(317,	3,	1,	'New Booking',	'New Booking. Maid : maid 2, Customer : test revathy, Shift : 01:00 PM-02:00 PM',	'test revathy',	'maid 2',	'01:00 PM - 02:00 PM',	3,	0,	0,	'2023-07-29 11:54:27'),
(318,	4,	1,	'New Booking',	'New Booking. Maid : maid -test, Customer : jasmine, Shift : 03:00 PM-03:30 PM',	'jasmine',	'maid -test',	'03:00 PM - 03:30 PM',	1,	0,	0,	'2023-07-29 11:54:59'),
(319,	4,	1,	'New Booking',	'New Booking. Maid : maid -test, Customer : jasmine, Shift : 03:00 PM-03:30 PM',	'jasmine',	'maid -test',	'03:00 PM - 03:30 PM',	1,	0,	0,	'2023-07-29 11:54:59'),
(320,	3,	1,	'New Booking',	'New Booking. Maid : maid1, Customer : test revathy, Shift : 05:00 PM-05:30 PM',	'test revathy',	'maid1',	'05:00 PM - 05:30 PM',	2,	0,	0,	'2023-07-29 11:55:27'),
(321,	3,	1,	'New Booking',	'New Booking. Maid : maid1, Customer : test revathy, Shift : 05:00 PM-05:30 PM',	'test revathy',	'maid1',	'05:00 PM - 05:30 PM',	2,	0,	0,	'2023-07-29 11:55:27'),
(322,	4,	1,	'New Booking',	'New Booking. Maid : maid 2, Customer : jasmine, Shift : 03:30 PM-04:00 PM',	'jasmine',	'maid 2',	'03:30 PM - 04:00 PM',	3,	0,	0,	'2023-07-29 12:18:49'),
(323,	4,	1,	'New Booking',	'New Booking. Maid : maid 2, Customer : test revathy, Shift : 05:00 PM-05:30 PM',	'test revathy',	'maid 2',	'05:00 PM - 05:30 PM',	3,	0,	0,	'2023-07-29 12:21:16'),
(324,	5,	1,	'New Booking',	'New Booking. Maid : maid 2, Customer : jasmine, Shift : 06:00 PM-06:30 PM',	'jasmine',	'maid 2',	'06:00 PM - 06:30 PM',	3,	0,	0,	'2023-07-29 12:23:54'),
(325,	5,	1,	'Booking Transfered',	'Booking transferred. Maid : maid1, Customer : test revathy, Shift : 05:00 PM-05:30 PM',	'test revathy',	'maid1',	'05:00 PM - 05:30 PM',	2,	0,	0,	'2023-07-29 13:21:25'),
(326,	3,	3,	'Booking Updated',	'Booking Updated. Maid : maid1, Customer : test revathy, Shift : 05:30 PM-07:00 PM',	'test revathy',	'maid1',	'05:30 PM - 07:00 PM',	2,	0,	0,	'2023-07-29 14:34:30');

DROP TABLE IF EXISTS `qb_sync_tmp_msg`;
CREATE TABLE `qb_sync_tmp_msg` (
  `tmp_msg_id` int NOT NULL AUTO_INCREMENT,
  `tmp_msg_content` mediumtext ,
  `tmp_msg_stat` tinyint NOT NULL DEFAULT '0',
  PRIMARY KEY (`tmp_msg_id`)
) ENGINE=InnoDB DEFAULT CHARSET=utf8mb4 ;

INSERT INTO `qb_sync_tmp_msg` (`tmp_msg_id`, `tmp_msg_content`, `tmp_msg_stat`) VALUES
(1,	'\"0\\/1 customers synced to QuickBook<br\\/><br\\/><div class=\'text-left\'>Following customer have sync errors<\\/div><table class=\'table table-bordered\'><thead><tr><th style=\'text-align:center;\'>Sl No<\\/th>\\r\\n\\t\\t\\t\\t\\t<th style=\'text-align:center;\'>Name<\\/th><th style=\'text-align:center;\'>Mob<\\/th><th style=\'text-align:center;\'>Reason<\\/th><\\/tr><\\/thead><tbody><tr><td style=\'text-align:center;\'>1<\\/td><td style=\'text-align:center;\'>Vishnu M<\\/td><td style=\'text-align:center;\'>512345678<\\/td><td style=\'text-align:center;\'>The name supplied already exists. : null6240<\\/td><\\/tr><\\/tbody><\\/table>\"',	1),
(2,	'\"0\\/2 invoices synced to QuickBook<br\\/><br\\/><div class=\'text-left\'>Following Invoice have sync errors<\\/div><table class=\'table table-bordered\'><thead><tr><th style=\'text-align:center;\'>Sl No<\\/th><th style=\'text-align:center;\'>Number<\\/th><th style=\'text-align:center;\'>Customer<\\/th><th style=\'text-align:center;\'>Invoice Date<\\/th><th style=\'text-align:center;\'>Reason<\\/th><\\/tr><\\/thead><tbody><tr><td style=\'text-align:center;\'>1<\\/td><td style=\'text-align:center;\'>INV-2023-0019<\\/td><td style=\'text-align:center;\'>TEST Customer<\\/td><td style=\'text-align:center;\'>2023-04-01<\\/td><td style=\'text-align:center;\'>Token expired: AB01685562072vbEdwG9QpFDHqLroW8sQapmVFcXukxcxqy7VK3200<\\/td><\\/tr><tr><td style=\'text-align:center;\'>2<\\/td><td style=\'text-align:center;\'>INV-2023-0020<\\/td><td style=\'text-align:center;\'>TEST Customer<\\/td><td style=\'text-align:center;\'>2023-04-26<\\/td><td style=\'text-align:center;\'>Token expired: AB01685562072vbEdwG9QpFDHqLroW8sQapmVFcXukxcxqy7VK3200<\\/td><\\/tr><\\/tbody><\\/table>\"',	1),
(3,	'\"0\\/1 quotations synced to QuickBook<br\\/><br\\/><div class=\'text-left\'>Following Invoice have sync errors<\\/div><table class=\'table table-bordered\'><thead><tr><th style=\'text-align:center;\'>Sl No<\\/th><th style=\'text-align:center;\'>Number<\\/th><th style=\'text-align:center;\'>Customer<\\/th><th style=\'text-align:center;\'>Quotation Date<\\/th><th style=\'text-align:center;\'>Reason<\\/th><\\/tr><\\/thead><tbody><tr><td style=\'text-align:center;\'>1<\\/td><td style=\'text-align:center;\'><\\/td><td style=\'text-align:center;\'><\\/td><td style=\'text-align:center;\'>01\\/01\\/1970<\\/td><td style=\'text-align:center;\'>Customer not synced to quickbook<\\/td><\\/tr><\\/tbody><\\/table>\"',	0),
(4,	'\"1\\/1 invoice payments synced to QuickBook\"',	1),
(5,	'\"0\\/1 services synced to QuickBook<br\\/><br\\/><div class=\'text-left\'>Following Service have sync errors<\\/div><table class=\'table table-bordered\'><thead><tr><th style=\'text-align:center;\'>Sl No<\\/th><th style=\'text-align:center;\'>Service<\\/th><th style=\'text-align:center;\'>Reason<\\/th><\\/tr><\\/thead><tbody><tr><td style=\'text-align:center;\'>1<\\/td><td style=\'text-align:center;\'><\\/td><td style=\'text-align:center;\'>Required param missing, need to supply the required value for the API<\\/td><\\/tr><\\/tbody><\\/table>\"',	0),
(6,	'\"0\\/39 payments synced to QuickBook<br\\/><br\\/><div class=\'text-left\'>Following Payment have sync errors<\\/div><table class=\'table table-bordered\'><thead><tr><th style=\'text-align:center;\'>Sl No<\\/th><th style=\'text-align:center;\'>Customer<\\/th><th style=\'text-align:center;\'>Payment Date<\\/th><th style=\'text-align:center;\'>Reason<\\/th><\\/tr><\\/thead><tbody><tr><td style=\'text-align:center;\'>1<\\/td><td style=\'text-align:center;\'>Vishnu M<\\/td><td style=\'text-align:center;\'>2023-03-09 09:24:16<\\/td><td style=\'text-align:center;\'>Customer not synced to quickbook<\\/td><\\/tr><tr><td style=\'text-align:center;\'>2<\\/td><td style=\'text-align:center;\'>Vishnu M<\\/td><td style=\'text-align:center;\'>2023-03-09 09:31:45<\\/td><td style=\'text-align:center;\'>Customer not synced to quickbook<\\/td><\\/tr><tr><td style=\'text-align:center;\'>3<\\/td><td style=\'text-align:center;\'>Vishnu M<\\/td><td style=\'text-align:center;\'>2023-03-09 09:35:59<\\/td><td style=\'text-align:center;\'>Customer not synced to quickbook<\\/td><\\/tr><tr><td style=\'text-align:center;\'>4<\\/td><td style=\'text-align:center;\'>Vishnu M<\\/td><td style=\'text-align:center;\'>2023-03-09 09:37:16<\\/td><td style=\'text-align:center;\'>Customer not synced to quickbook<\\/td><\\/tr><tr><td style=\'text-align:center;\'>5<\\/td><td style=\'text-align:center;\'>Vishnu M<\\/td><td style=\'text-align:center;\'>2023-03-09 09:38:25<\\/td><td style=\'text-align:center;\'>Customer not synced to quickbook<\\/td><\\/tr><tr><td style=\'text-align:center;\'>6<\\/td><td style=\'text-align:center;\'>Vishnu M<\\/td><td style=\'text-align:center;\'>2023-03-09 09:40:27<\\/td><td style=\'text-align:center;\'>Customer not synced to quickbook<\\/td><\\/tr><tr><td style=\'text-align:center;\'>7<\\/td><td style=\'text-align:center;\'>Samnad S [ TEST ]<\\/td><td style=\'text-align:center;\'>2023-03-17 00:00:00<\\/td><td style=\'text-align:center;\'>Token expired: AB01685562072vbEdwG9QpFDHqLroW8sQapmVFcXukxcxqy7VK3200<\\/td><\\/tr><tr><td style=\'text-align:center;\'>8<\\/td><td style=\'text-align:center;\'>Revathy L<\\/td><td style=\'text-align:center;\'>2023-03-17 00:00:00<\\/td><td style=\'text-align:center;\'>Token expired: AB01685562072vbEdwG9QpFDHqLroW8sQapmVFcXukxcxqy7VK3200<\\/td><\\/tr><tr><td style=\'text-align:center;\'>9<\\/td><td style=\'text-align:center;\'>TEST Customer<\\/td><td style=\'text-align:center;\'>2023-03-20 00:00:00<\\/td><td style=\'text-align:center;\'>Token expired: AB01685562072vbEdwG9QpFDHqLroW8sQapmVFcXukxcxqy7VK3200<\\/td><\\/tr><tr><td style=\'text-align:center;\'>10<\\/td><td style=\'text-align:center;\'>Revathy L<\\/td><td style=\'text-align:center;\'>2023-03-22 00:00:00<\\/td><td style=\'text-align:center;\'>Token expired: AB01685562072vbEdwG9QpFDHqLroW8sQapmVFcXukxcxqy7VK3200<\\/td><\\/tr><tr><td style=\'text-align:center;\'>11<\\/td><td style=\'text-align:center;\'>Revathy L<\\/td><td style=\'text-align:center;\'>2023-03-29 00:00:00<\\/td><td style=\'text-align:center;\'>Token expired: AB01685562072vbEdwG9QpFDHqLroW8sQapmVFcXukxcxqy7VK3200<\\/td><\\/tr><tr><td style=\'text-align:center;\'>12<\\/td><td style=\'text-align:center;\'>Samnad S [ TEST ]<\\/td><td style=\'text-align:center;\'>2023-04-03 00:00:00<\\/td><td style=\'text-align:center;\'>Token expired: AB01685562072vbEdwG9QpFDHqLroW8sQapmVFcXukxcxqy7VK3200<\\/td><\\/tr><tr><td style=\'text-align:center;\'>13<\\/td><td style=\'text-align:center;\'>Samnad S [ TEST ]<\\/td><td style=\'text-align:center;\'>2023-04-06 00:00:00<\\/td><td style=\'text-align:center;\'>Token expired: AB01685562072vbEdwG9QpFDHqLroW8sQapmVFcXukxcxqy7VK3200<\\/td><\\/tr><tr><td style=\'text-align:center;\'>14<\\/td><td style=\'text-align:center;\'>Revathy L<\\/td><td style=\'text-align:center;\'>2023-04-06 00:00:00<\\/td><td style=\'text-align:center;\'>Token expired: AB01685562072vbEdwG9QpFDHqLroW8sQapmVFcXukxcxqy7VK3200<\\/td><\\/tr><tr><td style=\'text-align:center;\'>15<\\/td><td style=\'text-align:center;\'>Revathy L<\\/td><td style=\'text-align:center;\'>2023-04-20 00:00:00<\\/td><td style=\'text-align:center;\'>Token expired: AB01685562072vbEdwG9QpFDHqLroW8sQapmVFcXukxcxqy7VK3200<\\/td><\\/tr><tr><td style=\'text-align:center;\'>16<\\/td><td style=\'text-align:center;\'>Revathy L<\\/td><td style=\'text-align:center;\'>2023-04-20 00:00:00<\\/td><td style=\'text-align:center;\'>Token expired: AB01685562072vbEdwG9QpFDHqLroW8sQapmVFcXukxcxqy7VK3200<\\/td><\\/tr><tr><td style=\'text-align:center;\'>17<\\/td><td style=\'text-align:center;\'>Revathy L<\\/td><td style=\'text-align:center;\'>2023-04-20 00:00:00<\\/td><td style=\'text-align:center;\'>Token expired: AB01685562072vbEdwG9QpFDHqLroW8sQapmVFcXukxcxqy7VK3200<\\/td><\\/tr><tr><td style=\'text-align:center;\'>18<\\/td><td style=\'text-align:center;\'>TEST Customer<\\/td><td style=\'text-align:center;\'>2023-04-24 00:00:00<\\/td><td style=\'text-align:center;\'>Token expired: AB01685562072vbEdwG9QpFDHqLroW8sQapmVFcXukxcxqy7VK3200<\\/td><\\/tr><tr><td style=\'text-align:center;\'>19<\\/td><td style=\'text-align:center;\'>TEST Customer<\\/td><td style=\'text-align:center;\'>2023-04-26 00:00:00<\\/td><td style=\'text-align:center;\'>Token expired: AB01685562072vbEdwG9QpFDHqLroW8sQapmVFcXukxcxqy7VK3200<\\/td><\\/tr><tr><td style=\'text-align:center;\'>20<\\/td><td style=\'text-align:center;\'>Vishnu Monthly<\\/td><td style=\'text-align:center;\'>2023-04-26 00:00:00<\\/td><td style=\'text-align:center;\'>Token expired: AB01685562072vbEdwG9QpFDHqLroW8sQapmVFcXukxcxqy7VK3200<\\/td><\\/tr><tr><td style=\'text-align:center;\'>21<\\/td><td style=\'text-align:center;\'>TEST Customer<\\/td><td style=\'text-align:center;\'>2023-04-27 00:00:00<\\/td><td style=\'text-align:center;\'>Token expired: AB01685562072vbEdwG9QpFDHqLroW8sQapmVFcXukxcxqy7VK3200<\\/td><\\/tr><tr><td style=\'text-align:center;\'>22<\\/td><td style=\'text-align:center;\'>Vishnu Monthly<\\/td><td style=\'text-align:center;\'>2023-04-26 00:00:00<\\/td><td style=\'text-align:center;\'>Token expired: AB01685562072vbEdwG9QpFDHqLroW8sQapmVFcXukxcxqy7VK3200<\\/td><\\/tr><tr><td style=\'text-align:center;\'>23<\\/td><td style=\'text-align:center;\'>Samnad S [ TEST ]<\\/td><td style=\'text-align:center;\'>2023-04-27 00:00:00<\\/td><td style=\'text-align:center;\'>Token expired: AB01685562072vbEdwG9QpFDHqLroW8sQapmVFcXukxcxqy7VK3200<\\/td><\\/tr><tr><td style=\'text-align:center;\'>24<\\/td><td style=\'text-align:center;\'>Vishnu Monthly<\\/td><td style=\'text-align:center;\'>2023-05-05 00:00:00<\\/td><td style=\'text-align:center;\'>Token expired: AB01685562072vbEdwG9QpFDHqLroW8sQapmVFcXukxcxqy7VK3200<\\/td><\\/tr><tr><td style=\'text-align:center;\'>25<\\/td><td style=\'text-align:center;\'>Vishnu Invoice Test<\\/td><td style=\'text-align:center;\'>2023-05-04 00:00:00<\\/td><td style=\'text-align:center;\'>Token expired: AB01685562072vbEdwG9QpFDHqLroW8sQapmVFcXukxcxqy7VK3200<\\/td><\\/tr><tr><td style=\'text-align:center;\'>26<\\/td><td style=\'text-align:center;\'>Monthly Advanced<\\/td><td style=\'text-align:center;\'>2023-05-11 00:00:00<\\/td><td style=\'text-align:center;\'>Token expired: AB01685562072vbEdwG9QpFDHqLroW8sQapmVFcXukxcxqy7VK3200<\\/td><\\/tr><tr><td style=\'text-align:center;\'>27<\\/td><td style=\'text-align:center;\'>Samnad S [ TEST ]<\\/td><td style=\'text-align:center;\'>2023-05-11 00:00:00<\\/td><td style=\'text-align:center;\'>Token expired: AB01685562072vbEdwG9QpFDHqLroW8sQapmVFcXukxcxqy7VK3200<\\/td><\\/tr><tr><td style=\'text-align:center;\'>28<\\/td><td style=\'text-align:center;\'>Vishnu M<\\/td><td style=\'text-align:center;\'>2023-05-15 19:35:41<\\/td><td style=\'text-align:center;\'>Customer not synced to quickbook<\\/td><\\/tr><tr><td style=\'text-align:center;\'>29<\\/td><td style=\'text-align:center;\'>Vishnu M<\\/td><td style=\'text-align:center;\'>2023-05-16 12:02:46<\\/td><td style=\'text-align:center;\'>Customer not synced to quickbook<\\/td><\\/tr><tr><td style=\'text-align:center;\'>30<\\/td><td style=\'text-align:center;\'>Vishnu M<\\/td><td style=\'text-align:center;\'>2023-05-16 14:08:10<\\/td><td style=\'text-align:center;\'>Customer not synced to quickbook<\\/td><\\/tr><tr><td style=\'text-align:center;\'>31<\\/td><td style=\'text-align:center;\'>Vishnu M<\\/td><td style=\'text-align:center;\'>2023-05-16 14:15:27<\\/td><td style=\'text-align:center;\'>Customer not synced to quickbook<\\/td><\\/tr><tr><td style=\'text-align:center;\'>32<\\/td><td style=\'text-align:center;\'>Vishnu M<\\/td><td style=\'text-align:center;\'>2023-05-16 17:08:28<\\/td><td style=\'text-align:center;\'>Customer not synced to quickbook<\\/td><\\/tr><tr><td style=\'text-align:center;\'>33<\\/td><td style=\'text-align:center;\'>Vishnu Quickbook Test Vlss<\\/td><td style=\'text-align:center;\'>2023-05-26 00:00:00<\\/td><td style=\'text-align:center;\'>Token expired: AB01685562072vbEdwG9QpFDHqLroW8sQapmVFcXukxcxqy7VK3200<\\/td><\\/tr><tr><td style=\'text-align:center;\'>34<\\/td><td style=\'text-align:center;\'>Vishnu Quickbook Test Vlss<\\/td><td style=\'text-align:center;\'>2023-05-26 00:00:00<\\/td><td style=\'text-align:center;\'>Token expired: AB01685562072vbEdwG9QpFDHqLroW8sQapmVFcXukxcxqy7VK3200<\\/td><\\/tr><tr><td style=\'text-align:center;\'>35<\\/td><td style=\'text-align:center;\'>Azinova New<\\/td><td style=\'text-align:center;\'>2023-05-31 00:00:00<\\/td><td style=\'text-align:center;\'>Token expired: AB01685562072vbEdwG9QpFDHqLroW8sQapmVFcXukxcxqy7VK3200<\\/td><\\/tr><tr><td style=\'text-align:center;\'>36<\\/td><td style=\'text-align:center;\'>Azinova New<\\/td><td style=\'text-align:center;\'>2023-06-01 00:00:00<\\/td><td style=\'text-align:center;\'>Token expired: AB01685562072vbEdwG9QpFDHqLroW8sQapmVFcXukxcxqy7VK3200<\\/td><\\/tr><tr><td style=\'text-align:center;\'>37<\\/td><td style=\'text-align:center;\'>Azinova New<\\/td><td style=\'text-align:center;\'>2023-06-01 00:00:00<\\/td><td style=\'text-align:center;\'>Token expired: AB01685562072vbEdwG9QpFDHqLroW8sQapmVFcXukxcxqy7VK3200<\\/td><\\/tr><tr><td style=\'text-align:center;\'>38<\\/td><td style=\'text-align:center;\'>Azinova New<\\/td><td style=\'text-align:center;\'>2023-06-01 00:00:00<\\/td><td style=\'text-align:center;\'>Token expired: AB01685562072vbEdwG9QpFDHqLroW8sQapmVFcXukxcxqy7VK3200<\\/td><\\/tr><tr><td style=\'text-align:center;\'>39<\\/td><td style=\'text-align:center;\'>Azinova New<\\/td><td style=\'text-align:center;\'>2023-06-01 00:00:00<\\/td><td style=\'text-align:center;\'>Token expired: AB01685562072vbEdwG9QpFDHqLroW8sQapmVFcXukxcxqy7VK3200<\\/td><\\/tr><\\/tbody><\\/table>\"',	1);

DROP TABLE IF EXISTS `quickbook_details`;
CREATE TABLE `quickbook_details` (
  `id` int NOT NULL AUTO_INCREMENT,
  `companyId` varchar(100)  DEFAULT NULL,
  `client_id` varchar(500)  DEFAULT NULL,
  `client_secret` varchar(500)  DEFAULT NULL,
  `access_token` mediumtext ,
  `refresh_token` mediumtext ,
  PRIMARY KEY (`id`)
) ENGINE=InnoDB DEFAULT CHARSET=utf8mb4 ;

INSERT INTO `quickbook_details` (`id`, `companyId`, `client_id`, `client_secret`, `access_token`, `refresh_token`) VALUES
(1,	NULL,	NULL,	NULL,	'eyJlbmMiOiJBMTI4Q0JDLUhTMjU2IiwiYWxnIjoiZGlyIn0..YBRedzFD1PpdOG1wOzSaFw.lA-0heSSt87Fyu9XmAdWhsZPNu2uq3G9lmRsXgQNnuDCwWycQy8NiaFrE9vdkwq3gckP732YTSlJE9h0XmMNGQUkYf396m_U0GYCQZAj3pTDA5TbN8Bm4a7lydv_-0mvLfbAV4wel1Q1G4Xza8RZwQWqdR3j58IscmF3FN-6ukjnG9UU8sWJXps3-iK1jlABwGFcj-ysl6cqa1VLP2YswSJW3qP-TEdl_qWAMc8QvwH6ZdS7KMhywiFgw3JV2slfLf98yvoxAq_NV4-Iv463ezIBrcAwao2PxhY44iHX3SFMvcIPyWI-zBEmyJimF_GRHVd4NNNVPbVrpmwQM92wUIFZcTB5Nzvk9LiorkJMCAHIigOkzNMBKyH8Mrk6Ok4KsQT2N11wbPyr0imTQwjRcEvWYPLLNj54LKiZe5GBO2Jpa6qKnBri_HqlC9zQYWNEA45GmSeILxISTfVwsSuFVKqUxormOSUtyhevz00webFdRzt4kyrpPwnvxYUk5mPUDpedZhwHaGTZbXm_AFZmTy15kEIB0Tescgc5pkhvLDQV0v9ghQdZC7I_bhZqM4LiIskO4hReTm3StAdfstqGkLh5tBfRwfm-1L7iT6eRTGnxZhulnZy8KWS682Mzb3YmBdiZz-PYFkjMUCzmP6Im5LHsP516mpM76s_S9Kq21OyC60bc8cuNtXH6z-ILJ5gRAE-ubh_Yxy35PVbTqvS_8g1BNSXdzBtnCiUTBzXR8ev9owLnfr74y2_g7i0RPZ0j.fRYku9rrcYEqce2_m1vVDg',	'AB11693223557sqvMqpVF7S7W0zQ8Tpl5vVbmM95aWdwudCAAd');

DROP TABLE IF EXISTS `quotation`;
CREATE TABLE `quotation` (
  `quo_id` bigint unsigned NOT NULL AUTO_INCREMENT,
  `quo_reference` varchar(250)  DEFAULT NULL,
  `quo_customer_id` bigint unsigned DEFAULT NULL,
  `quo_customer_addr_id` bigint unsigned NOT NULL DEFAULT '0',
  `quo_servicetype_id` bigint DEFAULT NULL,
  `quo_customer_name` varchar(100)  DEFAULT NULL,
  `quo_bill_address` varchar(500)  DEFAULT NULL,
  `quo_status` tinyint NOT NULL DEFAULT '0',
  `quo_added_datetime` datetime DEFAULT NULL,
  `quo_date` date DEFAULT NULL,
  `quo_time_from` time DEFAULT NULL,
  `quo_time_to` time DEFAULT NULL,
  `quo_total_discount` float NOT NULL DEFAULT '0',
  `quo_total_amount` float NOT NULL DEFAULT '0',
  `quo_tax_amount` float NOT NULL DEFAULT '0',
  `quo_net_amount` float NOT NULL DEFAULT '0',
  `quo_added_by` bigint unsigned NOT NULL,
  `quo_qb_id` varchar(1000)  NOT NULL,
  `quo_qb_sync_stat` tinyint NOT NULL DEFAULT '0',
  PRIMARY KEY (`quo_id`)
) ENGINE=InnoDB DEFAULT CHARSET=utf8mb4 ;


DROP TABLE IF EXISTS `quotation_line_items`;
CREATE TABLE `quotation_line_items` (
  `qli_id` bigint NOT NULL AUTO_INCREMENT,
  `qli_quotation_id` bigint DEFAULT NULL,
  `qli_description` mediumtext ,
  `qli_service_type_id` bigint DEFAULT NULL,
  `qli_rate` float DEFAULT NULL,
  `qli_quantity` float DEFAULT NULL,
  `qli_price` float DEFAULT NULL,
  PRIMARY KEY (`qli_id`)
) ENGINE=InnoDB DEFAULT CHARSET=utf8mb4 ;


DROP TABLE IF EXISTS `rating_level`;
CREATE TABLE `rating_level` (
  `rating_level_id` int unsigned NOT NULL AUTO_INCREMENT,
  `rating_level` varchar(100)  NOT NULL,
  PRIMARY KEY (`rating_level_id`)
) ENGINE=InnoDB DEFAULT CHARSET=utf8mb4 ;

INSERT INTO `rating_level` (`rating_level_id`, `rating_level`) VALUES
(1,	'Poor'),
(2,	'Bad'),
(3,	'Average'),
(4,	'Good'),
(5,	'Excellent');

DROP TABLE IF EXISTS `refer_sources`;
CREATE TABLE `refer_sources` (
  `refer_source_id` int unsigned NOT NULL AUTO_INCREMENT,
  `refer_source` varchar(155) NOT NULL,
  `for_customer` tinyint DEFAULT NULL,
  `for_employee` tinyint DEFAULT NULL,
  `created_at` datetime NOT NULL,
  `updated_at` datetime NOT NULL,
  `deleted_at` datetime DEFAULT NULL,
  PRIMARY KEY (`refer_source_id`)
) ENGINE=InnoDB DEFAULT CHARSET=utf8mb4 ;

INSERT INTO `refer_sources` (`refer_source_id`, `refer_source`, `for_customer`, `for_employee`, `created_at`, `updated_at`, `deleted_at`) VALUES
(1,	'Google',	1,	1,	'2023-07-12 20:06:16',	'2023-07-12 20:06:16',	NULL),
(2,	'Facebook',	1,	1,	'2023-07-12 20:06:16',	'2023-07-12 20:06:16',	NULL),
(3,	'Instagram',	1,	1,	'2023-07-12 20:06:16',	'2023-07-12 20:06:16',	NULL),
(4,	'Other',	1,	1,	'2023-07-12 20:06:16',	'2023-07-12 20:06:16',	NULL);

DROP TABLE IF EXISTS `replace_delete_requests`;
CREATE TABLE `replace_delete_requests` (
  `request_id` int NOT NULL AUTO_INCREMENT,
  `booking_id` bigint unsigned NOT NULL DEFAULT '0',
  `service_date` date DEFAULT NULL,
  `request_type` char(10)  DEFAULT NULL COMMENT 'REPLACE,DELETE',
  `request_reason` mediumtext ,
  `request_status` tinyint(1) NOT NULL DEFAULT '0' COMMENT '0-pending,1-approved,2-rejected,3-cancelled',
  `requested_by` int NOT NULL,
  `request_added_date` datetime DEFAULT NULL,
  `request_updated_date` datetime DEFAULT NULL,
  `approvedBy` int DEFAULT NULL,
  `status` tinyint(1) NOT NULL DEFAULT '1',
  PRIMARY KEY (`request_id`)
) ENGINE=InnoDB DEFAULT CHARSET=utf8mb4 ;

INSERT INTO `replace_delete_requests` (`request_id`, `booking_id`, `service_date`, `request_type`, `request_reason`, `request_status`, `requested_by`, `request_added_date`, `request_updated_date`, `approvedBy`, `status`) VALUES
(6,	427,	'2023-06-22',	'DELETE',	'rest',	2,	1,	'2023-06-22 15:51:07',	NULL,	1,	1),
(8,	321,	'2023-06-23',	'DELETE',	'Test booking',	1,	1,	'2023-06-23 18:58:24',	'2023-06-23 19:09:10',	1,	1);

DROP TABLE IF EXISTS `residence_types`;
CREATE TABLE `residence_types` (
  `residence_type_id` int NOT NULL AUTO_INCREMENT,
  `residence_type` varchar(100) NOT NULL,
  `order_id` int unsigned DEFAULT NULL,
  `created_at` datetime NOT NULL,
  `updated_at` datetime NOT NULL,
  `deleted_at` datetime DEFAULT NULL,
  PRIMARY KEY (`residence_type_id`)
) ENGINE=InnoDB DEFAULT CHARSET=utf8mb4 ;

INSERT INTO `residence_types` (`residence_type_id`, `residence_type`, `order_id`, `created_at`, `updated_at`, `deleted_at`) VALUES
(1,	'Villa',	NULL,	'2023-07-12 19:42:14',	'2023-07-12 19:42:14',	NULL),
(2,	'Apartment',	NULL,	'2023-07-12 19:42:25',	'2023-07-12 19:42:25',	NULL),
(3,	'Office',	NULL,	'2023-07-12 19:42:36',	'2023-07-12 19:42:36',	NULL),
(4,	'Warehouse',	NULL,	'2023-07-12 19:42:44',	'2023-07-12 19:42:44',	NULL),
(5,	'Home',	NULL,	'2023-07-13 12:03:12',	'2023-07-13 12:03:12',	NULL);

DROP TABLE IF EXISTS `salesman`;
CREATE TABLE `salesman` (
  `salesman_id` int NOT NULL AUTO_INCREMENT,
  `salesman_name` varchar(100)  NOT NULL,
  `description` varchar(250)  NOT NULL,
  `created_at` datetime NOT NULL,
  `updated_at` datetime NOT NULL,
  `deleted_at` datetime DEFAULT NULL,
  PRIMARY KEY (`salesman_id`)
) ENGINE=InnoDB DEFAULT CHARSET=utf8mb4 ;


DROP TABLE IF EXISTS `service_cancel_reasons`;
CREATE TABLE `service_cancel_reasons` (
  `reason_id` int NOT NULL AUTO_INCREMENT,
  `reason_name` varchar(1500)  DEFAULT NULL,
  `createdAt` datetime NOT NULL DEFAULT CURRENT_TIMESTAMP,
  `status` tinyint(1) NOT NULL DEFAULT '1',
  PRIMARY KEY (`reason_id`)
) ENGINE=InnoDB DEFAULT CHARSET=utf8mb4 ;

INSERT INTO `service_cancel_reasons` (`reason_id`, `reason_name`, `createdAt`, `status`) VALUES
(1,	'Don\'t need the service anymore',	'2022-02-14 16:31:32',	1),
(2,	'Customer not available at this time',	'2022-02-14 16:31:32',	1),
(3,	'Found a better rate elsewhere',	'2022-02-14 16:32:03',	1),
(4,	'Others',	'2022-02-14 16:32:03',	1);

DROP TABLE IF EXISTS `service_types`;
CREATE TABLE `service_types` (
  `service_type_id` int NOT NULL AUTO_INCREMENT,
  `service_type_name` varchar(110)  NOT NULL,
  `order_id` int NOT NULL,
  `service_rate` float(10,2) NOT NULL,
  `material_incl` varchar(1)  NOT NULL DEFAULT 'N',
  `warning_notes` varchar(1)  NOT NULL DEFAULT 'N',
  `web_status` int NOT NULL DEFAULT '0',
  `service_category` varchar(10)  DEFAULT 'C' COMMENT 'C-cleaning,M-maintenance',
  `detail` longtext  NOT NULL,
  `service_type_status` tinyint(1) NOT NULL COMMENT '0 - Not Active, 1 - Active',
  `photourl` longtext ,
  `odoo_service_id` int NOT NULL,
  `readmore` varchar(1)  DEFAULT 'N',
  `readmore_link` varchar(1500)  DEFAULT NULL,
  `category_available` tinyint DEFAULT NULL,
  `subcategory_available` tinyint DEFAULT NULL,
  `is_furnished` tinyint NOT NULL DEFAULT '0',
  `floor_cleaning` tinyint DEFAULT NULL,
  `service_type` char(1)  NOT NULL DEFAULT 'H',
  `price_condition` char(5)  NOT NULL DEFAULT 'CP',
  `enable_scrubbing` enum('Y','N')  NOT NULL DEFAULT 'N',
  `cleaning_icon` varchar(1500)  DEFAULT NULL,
  `special_price` float NOT NULL,
  `maid_status` int NOT NULL DEFAULT '0',
  PRIMARY KEY (`service_type_id`),
  KEY `service_category` (`service_category`),
  KEY `service_type_status` (`service_type_status`),
  KEY `service_type_name` (`service_type_name`)
) ENGINE=InnoDB DEFAULT CHARSET=utf8mb4 ;

INSERT INTO `service_types` (`service_type_id`, `service_type_name`, `order_id`, `service_rate`, `material_incl`, `warning_notes`, `web_status`, `service_category`, `detail`, `service_type_status`, `photourl`, `odoo_service_id`, `readmore`, `readmore_link`, `category_available`, `subcategory_available`, `is_furnished`, `floor_cleaning`, `service_type`, `price_condition`, `enable_scrubbing`, `cleaning_icon`, `special_price`, `maid_status`) VALUES
(1,	'House Cleaning',	1,	35.00,	'N',	'N',	1,	'C',	'We can create the perfect space inside of your house, where there will be no ugly sights or foul smells ruining the aesthetic. Indeed, our capable maids and personnel are able to clean every nook and corner of your household to perfection.',	1,	'house-cleaning.png',	0,	'N',	NULL,	NULL,	NULL,	0,	NULL,	'H',	'CP',	'N',	'house-cleaning.png',	40,	0),
(2,	'Move-in Move-out Cleaning',	2,	50.00,	'N',	'N',	0,	'C',	'It\'s not just residents and houses that we are able to clean and maintain, but our services can also be implemented with the same effectiveness in your office. It is quite important to have a clean office space, and the best way to maintain or enhance the cleanliness is to have it cleaned by our meticulous service.',	1,	'movein.png',	0,	'N',	NULL,	NULL,	NULL,	0,	NULL,	'H',	'CP',	'N',	NULL,	0,	1),
(3,	'Window Cleaning',	3,	0.00,	'N',	'N',	0,	'C',	'A stained window can be a huge embarrassment if you are trying to look clean and perfect. With our professional cleaners, we can make it possible for you to get yours looking crystal clear.',	0,	'windowcleaning.png',	0,	'N',	NULL,	NULL,	NULL,	0,	NULL,	'H',	'CP',	'N',	NULL,	0,	1),
(4,	'Before and After Party Cleaning',	4,	0.00,	'N',	'N',	0,	'C',	'It can be quite daunting to setup a party, a lot of cleaning needs to be done. It can be even more terrifying to clean the amount of mess made after the party. With our cleaning service professionals at the helm, there is no amount of partying that can deter them from effective total cleaning.',	1,	'party.png',	0,	'N',	NULL,	NULL,	NULL,	0,	NULL,	'H',	'CP',	'N',	NULL,	0,	1),
(5,	'Floor Cleaning',	5,	0.00,	'N',	'N',	0,	'C',	'Your floor is likely the place which is going to become the dirtiest due to spills, dust, debris and what not. It can seem intimidating, cleaning all of that, but fear not, we will accomplish that quickly, with our professional cleaners who will have it glistening once they are through cleaning.',	1,	'floorcleaning.png',	0,	'N',	NULL,	NULL,	NULL,	0,	NULL,	'H',	'CP',	'N',	NULL,	0,	1),
(6,	'Regular Cleaning',	6,	0.00,	'N',	'N',	0,	'C',	'We know that you would like to spend some quality time on yourself or with your friends or your spouse; although, this means leaving the children alone to fend for themselves. Don\'t be worried, our trained nannies will nurture and care for your children and keep them safe while you’re out.',	1,	'carpetcleaning.png',	0,	'N',	NULL,	NULL,	NULL,	0,	NULL,	'H',	'CP',	'N',	NULL,	0,	1),
(7,	'Baby Sitting',	7,	50.00,	'N',	'N',	0,	'C',	'We know that you would like to spend some quality time on yourself or with your friends or your spouse; although, this means leaving the children alone to fend for themselves. Don\'t be worried, our trained nannies will nurture and care for your children and keep them safe while you’re out.',	1,	'babysitting.png',	0,	'N',	NULL,	NULL,	NULL,	0,	NULL,	'H',	'CP',	'N',	NULL,	0,	1),
(8,	'Painting',	8,	0.00,	'N',	'N',	0,	'M',	'We provide you painting services that will rejuvenate your home. Our experienced painters have done painting jobs for houses across Dubai whether they are apartments or villas. Their insight, deft touch and skill will help you create a masterpiece.',	0,	'painting.png',	0,	'N',	NULL,	NULL,	NULL,	0,	NULL,	'H',	'CP',	'N',	NULL,	0,	0),
(9,	'AC Conditioning',	9,	0.00,	'N',	'N',	0,	'M',	'Having a broken down AC in the Dubai heat would be a bother for anyone. This is why you have to call on our services, for we provide exceptional AC repair service. With profound knowledge about all kinds of AC issues, our personnel can give you a quick fix.',	0,	'ac-service.png',	0,	'N',	NULL,	NULL,	NULL,	0,	NULL,	'H',	'CP',	'N',	NULL,	0,	0),
(10,	'Plumbing',	14,	0.00,	'N',	'N',	0,	'M',	'You might need plumbing services for your plumbing is not on point and there are frequent disruptions in the water flow. If you need someone to fix your plumbing quickly and without any disruptions in the future, then call on Spectrum’s plumbers.',	0,	'plumbing.png',	0,	'N',	NULL,	NULL,	NULL,	0,	NULL,	'H',	'CP',	'N',	NULL,	0,	0),
(11,	'Electrical Services',	15,	0.00,	'N',	'N',	0,	'M',	'Need someone to fix a light bulb? It doesn’t take a hundred people; only one extremely skilled technicians. They are not only fixing light bulbs, but their expertise allows them to fix all kinds of electrical wirings all around your house.',	0,	'electrical.png',	0,	'N',	NULL,	NULL,	NULL,	0,	NULL,	'H',	'CP',	'N',	NULL,	0,	0),
(12,	'Water Tank Cleaning',	16,	0.00,	'N',	'N',	0,	'M',	'Our water tank cleaning will purge your water tank of all filth and dirt that have been making the water dirty. It doesn’t matter whether the tank is big or not, our cleaning services purges it off anything dirty and the water made clean.',	0,	'watertank.png',	0,	'N',	NULL,	NULL,	NULL,	0,	NULL,	'H',	'CP',	'N',	NULL,	0,	0),
(13,	'Handyman Services',	17,	0.00,	'N',	'N',	0,	'M',	'We have the best handymen in Dubai at our disposal; these people are the best in the business. Our handymen are extremely versatile and can easily fulfil any miscellaneous tasks that are given to them. Their expertise makes them quite high in demand.',	0,	'handyman.png',	0,	'N',	NULL,	NULL,	NULL,	0,	NULL,	'H',	'CP',	'N',	NULL,	0,	0),
(14,	'AC Maintenance',	10,	0.00,	'N',	'N',	0,	'M',	'',	0,	NULL,	0,	'N',	NULL,	NULL,	NULL,	0,	NULL,	'H',	'CP',	'N',	NULL,	0,	0),
(15,	'AC Deep Cleaning',	12,	0.00,	'N',	'N',	0,	'M',	'',	0,	NULL,	0,	'N',	NULL,	NULL,	NULL,	0,	NULL,	'H',	'CP',	'N',	NULL,	0,	0),
(16,	'AC Soft Cleaning',	11,	0.00,	'N',	'N',	0,	'M',	'',	0,	NULL,	0,	'N',	NULL,	NULL,	NULL,	0,	NULL,	'H',	'CP',	'N',	NULL,	0,	0),
(17,	'AC Duct Cleaning',	13,	0.00,	'N',	'N',	0,	'M',	'',	0,	NULL,	0,	'N',	NULL,	NULL,	NULL,	0,	NULL,	'H',	'CP',	'N',	NULL,	0,	0),
(24,	'Cleaning Services',	0,	35.00,	'N',	'N',	0,	'C',	'We know that you would like to spend some quality time on yourself or with your friends or your spouse; although, this means leaving the children alone to fend for themselves. Don\'t be worried, our trained nannies will nurture and care for your children and keep them safe while you’re out.',	1,	'house-cleaning.png',	0,	'N',	NULL,	NULL,	NULL,	0,	NULL,	'H',	'CP',	'N',	NULL,	0,	0),
(25,	'Deep / Move In Move Out Cleaning',	0,	50.00,	'Y',	'N',	1,	'C',	'Having a deep clean session can be the perfect solution for your recurring cleaning necessities. In this increasingly frenetic lifestyle, deep cleaning ensures to keep your house fresh, clean, and allergen-free.',	1,	'floorcleaning.png',	0,	'N',	NULL,	NULL,	NULL,	0,	NULL,	'C',	'CP',	'N',	'deepcleaning.png',	0,	1),
(34,	'Cleaning and Disinfecting',	0,	80.00,	'N',	'N',	0,	'C',	'',	1,	NULL,	0,	'N',	NULL,	NULL,	NULL,	0,	NULL,	'H',	'CP',	'N',	NULL,	0,	1),
(36,	'Disinfection Only',	0,	50.00,	'N',	'N',	1,	'C',	'We have disinfected more than 1,000+ properties across Dubai in 2020 alone.  Our clients range from apartment and villa owners to corporate offices, warehouses, medical facilities, bloggers and commercial shops.Our disinfection crew underwent meticulous training on the disinfection process and our professional sales, marketing and quality management department carefully planned and executed the disinfection services program.',	1,	NULL,	0,	'N',	NULL,	NULL,	NULL,	0,	NULL,	'C',	'CP',	'N',	'disinfection.png',	0,	1),
(37,	'Ironing',	0,	0.00,	'N',	'N',	0,	'C',	'We have disinfected more than 1,000+ properties across Dubai in 2020 alone.  Our clients range from apartment and villa owners to corporate offices, warehouses, medical facilities, bloggers and commercial shops.Our disinfection crew underwent meticulous training on the disinfection process and our professional sales, marketing and quality management department carefully planned and executed the disinfection services program.',	1,	NULL,	0,	'N',	NULL,	NULL,	NULL,	0,	NULL,	'C',	'CP',	'N',	'disinfection.png',	0,	1),
(38,	'Sofa / Carpet shampooing',	0,	50.00,	'N',	'N',	1,	'C',	'We have disinfected more than 1,000+ properties across Dubai in 2020 alone.  Our clients range from apartment and villa owners to corporate offices, warehouses, medical facilities, bloggers and commercial shops.Our disinfection crew underwent meticulous training on the disinfection process and our professional sales, marketing and quality management department carefully planned and executed the disinfection services program.',	1,	NULL,	0,	'N',	NULL,	NULL,	NULL,	0,	NULL,	'C',	'CP',	'N',	'disinfection.png',	0,	1),
(39,	'Curtains Cleaning',	0,	0.00,	'N',	'N',	0,	'C',	'We have disinfected more than 1,000+ properties across Dubai in 2020 alone.  Our clients range from apartment and villa owners to corporate offices, warehouses, medical facilities, bloggers and commercial shops.Our disinfection crew underwent meticulous training on the disinfection process and our professional sales, marketing and quality management department carefully planned and executed the disinfection services program.',	1,	NULL,	0,	'N',	NULL,	NULL,	NULL,	0,	NULL,	'C',	'CP',	'N',	'disinfection.png',	0,	1),
(40,	'Ok with dogs/cats',	0,	0.00,	'N',	'N',	0,	'C',	'We have disinfected more than 1,000+ properties across Dubai in 2020 alone.  Our clients range from apartment and villa owners to corporate offices, warehouses, medical facilities, bloggers and commercial shops.Our disinfection crew underwent meticulous training on the disinfection process and our professional sales, marketing and quality management department carefully planned and executed the disinfection services program.',	1,	NULL,	0,	'N',	NULL,	NULL,	NULL,	0,	NULL,	'C',	'CP',	'N',	'disinfection.png',	0,	1),
(41,	'Sofa Cleaning Services',	1,	0.00,	'N',	'N',	1,	'C',	'We have onsite survey, thorough dry vacuuming, sofa shampooing,\r\ncleaning with the Upholstery brush to reach the difficult parts of the sofa especially the backside and sofa steaming.',	1,	'house-cleaning.png',	0,	'N',	NULL,	NULL,	NULL,	0,	NULL,	'H',	'CP',	'N',	'sofa_cleaning.png',	40,	0),
(42,	'Mattress Cleaning Services',	1,	35.00,	'N',	'N',	1,	'C',	'Removal of the dust mites through vacuuming and sanitization, removal of stains and spots etc',	1,	'house-cleaning.png',	0,	'N',	NULL,	NULL,	NULL,	0,	NULL,	'H',	'CP',	'N',	'mattress_cleaning.png',	40,	0),
(43,	'Carpet Cleaning Services',	1,	35.00,	'N',	'N',	1,	'C',	'We have carpet shampooing,removal of stains and watermarks etc',	1,	'house-cleaning.png',	0,	'N',	NULL,	NULL,	NULL,	0,	NULL,	'H',	'CP',	'N',	'carpetcleaning.png',	40,	0),
(44,	'Floor Scrubbing',	1,	0.00,	'N',	'N',	1,	'C',	'We move the furniture away to avoid interruption.Using scrapper to remove some residue like spill of paint,gums etc on the floor etc.',	1,	'house-cleaning.png',	0,	'N',	NULL,	NULL,	NULL,	0,	NULL,	'H',	'CP',	'N',	'floorcleaning.png',	40,	0);

DROP TABLE IF EXISTS `servicecategory`;
CREATE TABLE `servicecategory` (
  `id` int NOT NULL AUTO_INCREMENT,
  `service_type_id` int NOT NULL,
  `service_category_name` varchar(50)  NOT NULL,
  PRIMARY KEY (`id`),
  KEY `service_type_id` (`service_type_id`),
  CONSTRAINT `servicecategory_ibfk_1` FOREIGN KEY (`service_type_id`) REFERENCES `service_types` (`service_type_id`)
) ENGINE=InnoDB DEFAULT CHARSET=utf8mb4 ;

INSERT INTO `servicecategory` (`id`, `service_type_id`, `service_category_name`) VALUES
(1,	36,	'Home'),
(2,	36,	'Office'),
(3,	25,	'Home'),
(4,	25,	'Office'),
(5,	4,	'Home'),
(6,	4,	'Office'),
(7,	5,	'Normal Sofa'),
(8,	5,	'L Shape Sofa'),
(9,	6,	'Single (90 x 190 cm)'),
(10,	6,	'Queen (135 x 190 cm)'),
(11,	6,	'King (150 x 200 cm)'),
(12,	6,	'Double King (180 x 200 cm)'),
(13,	36,	'Car'),
(14,	41,	'Sofa'),
(15,	42,	'Single'),
(16,	42,	'Queen/Double'),
(17,	42,	'King'),
(18,	44,	'Home');

DROP TABLE IF EXISTS `servicecategorycosts`;
CREATE TABLE `servicecategorycosts` (
  `id` int NOT NULL AUTO_INCREMENT,
  `service_id` int NOT NULL,
  `category_id` int DEFAULT NULL,
  `sub_category_id` int DEFAULT NULL,
  `service_sub_funish_id` int DEFAULT NULL,
  `is_scrubbing` tinyint(1) NOT NULL DEFAULT '0',
  `name` varchar(100)  NOT NULL,
  `service_cost` float(10,2) NOT NULL DEFAULT '0.00',
  `flat_rate` enum('Y','N')  NOT NULL DEFAULT 'Y',
  `status` tinyint(1) NOT NULL DEFAULT '1',
  PRIMARY KEY (`id`),
  KEY `service_id` (`service_id`),
  KEY `category_id` (`category_id`),
  KEY `sub_category_id` (`sub_category_id`),
  KEY `service_sub_funish_id` (`service_sub_funish_id`),
  CONSTRAINT `servicecategorycosts_ibfk_1` FOREIGN KEY (`service_id`) REFERENCES `service_types` (`service_type_id`),
  CONSTRAINT `servicecategorycosts_ibfk_2` FOREIGN KEY (`category_id`) REFERENCES `servicecategory` (`id`),
  CONSTRAINT `servicecategorycosts_ibfk_3` FOREIGN KEY (`sub_category_id`) REFERENCES `servicesubcategory` (`id`),
  CONSTRAINT `servicecategorycosts_ibfk_4` FOREIGN KEY (`service_sub_funish_id`) REFERENCES `servicesubfurnishcategory` (`id`)
) ENGINE=InnoDB DEFAULT CHARSET=utf8mb4 ;

INSERT INTO `servicecategorycosts` (`id`, `service_id`, `category_id`, `sub_category_id`, `service_sub_funish_id`, `is_scrubbing`, `name`, `service_cost`, `flat_rate`, `status`) VALUES
(1,	36,	1,	1,	NULL,	0,	'STUDIO',	149.00,	'Y',	1),
(2,	36,	1,	1,	NULL,	0,	'1',	249.00,	'Y',	1),
(3,	36,	1,	1,	NULL,	0,	'2',	299.00,	'Y',	1),
(4,	36,	1,	1,	NULL,	0,	'3',	349.00,	'Y',	1),
(5,	36,	1,	1,	NULL,	0,	'4',	399.00,	'Y',	1),
(6,	36,	1,	1,	NULL,	0,	'5',	449.00,	'Y',	1),
(7,	36,	2,	NULL,	NULL,	0,	'1',	0.20,	'N',	1),
(8,	36,	1,	2,	NULL,	0,	'1',	100.00,	'Y',	1),
(9,	36,	1,	2,	NULL,	0,	'2',	399.00,	'Y',	1),
(10,	36,	1,	2,	NULL,	0,	'3',	449.00,	'Y',	1),
(11,	36,	1,	2,	NULL,	0,	'4',	499.00,	'Y',	1),
(12,	36,	1,	2,	NULL,	0,	'5',	549.00,	'Y',	1),
(13,	25,	3,	3,	1,	0,	'STUDIO',	237.00,	'Y',	1),
(14,	25,	3,	3,	1,	0,	'1',	379.00,	'Y',	1),
(15,	25,	3,	3,	1,	0,	'2',	567.00,	'Y',	1),
(16,	25,	3,	3,	1,	0,	'3',	756.00,	'Y',	1),
(17,	25,	3,	3,	1,	0,	'4',	1340.00,	'Y',	1),
(18,	25,	3,	3,	1,	0,	'5',	1500.00,	'Y',	1),
(19,	25,	3,	3,	1,	1,	'STUDIO',	237.00,	'Y',	1),
(20,	25,	3,	3,	1,	1,	'1',	379.00,	'Y',	1),
(21,	25,	3,	3,	1,	1,	'2',	567.00,	'Y',	1),
(22,	25,	3,	3,	1,	1,	'3',	756.00,	'Y',	1),
(23,	25,	3,	3,	1,	1,	'4',	1340.00,	'Y',	1),
(24,	25,	3,	3,	1,	1,	'5',	1500.00,	'Y',	1),
(25,	25,	3,	4,	3,	1,	'1',	378.00,	'Y',	1),
(26,	25,	3,	4,	3,	1,	'2',	756.00,	'Y',	1),
(27,	25,	3,	4,	3,	1,	'3',	1260.00,	'Y',	1),
(28,	25,	3,	4,	3,	1,	'4',	1890.00,	'Y',	1),
(29,	25,	3,	4,	3,	1,	'5',	2268.00,	'Y',	1),
(30,	25,	3,	4,	3,	0,	'1',	378.00,	'Y',	1),
(31,	25,	3,	4,	3,	0,	'2',	756.00,	'Y',	1),
(32,	25,	3,	4,	3,	0,	'3',	1260.00,	'Y',	1),
(33,	25,	3,	4,	3,	0,	'4',	1890.00,	'Y',	1),
(34,	25,	3,	4,	3,	0,	'5',	2268.00,	'Y',	1),
(35,	25,	3,	3,	2,	1,	'STUDIO',	237.00,	'Y',	1),
(36,	25,	3,	3,	2,	1,	'1',	379.00,	'Y',	1),
(37,	25,	3,	3,	2,	1,	'2',	567.00,	'Y',	1),
(38,	25,	3,	3,	2,	1,	'3',	756.00,	'Y',	1),
(39,	25,	3,	3,	2,	1,	'4',	1340.00,	'Y',	1),
(40,	25,	3,	3,	2,	1,	'5',	1500.00,	'Y',	1),
(41,	25,	3,	3,	2,	0,	'STUDIO',	237.00,	'Y',	1),
(42,	25,	3,	3,	2,	0,	'1',	379.00,	'Y',	1),
(43,	25,	3,	3,	2,	0,	'2',	567.00,	'Y',	1),
(44,	25,	3,	3,	2,	0,	'3',	756.00,	'Y',	1),
(45,	25,	3,	3,	2,	0,	'4',	1340.00,	'Y',	1),
(46,	25,	3,	3,	2,	0,	'5',	1500.00,	'Y',	1),
(47,	25,	3,	4,	4,	1,	'1',	378.00,	'Y',	1),
(48,	25,	3,	4,	4,	1,	'2',	756.00,	'Y',	1),
(49,	25,	3,	4,	4,	1,	'3',	1260.00,	'Y',	1),
(50,	25,	3,	4,	4,	1,	'4',	1890.00,	'Y',	1),
(51,	25,	3,	4,	4,	1,	'5',	2268.00,	'Y',	1),
(52,	25,	3,	4,	4,	0,	'1',	378.00,	'Y',	1),
(53,	25,	3,	4,	4,	0,	'2',	756.00,	'Y',	1),
(54,	25,	3,	4,	4,	0,	'3',	1260.00,	'Y',	1),
(55,	25,	3,	4,	4,	0,	'4',	1890.00,	'Y',	1),
(56,	25,	3,	4,	4,	0,	'5',	2268.00,	'Y',	1),
(57,	25,	4,	NULL,	5,	1,	'1',	0.50,	'N',	1),
(58,	25,	4,	NULL,	5,	0,	'1',	0.50,	'N',	1),
(59,	25,	4,	NULL,	6,	1,	'1',	0.50,	'N',	1),
(60,	25,	4,	NULL,	6,	0,	'1',	0.50,	'N',	1),
(61,	5,	7,	5,	NULL,	0,	'1',	150.00,	'Y',	1),
(62,	5,	7,	5,	NULL,	0,	'2',	300.00,	'Y',	1),
(63,	5,	7,	5,	NULL,	0,	'3',	450.00,	'Y',	1),
(64,	5,	7,	5,	NULL,	0,	'4',	600.00,	'Y',	1),
(65,	5,	7,	5,	NULL,	0,	'5',	750.00,	'Y',	1),
(66,	5,	7,	5,	NULL,	0,	'6',	900.00,	'Y',	1),
(67,	5,	7,	5,	NULL,	0,	'7',	1050.00,	'Y',	1),
(68,	5,	7,	5,	NULL,	0,	'8',	1200.00,	'Y',	1),
(69,	5,	7,	6,	NULL,	0,	'1',	200.00,	'Y',	1),
(70,	5,	7,	6,	NULL,	0,	'2',	400.00,	'Y',	1),
(71,	5,	7,	6,	NULL,	0,	'3',	600.00,	'Y',	1),
(72,	5,	7,	6,	NULL,	0,	'4',	800.00,	'Y',	1),
(73,	5,	7,	6,	NULL,	0,	'5',	1000.00,	'Y',	1),
(74,	5,	7,	6,	NULL,	0,	'6',	1200.00,	'Y',	1),
(75,	5,	7,	6,	NULL,	0,	'7',	1400.00,	'Y',	1),
(76,	5,	7,	6,	NULL,	0,	'8',	1600.00,	'Y',	1),
(77,	5,	8,	7,	NULL,	0,	'1',	150.00,	'Y',	1),
(78,	5,	8,	7,	NULL,	0,	'2',	300.00,	'Y',	1),
(79,	5,	8,	7,	NULL,	0,	'3',	450.00,	'Y',	1),
(80,	5,	8,	7,	NULL,	0,	'4',	600.00,	'Y',	1),
(81,	5,	8,	7,	NULL,	0,	'5',	750.00,	'Y',	1),
(82,	5,	8,	7,	NULL,	0,	'6',	900.00,	'Y',	1),
(83,	5,	8,	7,	NULL,	0,	'7',	1050.00,	'Y',	1),
(84,	5,	8,	7,	NULL,	0,	'8',	1200.00,	'Y',	1),
(85,	5,	8,	8,	NULL,	0,	'1',	200.00,	'Y',	1),
(86,	5,	8,	8,	NULL,	0,	'2',	400.00,	'Y',	1),
(87,	5,	8,	8,	NULL,	0,	'3',	600.00,	'Y',	1),
(88,	5,	8,	8,	NULL,	0,	'4',	800.00,	'Y',	1),
(89,	5,	8,	8,	NULL,	0,	'5',	1000.00,	'Y',	1),
(90,	5,	8,	8,	NULL,	0,	'6',	1200.00,	'Y',	1),
(91,	5,	8,	8,	NULL,	0,	'7',	1400.00,	'Y',	1),
(92,	5,	8,	8,	NULL,	0,	'8',	1600.00,	'Y',	1),
(93,	6,	9,	NULL,	NULL,	0,	'1',	100.00,	'Y',	1),
(94,	6,	9,	NULL,	NULL,	0,	'2',	200.00,	'Y',	1),
(95,	6,	9,	NULL,	NULL,	0,	'3',	300.00,	'Y',	1),
(96,	6,	9,	NULL,	NULL,	0,	'4',	400.00,	'Y',	1),
(97,	6,	9,	NULL,	NULL,	0,	'5',	500.00,	'Y',	1),
(98,	6,	9,	NULL,	NULL,	0,	'6',	600.00,	'Y',	1),
(99,	6,	9,	NULL,	NULL,	0,	'7',	700.00,	'Y',	1),
(100,	6,	9,	NULL,	NULL,	0,	'8',	800.00,	'Y',	1),
(101,	6,	10,	NULL,	NULL,	0,	'1',	125.00,	'Y',	1),
(102,	6,	10,	NULL,	NULL,	0,	'2',	250.00,	'Y',	1),
(103,	6,	10,	NULL,	NULL,	0,	'3',	375.00,	'Y',	1),
(104,	6,	10,	NULL,	NULL,	0,	'4',	500.00,	'Y',	1),
(105,	6,	10,	NULL,	NULL,	0,	'5',	625.00,	'Y',	1),
(106,	6,	10,	NULL,	NULL,	0,	'6',	750.00,	'Y',	1),
(107,	6,	10,	NULL,	NULL,	0,	'7',	875.00,	'Y',	1),
(108,	6,	10,	NULL,	NULL,	0,	'8',	1000.00,	'Y',	1),
(109,	6,	11,	NULL,	NULL,	0,	'1',	145.00,	'Y',	1),
(110,	6,	11,	NULL,	NULL,	0,	'2',	290.00,	'Y',	1),
(111,	6,	11,	NULL,	NULL,	0,	'3',	435.00,	'Y',	1),
(112,	6,	11,	NULL,	NULL,	0,	'4',	580.00,	'Y',	1),
(113,	6,	11,	NULL,	NULL,	0,	'5',	725.00,	'Y',	1),
(114,	6,	11,	NULL,	NULL,	0,	'6',	870.00,	'Y',	1),
(115,	6,	11,	NULL,	NULL,	0,	'7',	1015.00,	'Y',	1),
(116,	6,	11,	NULL,	NULL,	0,	'8',	1160.00,	'Y',	1),
(117,	6,	12,	NULL,	NULL,	0,	'1',	155.00,	'Y',	1),
(118,	6,	12,	NULL,	NULL,	0,	'2',	310.00,	'Y',	1),
(119,	6,	12,	NULL,	NULL,	0,	'3',	465.00,	'Y',	1),
(120,	6,	12,	NULL,	NULL,	0,	'4',	620.00,	'Y',	1),
(121,	6,	12,	NULL,	NULL,	0,	'5',	775.00,	'Y',	1),
(122,	6,	12,	NULL,	NULL,	0,	'6',	930.00,	'Y',	1),
(123,	6,	12,	NULL,	NULL,	0,	'7',	1085.00,	'Y',	1),
(124,	6,	12,	NULL,	NULL,	0,	'8',	1240.00,	'Y',	1),
(126,	4,	6,	NULL,	NULL,	0,	'1',	1.00,	'N',	1),
(127,	4,	5,	9,	NULL,	0,	'1',	119.00,	'Y',	1),
(128,	4,	5,	9,	NULL,	0,	'2',	238.00,	'Y',	1),
(129,	4,	5,	9,	NULL,	0,	'3',	357.00,	'Y',	1),
(130,	4,	5,	9,	NULL,	0,	'4',	476.00,	'Y',	1),
(131,	4,	5,	9,	NULL,	0,	'5',	595.00,	'Y',	1),
(132,	4,	5,	9,	NULL,	0,	'6',	714.00,	'Y',	1),
(133,	4,	5,	9,	NULL,	0,	'7',	833.00,	'Y',	1),
(134,	4,	5,	10,	NULL,	0,	'1',	159.00,	'Y',	1),
(135,	4,	5,	10,	NULL,	0,	'2',	318.00,	'Y',	1),
(136,	4,	5,	10,	NULL,	0,	'3',	477.00,	'Y',	1),
(137,	4,	5,	10,	NULL,	0,	'4',	636.00,	'Y',	1),
(138,	4,	5,	10,	NULL,	0,	'5',	795.00,	'Y',	1),
(139,	4,	5,	10,	NULL,	0,	'6',	954.00,	'Y',	1),
(140,	4,	5,	10,	NULL,	0,	'7',	1113.00,	'Y',	1),
(141,	4,	5,	11,	NULL,	0,	'1',	199.00,	'Y',	1),
(142,	4,	5,	11,	NULL,	0,	'2',	398.00,	'Y',	1),
(143,	4,	5,	11,	NULL,	0,	'3',	597.00,	'Y',	1),
(144,	4,	5,	11,	NULL,	0,	'4',	796.00,	'Y',	1),
(145,	4,	5,	11,	NULL,	0,	'5',	995.00,	'Y',	1),
(146,	4,	5,	11,	NULL,	0,	'6',	1194.00,	'Y',	1),
(147,	4,	5,	11,	NULL,	0,	'7',	1393.00,	'Y',	1),
(148,	5,	7,	12,	NULL,	0,	'1',	50.00,	'Y',	1),
(149,	5,	7,	12,	NULL,	0,	'2',	100.00,	'Y',	1),
(150,	5,	7,	12,	NULL,	0,	'3',	150.00,	'Y',	1),
(151,	5,	7,	12,	NULL,	0,	'4',	200.00,	'Y',	1),
(152,	5,	7,	12,	NULL,	0,	'5',	250.00,	'Y',	1),
(153,	5,	7,	12,	NULL,	0,	'6',	300.00,	'Y',	1),
(154,	5,	7,	12,	NULL,	0,	'7',	350.00,	'Y',	1),
(155,	5,	7,	12,	NULL,	0,	'8',	400.00,	'Y',	1),
(156,	5,	7,	13,	NULL,	0,	'1',	100.00,	'Y',	1),
(157,	5,	7,	13,	NULL,	0,	'2',	200.00,	'Y',	1),
(158,	5,	7,	13,	NULL,	0,	'3',	300.00,	'Y',	1),
(159,	5,	7,	13,	NULL,	0,	'4',	400.00,	'Y',	1),
(160,	5,	7,	13,	NULL,	0,	'5',	500.00,	'Y',	1),
(161,	5,	7,	13,	NULL,	0,	'6',	600.00,	'Y',	1),
(162,	5,	7,	13,	NULL,	0,	'7',	700.00,	'Y',	1),
(163,	5,	7,	13,	NULL,	0,	'8',	800.00,	'Y',	1),
(164,	36,	1,	2,	NULL,	0,	'6',	549.00,	'Y',	1),
(165,	25,	3,	4,	3,	1,	'6',	2199.00,	'Y',	1),
(166,	25,	3,	4,	3,	0,	'6',	2199.00,	'Y',	1),
(167,	25,	3,	4,	4,	1,	'6',	2199.00,	'Y',	1),
(168,	25,	3,	4,	4,	0,	'6',	2199.00,	'Y',	1),
(169,	36,	1,	2,	NULL,	0,	'7',	599.00,	'Y',	1),
(170,	36,	1,	2,	NULL,	0,	'8',	649.00,	'Y',	1),
(171,	36,	1,	2,	NULL,	0,	'9',	699.00,	'Y',	1),
(172,	25,	3,	4,	3,	1,	'7',	2699.00,	'Y',	1),
(173,	25,	3,	4,	3,	1,	'8',	3199.00,	'Y',	1),
(174,	25,	3,	4,	3,	1,	'9',	3699.00,	'Y',	1),
(175,	25,	3,	4,	3,	0,	'7',	2699.00,	'Y',	1),
(176,	25,	3,	4,	3,	0,	'8',	3199.00,	'Y',	1),
(177,	25,	3,	4,	3,	0,	'9',	3699.00,	'Y',	1),
(178,	25,	3,	4,	4,	1,	'7',	2699.00,	'Y',	1),
(179,	25,	3,	4,	4,	1,	'8',	3199.00,	'Y',	1),
(180,	25,	3,	4,	4,	1,	'9',	3699.00,	'Y',	1),
(181,	25,	3,	4,	4,	0,	'7',	2699.00,	'Y',	1),
(182,	25,	3,	4,	4,	0,	'8',	3199.00,	'Y',	1),
(183,	25,	3,	4,	4,	0,	'9',	3699.00,	'Y',	1),
(184,	4,	5,	9,	NULL,	0,	'8',	952.00,	'Y',	1),
(185,	4,	5,	10,	NULL,	0,	'8',	1272.00,	'Y',	1),
(186,	4,	5,	11,	NULL,	0,	'8',	1592.00,	'Y',	1),
(187,	36,	13,	NULL,	NULL,	0,	'1',	100.00,	'Y',	1),
(188,	36,	13,	NULL,	NULL,	0,	'2',	175.00,	'Y',	1),
(189,	36,	13,	NULL,	NULL,	0,	'3',	250.00,	'Y',	1),
(190,	36,	13,	NULL,	NULL,	0,	'4',	325.00,	'Y',	1),
(191,	36,	13,	NULL,	NULL,	0,	'5',	400.00,	'Y',	1),
(192,	36,	13,	NULL,	NULL,	0,	'6',	475.00,	'Y',	1),
(193,	36,	13,	NULL,	NULL,	0,	'7',	550.00,	'Y',	1),
(194,	36,	13,	NULL,	NULL,	0,	'8',	625.00,	'Y',	1),
(195,	36,	13,	NULL,	NULL,	0,	'9',	700.00,	'Y',	1),
(196,	41,	14,	14,	NULL,	1,	'1',	70.00,	'Y',	1),
(197,	41,	14,	14,	NULL,	1,	'2',	140.00,	'Y',	1),
(198,	41,	14,	14,	NULL,	1,	'3',	210.00,	'Y',	1),
(199,	41,	14,	14,	NULL,	1,	'4',	240.00,	'Y',	1),
(200,	41,	14,	14,	NULL,	1,	'5',	300.00,	'Y',	1),
(201,	41,	14,	14,	NULL,	1,	'6',	360.00,	'Y',	1),
(202,	41,	14,	14,	NULL,	1,	'7',	420.00,	'Y',	1),
(203,	41,	14,	14,	NULL,	1,	'16',	640.00,	'Y',	1),
(204,	41,	14,	14,	NULL,	1,	'17',	680.00,	'Y',	1),
(206,	41,	14,	14,	NULL,	1,	'18',	720.00,	'Y',	1),
(207,	41,	14,	14,	NULL,	1,	'19',	760.00,	'Y',	1),
(208,	41,	14,	14,	NULL,	1,	'20',	800.00,	'Y',	1),
(209,	41,	14,	14,	NULL,	1,	'21',	830.00,	'Y',	1),
(210,	41,	14,	14,	NULL,	1,	'8',	480.00,	'Y',	1),
(211,	41,	14,	14,	NULL,	1,	'9',	540.00,	'Y',	1),
(212,	41,	14,	14,	NULL,	1,	'10',	600.00,	'Y',	1),
(213,	41,	14,	14,	NULL,	1,	'11',	550.00,	'Y',	1),
(214,	41,	14,	14,	NULL,	1,	'12',	600.00,	'Y',	1),
(215,	41,	14,	14,	NULL,	1,	'13',	650.00,	'Y',	1),
(216,	41,	14,	14,	NULL,	1,	'14',	700.00,	'Y',	1),
(217,	41,	14,	14,	NULL,	1,	'15',	750.00,	'Y',	1),
(218,	41,	14,	14,	NULL,	1,	'23',	890.00,	'Y',	1),
(219,	41,	14,	14,	NULL,	1,	'24',	920.00,	'Y',	1),
(220,	41,	14,	14,	NULL,	1,	'25',	950.00,	'Y',	1),
(221,	41,	14,	14,	NULL,	1,	'26',	980.00,	'Y',	1),
(222,	41,	14,	14,	NULL,	1,	'27',	1010.00,	'Y',	1),
(223,	41,	14,	14,	NULL,	1,	'28',	1040.00,	'Y',	1),
(224,	41,	14,	14,	NULL,	1,	'29',	1070.00,	'Y',	1),
(225,	41,	14,	14,	NULL,	1,	'30',	1100.00,	'Y',	1),
(226,	41,	14,	14,	NULL,	1,	'22',	860.00,	'Y',	1),
(227,	43,	NULL,	NULL,	NULL,	1,	'1',	25.00,	'Y',	1),
(228,	43,	NULL,	NULL,	NULL,	1,	'2',	50.00,	'Y',	1),
(229,	43,	NULL,	NULL,	NULL,	1,	'3',	75.00,	'Y',	1),
(230,	43,	NULL,	NULL,	NULL,	1,	'4',	100.00,	'Y',	1),
(231,	43,	NULL,	NULL,	NULL,	1,	'5',	125.00,	'Y',	1),
(232,	43,	NULL,	NULL,	NULL,	1,	'6',	150.00,	'Y',	1),
(233,	43,	NULL,	NULL,	NULL,	1,	'7',	175.00,	'Y',	1),
(234,	43,	NULL,	NULL,	NULL,	1,	'8',	200.00,	'Y',	1),
(235,	43,	NULL,	NULL,	NULL,	1,	'9',	225.00,	'Y',	1),
(236,	43,	NULL,	NULL,	NULL,	1,	'10',	250.00,	'Y',	1),
(237,	43,	NULL,	NULL,	NULL,	1,	'11',	275.00,	'Y',	1),
(238,	43,	NULL,	NULL,	NULL,	1,	'12',	300.00,	'Y',	1),
(239,	43,	NULL,	NULL,	NULL,	1,	'13',	325.00,	'Y',	1),
(240,	43,	NULL,	NULL,	NULL,	1,	'14',	350.00,	'Y',	1),
(241,	43,	NULL,	NULL,	NULL,	1,	'15',	375.00,	'Y',	1),
(242,	43,	NULL,	NULL,	NULL,	1,	'16',	400.00,	'Y',	1),
(243,	43,	NULL,	NULL,	NULL,	1,	'17',	425.00,	'Y',	1),
(244,	43,	NULL,	NULL,	NULL,	1,	'18',	450.00,	'Y',	1),
(245,	43,	NULL,	NULL,	NULL,	1,	'19',	475.00,	'Y',	1),
(246,	43,	NULL,	NULL,	NULL,	1,	'20',	500.00,	'Y',	1),
(247,	43,	NULL,	NULL,	NULL,	1,	'21',	420.00,	'Y',	1),
(248,	43,	NULL,	NULL,	NULL,	1,	'22',	440.00,	'Y',	1),
(249,	43,	NULL,	NULL,	NULL,	1,	'23',	460.00,	'Y',	1),
(250,	43,	NULL,	NULL,	NULL,	1,	'24',	480.00,	'Y',	1),
(251,	43,	NULL,	NULL,	NULL,	1,	'25',	500.00,	'Y',	1),
(252,	43,	NULL,	NULL,	NULL,	1,	'26',	520.00,	'Y',	1),
(253,	43,	NULL,	NULL,	NULL,	1,	'27',	540.00,	'Y',	1),
(254,	43,	NULL,	NULL,	NULL,	1,	'28',	560.00,	'Y',	1),
(255,	43,	NULL,	NULL,	NULL,	1,	'29',	580.00,	'Y',	1),
(256,	43,	NULL,	NULL,	NULL,	1,	'30',	600.00,	'Y',	1),
(257,	43,	NULL,	NULL,	NULL,	1,	'31',	620.00,	'Y',	1),
(258,	43,	NULL,	NULL,	NULL,	1,	'32',	640.00,	'Y',	1),
(259,	43,	NULL,	NULL,	NULL,	1,	'33',	660.00,	'Y',	1),
(260,	43,	NULL,	NULL,	NULL,	1,	'34',	680.00,	'Y',	1),
(261,	43,	NULL,	NULL,	NULL,	1,	'35',	700.00,	'Y',	1),
(262,	43,	NULL,	NULL,	NULL,	1,	'36',	720.00,	'Y',	1),
(263,	43,	NULL,	NULL,	NULL,	1,	'37',	740.00,	'Y',	1),
(264,	43,	NULL,	NULL,	NULL,	1,	'38',	760.00,	'Y',	1),
(265,	43,	NULL,	NULL,	NULL,	1,	'39',	780.00,	'Y',	1),
(266,	43,	NULL,	NULL,	NULL,	1,	'40',	800.00,	'Y',	1),
(267,	42,	15,	NULL,	NULL,	0,	'1',	180.00,	'Y',	1),
(268,	42,	15,	NULL,	NULL,	0,	'2',	300.00,	'Y',	1),
(269,	42,	15,	NULL,	NULL,	0,	'3',	390.00,	'Y',	1),
(270,	42,	16,	NULL,	NULL,	0,	'1',	240.00,	'Y',	1),
(271,	42,	16,	NULL,	NULL,	0,	'2',	460.00,	'Y',	1),
(272,	42,	16,	NULL,	NULL,	0,	'3',	660.00,	'Y',	1),
(273,	42,	17,	NULL,	NULL,	0,	'1',	280.00,	'Y',	1),
(274,	42,	17,	NULL,	NULL,	0,	'2',	520.00,	'Y',	1),
(275,	42,	17,	NULL,	NULL,	0,	'3',	750.00,	'Y',	1),
(276,	44,	18,	15,	8,	0,	'1',	210.00,	'Y',	1),
(277,	44,	18,	15,	8,	0,	'2',	283.50,	'Y',	1),
(278,	44,	18,	15,	8,	0,	'3',	378.00,	'Y',	1),
(279,	44,	18,	15,	8,	0,	'4',	472.50,	'Y',	1),
(280,	44,	18,	15,	8,	0,	'5',	630.00,	'Y',	1),
(281,	44,	18,	15,	8,	0,	'6',	735.50,	'Y',	1),
(282,	44,	18,	15,	8,	0,	'7',	840.00,	'Y',	1),
(283,	44,	18,	16,	10,	0,	'2',	420.00,	'Y',	1),
(284,	44,	18,	16,	10,	0,	'3',	525.00,	'Y',	1),
(285,	44,	18,	16,	10,	0,	'4',	630.00,	'Y',	1),
(286,	44,	18,	16,	10,	0,	'5',	840.00,	'Y',	1),
(287,	44,	18,	16,	10,	0,	'6',	945.00,	'Y',	1),
(288,	44,	18,	16,	10,	0,	'7',	1102.50,	'Y',	1),
(289,	44,	18,	16,	10,	0,	'8',	1260.00,	'Y',	1),
(290,	44,	18,	15,	7,	0,	'1',	315.00,	'Y',	1),
(291,	44,	18,	15,	7,	0,	'2',	420.00,	'Y',	1),
(292,	44,	18,	15,	7,	0,	'3',	525.00,	'Y',	1),
(293,	44,	18,	15,	7,	0,	'4',	630.50,	'Y',	1),
(294,	44,	18,	15,	7,	0,	'5',	787.50,	'Y',	1),
(295,	44,	18,	15,	7,	0,	'6',	850.50,	'Y',	1),
(296,	44,	18,	15,	7,	0,	'7',	1134.00,	'Y',	1),
(297,	44,	18,	16,	9,	0,	'2',	472.50,	'Y',	1),
(298,	44,	18,	16,	9,	0,	'3',	630.00,	'Y',	1),
(299,	44,	18,	16,	9,	0,	'4',	756.00,	'Y',	1),
(300,	44,	18,	16,	9,	0,	'5',	945.00,	'Y',	1),
(301,	44,	18,	16,	9,	0,	'6',	1134.00,	'Y',	1),
(302,	44,	18,	16,	9,	0,	'7',	1260.00,	'Y',	1),
(303,	44,	18,	16,	9,	0,	'8',	1512.00,	'Y',	1);

DROP TABLE IF EXISTS `servicesubcategory`;
CREATE TABLE `servicesubcategory` (
  `id` int NOT NULL AUTO_INCREMENT,
  `category_id` int NOT NULL,
  `sub_category_name` varchar(100)  NOT NULL,
  PRIMARY KEY (`id`),
  KEY `category_id` (`category_id`),
  CONSTRAINT `servicesubcategory_ibfk_1` FOREIGN KEY (`category_id`) REFERENCES `servicecategory` (`id`)
) ENGINE=InnoDB DEFAULT CHARSET=utf8mb4 ;

INSERT INTO `servicesubcategory` (`id`, `category_id`, `sub_category_name`) VALUES
(1,	1,	'Apartment'),
(2,	1,	'Villa'),
(3,	3,	'Apartment'),
(4,	3,	'Villa'),
(5,	7,	'3 Seat Sofa'),
(6,	7,	'4 Seat Sofa'),
(7,	8,	'3 Seat L Sofa'),
(8,	8,	'4 Seat L Sofa'),
(9,	5,	'5 x 10 ft'),
(10,	5,	'8 x 12 ft'),
(11,	5,	'10 x 15 ft'),
(12,	7,	'1 Seat Sofa'),
(13,	7,	'2 Seat Sofa'),
(14,	14,	'Normal Sofa'),
(15,	18,	'Apartment'),
(16,	18,	'Villa');

DROP TABLE IF EXISTS `servicesubfurnishcategory`;
CREATE TABLE `servicesubfurnishcategory` (
  `id` int NOT NULL AUTO_INCREMENT,
  `service_cat_id` int NOT NULL,
  `service_sub_cat_id` int DEFAULT NULL,
  `service_furnish_name` varchar(100)  NOT NULL,
  PRIMARY KEY (`id`),
  KEY `service_cat_id` (`service_cat_id`),
  KEY `service_sub_cat_id` (`service_sub_cat_id`),
  CONSTRAINT `servicesubfurnishcategory_ibfk_1` FOREIGN KEY (`service_cat_id`) REFERENCES `servicecategory` (`id`),
  CONSTRAINT `servicesubfurnishcategory_ibfk_2` FOREIGN KEY (`service_sub_cat_id`) REFERENCES `servicesubcategory` (`id`)
) ENGINE=InnoDB DEFAULT CHARSET=utf8mb4 ;

INSERT INTO `servicesubfurnishcategory` (`id`, `service_cat_id`, `service_sub_cat_id`, `service_furnish_name`) VALUES
(1,	3,	3,	'Furnished'),
(2,	3,	3,	'Unfurnished'),
(3,	3,	4,	'Furnished'),
(4,	3,	4,	'Unfurnished'),
(5,	4,	NULL,	'Furnished'),
(6,	4,	NULL,	'Unfurnished'),
(7,	18,	15,	'Furnished'),
(8,	18,	15,	'Unfurnished'),
(9,	18,	16,	'Furnished'),
(10,	18,	16,	'Unfurnished');

DROP TABLE IF EXISTS `settings`;
CREATE TABLE `settings` (
  `settings_id` int NOT NULL AUTO_INCREMENT,
  `normal_hours_fee` double DEFAULT NULL,
  `extra_hours_fee` double DEFAULT NULL,
  `weekend_hours_fee` double DEFAULT NULL,
  `service_vat_percentage` float(10,2) NOT NULL DEFAULT '0.00',
  `google_map_api_key` varchar(255) CHARACTER SET latin1 COLLATE latin1_swedish_ci DEFAULT NULL,
  `site_name` varchar(255) CHARACTER SET latin1 COLLATE latin1_swedish_ci NOT NULL,
  `company_name` varchar(255) CHARACTER SET latin1 COLLATE latin1_swedish_ci NOT NULL,
  `company_address_lines_html` varchar(255) CHARACTER SET latin1 COLLATE latin1_swedish_ci NOT NULL,
  `company_trn` varchar(255) CHARACTER SET latin1 COLLATE latin1_swedish_ci NOT NULL,
  `company_tel_number` varchar(255) CHARACTER SET latin1 COLLATE latin1_swedish_ci NOT NULL,
  `company_email` varchar(255) CHARACTER SET latin1 COLLATE latin1_swedish_ci NOT NULL,
  `company_website_url` varchar(255) CHARACTER SET latin1 COLLATE latin1_swedish_ci NOT NULL,
  `company_website_label` varchar(255) CHARACTER SET latin1 COLLATE latin1_swedish_ci NOT NULL,
  `root_directory` varchar(255) CHARACTER SET latin1 COLLATE latin1_swedish_ci NOT NULL,
  `website_logo_width` int NOT NULL DEFAULT '600',
  `website_logo_height` int NOT NULL DEFAULT '160',
  `invoice_logo_width` int NOT NULL DEFAULT '600',
  `invoice_logo_height` int NOT NULL DEFAULT '160',
  `color_bg_booking_od` varchar(15) CHARACTER SET latin1 COLLATE latin1_swedish_ci NOT NULL DEFAULT '#8793d6',
  `color_bg_booking_we` varchar(15) CHARACTER SET latin1 COLLATE latin1_swedish_ci NOT NULL DEFAULT '#7ac255',
  `color_bg_booking_bw` varchar(15) CHARACTER SET latin1 COLLATE latin1_swedish_ci NOT NULL DEFAULT '#fd8e41 ',
  `color_bg_text_booking_od` varchar(15) CHARACTER SET latin1 COLLATE latin1_swedish_ci NOT NULL DEFAULT '#ffffff',
  `color_bg_text_booking_we` varchar(15) CHARACTER SET latin1 COLLATE latin1_swedish_ci NOT NULL DEFAULT '#ffffff',
  `color_bg_text_booking_bw` varchar(15) CHARACTER SET latin1 COLLATE latin1_swedish_ci NOT NULL DEFAULT '#ffffff',
  `login_page_logo_width` int NOT NULL DEFAULT '600',
  `login_page_logo_height` int NOT NULL DEFAULT '160',
  `login_page_logo` varchar(255) CHARACTER SET latin1 COLLATE latin1_swedish_ci DEFAULT 'login-page-logo-default.png',
  `site_footer_copyright_line_html` varchar(255) CHARACTER SET latin1 COLLATE latin1_swedish_ci DEFAULT 'All Rights Reserved.',
  `booking_preparation_time` int DEFAULT '60' COMMENT 'in minutes',
  `od_booking_text` varchar(100) CHARACTER SET latin1 COLLATE latin1_swedish_ci DEFAULT 'Never Repeat - One Day Only',
  `we_booking_text` varchar(100) CHARACTER SET latin1 COLLATE latin1_swedish_ci DEFAULT 'Every Week',
  `bw_booking_text` varchar(100) CHARACTER SET latin1 COLLATE latin1_swedish_ci DEFAULT 'Every 2 Week',
  `maid_listing_priority_type` varchar(155) CHARACTER SET latin1 COLLATE latin1_swedish_ci DEFAULT 'lifo' COMMENT 'lifo,fifo,priority_number_asc,priority_number_desc,maid_name_asc,maid_name_desc',
  `website_logo` varchar(255) CHARACTER SET latin1 COLLATE latin1_swedish_ci DEFAULT NULL,
  `invoice_logo` varchar(255) CHARACTER SET latin1 COLLATE latin1_swedish_ci DEFAULT NULL,
  `site_favicon` varchar(255) CHARACTER SET latin1 COLLATE latin1_swedish_ci DEFAULT NULL,
  `enableQuickBook` tinyint(1) NOT NULL DEFAULT '0',
  `quickBookClientId` varchar(500) CHARACTER SET latin1 COLLATE latin1_swedish_ci DEFAULT NULL,
  `quickBookClientSecret` varchar(500) CHARACTER SET latin1 COLLATE latin1_swedish_ci DEFAULT NULL,
  `quickbookCompanyId` varchar(100) CHARACTER SET latin1 COLLATE latin1_swedish_ci DEFAULT NULL,
  `access_token` varchar(1500) CHARACTER SET latin1 COLLATE latin1_swedish_ci DEFAULT NULL,
  `refresh_token` varchar(500) CHARACTER SET latin1 COLLATE latin1_swedish_ci DEFAULT NULL,
  `deleted_at` timestamp NULL DEFAULT NULL,
  PRIMARY KEY (`settings_id`),
  KEY `enableQuickBookIndex` (`enableQuickBook`),
  KEY `quickBookClientIdIndex` (`quickBookClientId`,`quickBookClientSecret`),
  KEY `accessToken` (`access_token`),
  KEY `refreshToken` (`refresh_token`),
  KEY `quickCompanyId` (`quickbookCompanyId`)
) ENGINE=InnoDB DEFAULT CHARSET=utf8mb4 ;

INSERT INTO `settings` (`settings_id`, `normal_hours_fee`, `extra_hours_fee`, `weekend_hours_fee`, `service_vat_percentage`, `google_map_api_key`, `site_name`, `company_name`, `company_address_lines_html`, `company_trn`, `company_tel_number`, `company_email`, `company_website_url`, `company_website_label`, `root_directory`, `website_logo_width`, `website_logo_height`, `invoice_logo_width`, `invoice_logo_height`, `color_bg_booking_od`, `color_bg_booking_we`, `color_bg_booking_bw`, `color_bg_text_booking_od`, `color_bg_text_booking_we`, `color_bg_text_booking_bw`, `login_page_logo_width`, `login_page_logo_height`, `login_page_logo`, `site_footer_copyright_line_html`, `booking_preparation_time`, `od_booking_text`, `we_booking_text`, `bw_booking_text`, `maid_listing_priority_type`, `website_logo`, `invoice_logo`, `site_favicon`, `enableQuickBook`, `quickBookClientId`, `quickBookClientSecret`, `quickbookCompanyId`, `access_token`, `refresh_token`, `deleted_at`) VALUES
(1,	0,	0,	0,	5.00,	'AIzaSyDTsCco-kaQlGGp26jLsvTDxPkdUOX61Rg',	'MollyMaid Demo',	'Company Name LLC.',	'Address Line 1<br>Address Line 2<br>Address Line 3',	'000000000',	'+971-000-000-000',	'contact@example.com',	'http://www.example.com',	'example.com',	'/var/www/public_html/',	600,	160,	600,	160,	'#018e98',	'#3d8a19',	'#d86e6e',	'#f7fdfd',	'#f5fff5',	'#f1e9e9',	600,	160,	'login-page-logo-2023-05-08-abf9d1a48734caa820abe00e4d564048.png',	'© 2023 SiteName All Rights Reserved.',	60,	'ONE OFF',	'WEEKLY',	'BI-WEEKLY',	'priority_number_asc',	'website-logo-2023-05-10-0de4db1fee5481f5eb86ae2cd520cd1a.png',	'invoice-logo-2023-05-10-5a4562526b571dd3a1e96c09e53dd2d2.png',	'favicon-2023-05-10-04166ffafb976903d216294a8e05fb96.png',	1,	'ABDO2KlhAxoK43zBt9czyKZu35bdkYbQqAaOeCywCSKgsIYox8',	'2AgfcKrES77erJDaXufMzadv7YUGPgeJy5Uth3V3',	'4620816365299048690',	'eyJlbmMiOiJBMTI4Q0JDLUhTMjU2IiwiYWxnIjoiZGlyIn0..yu6P5zyF4wj52WMB5m89Rw.40JOJiZJFuJjGBwwfR0B8DoC2mCR21DUFwcefh6PtRGCL9sKLM33kYBqSL0n6ERIKzuz-ZkkEVBGyg9guq9WtcFvlLptKdjfpD2Q5Vjb4Np1KoYS3pzzQqr2hV94YAp81v3RPSr-WGq8NKGeL1o4klqCJluN9yVwzSaKW6wcbcUiFr5k-q8J_-IgBoY4ivuGvvafz7Q0pJlf5K43MkRJlCrMwuu-BUUfGu1Igbp7aFJ5dxYTwcgQWC3T47OvAL_urSuULOMqor-QncOAxISZOQk_kkZsQ5V5T8qBFGbuhg4Wrja3tvytcOpMikdokfrVqIAEbDkFC_V3k5U5dvF5JDPn8VDuOVtiESGV47tvscFssemPJIb-0_pvUkKHpdliygJW6DZWhAy_NGVRGiW0LuNoCEBWxS_wSAufIDYD0f_wFnj_jz9qIANCFPOByvuQJfXgdoZ2HfGVO9tda1GtWGlJHf4mnP84gi67AmnPY3WgvIObaAflv_IRgUN6s5EeeVibbzueSZIOZYbIuSEBNJhPUzvdmDhQrkZ2uAqVL9eHgTuGwBbq0UJHopMPeERH8irCf8y_uDMKHtl0CmHeEu0tLFzDyYasV-I30dkkOqljVkxU7b6LTEJOB8muQxwvl2R90nEdBMVCax_8R_BHrfp1Gar-oBWNypxNwU2vU-fJcTryOE6lB_FGpGDJbvSMcFws8bUfQGoQHY8IVD1zZB5PAXi7OZ5yKbi99cDlda0f8NBgJ4G4fHMzgWqowNjY.7vE-r_l8keGzGGBVS4c9Bg',	'AB11694284872FA5KshS8xsSoxAkRlWNZ0QzmoTXmpZFwmPgLK',	NULL);

DROP TABLE IF EXISTS `skills`;
CREATE TABLE `skills` (
  `skill_id` int unsigned NOT NULL AUTO_INCREMENT,
  `skill` varchar(255) NOT NULL,
  `created_at` datetime NOT NULL,
  `updated_at` datetime NOT NULL,
  `deleted_at` datetime DEFAULT NULL,
  PRIMARY KEY (`skill_id`)
) ENGINE=InnoDB DEFAULT CHARSET=utf8mb4 ;

INSERT INTO `skills` (`skill_id`, `skill`, `created_at`, `updated_at`, `deleted_at`) VALUES
(1,	'Ironing',	'2023-07-11 09:07:23',	'2023-07-11 09:07:23',	NULL),
(2,	'Kitchen Cleaning',	'2023-07-11 09:08:00',	'2023-07-11 09:08:00',	NULL),
(3,	'Driving (Heavy Vehicle)',	'2023-07-11 09:08:34',	'2023-07-11 09:08:34',	NULL),
(4,	'Data Entry (120 Words Per Minute)',	'2023-07-11 09:09:03',	'2023-07-11 09:09:03',	NULL),
(5,	'Floor cleaning',	'2023-07-14 12:34:10',	'2023-07-14 12:34:10',	NULL),
(7,	'2',	'2023-07-14 12:48:57',	'2023-07-14 12:48:57',	NULL),
(8,	'testttt',	'2023-07-14 13:22:02',	'2023-07-14 13:22:02',	NULL);

DROP TABLE IF EXISTS `sms_group_numbers`;
CREATE TABLE `sms_group_numbers` (
  `number_id` bigint NOT NULL AUTO_INCREMENT,
  `number_value` varchar(100) DEFAULT NULL,
  `number_group_id` bigint DEFAULT NULL,
  `number_status` tinyint DEFAULT NULL,
  PRIMARY KEY (`number_id`),
  KEY `number_group_id` (`number_group_id`),
  KEY `number_status` (`number_status`)
) ENGINE=InnoDB DEFAULT CHARSET=latin1;


DROP TABLE IF EXISTS `sms_groups`;
CREATE TABLE `sms_groups` (
  `sms_group_id` bigint NOT NULL AUTO_INCREMENT,
  `sms_group_name` varchar(100) DEFAULT NULL,
  `created_date` datetime DEFAULT NULL,
  `sms_group_status` tinyint DEFAULT NULL,
  PRIMARY KEY (`sms_group_id`),
  KEY `sms_group_status` (`sms_group_status`)
) ENGINE=InnoDB DEFAULT CHARSET=latin1;


DROP TABLE IF EXISTS `sms_settings`;
CREATE TABLE `sms_settings` (
  `id` int NOT NULL AUTO_INCREMENT,
  `sender_id` varchar(100) DEFAULT NULL,
  `api_url` varchar(250) DEFAULT NULL,
  `user` varchar(110) DEFAULT NULL,
  `pass` varchar(50) DEFAULT NULL,
  PRIMARY KEY (`id`)
) ENGINE=InnoDB DEFAULT CHARSET=latin1;

INSERT INTO `sms_settings` (`id`, `sender_id`, `api_url`, `user`, `pass`) VALUES
(1,	'EliteMaids',	'http://sms.azinova.in/WebServiceSMS.aspx',	'elitemaids',	'emaid@123');

DROP TABLE IF EXISTS `statuses`;
CREATE TABLE `statuses` (
  `status_code` varchar(100) NOT NULL,
  `status_text` varchar(255) NOT NULL,
  `status_short_text` varchar(255)  NOT NULL,
  PRIMARY KEY (`status_code`)
) ENGINE=InnoDB DEFAULT CHARSET=utf8mb4  COMMENT='changing the status codes will malfunction the entire application';

INSERT INTO `statuses` (`status_code`, `status_text`, `status_short_text`) VALUES
('ACTIVE',	'Active',	'Active'),
('BOOKING_BLOCKED',	'Booking Blocked',	'Blocked'),
('NO',	'No',	'No'),
('YES',	'Yes',	'Yes');

DROP TABLE IF EXISTS `subscriptions`;
CREATE TABLE `subscriptions` (
  `subscription_id` bigint unsigned NOT NULL AUTO_INCREMENT,
  `subscription_name` varchar(1500) DEFAULT NULL,
  `customer_id` bigint unsigned NOT NULL,
  `service_type_id` int NOT NULL,
  `cleaning_material` char(1) DEFAULT 'N',
  `no_of_bookings` int NOT NULL DEFAULT '0',
  `subscription_start_date` date DEFAULT NULL,
  `subscription_end_date` date DEFAULT NULL,
  `from_time` time NOT NULL,
  `to_time` time NOT NULL,
  `booking_type` char(5) DEFAULT NULL,
  `amount` float(10,2) NOT NULL DEFAULT '0.00',
  `notes` text,
  `customer_address_id` bigint NOT NULL,
  `repeat_days` varchar(100) DEFAULT NULL,
  `odoo_subscription_id` bigint NOT NULL,
  `odoo_synch_status` int NOT NULL DEFAULT '0',
  `addedDateTime` datetime DEFAULT NULL,
  `updatedDateTime` datetime DEFAULT NULL,
  `addedBy` int NOT NULL DEFAULT '0',
  `updatedBy` int NOT NULL DEFAULT '0',
  `status` tinyint(1) NOT NULL DEFAULT '1',
  PRIMARY KEY (`subscription_id`),
  KEY `customer_id` (`customer_id`),
  KEY `service_type_id` (`service_type_id`),
  KEY `customer_address_id` (`customer_address_id`),
  KEY `addedBy` (`addedBy`),
  KEY `updatedBy` (`updatedBy`),
  CONSTRAINT `subscriptions_ibfk_1` FOREIGN KEY (`customer_id`) REFERENCES `customers` (`customer_id`),
  CONSTRAINT `subscriptions_ibfk_2` FOREIGN KEY (`service_type_id`) REFERENCES `service_types` (`service_type_id`),
  CONSTRAINT `subscriptions_ibfk_3` FOREIGN KEY (`customer_address_id`) REFERENCES `customer_addresses` (`customer_address_id`),
  CONSTRAINT `subscriptions_ibfk_4` FOREIGN KEY (`addedBy`) REFERENCES `users` (`user_id`),
  CONSTRAINT `subscriptions_ibfk_5` FOREIGN KEY (`updatedBy`) REFERENCES `users` (`user_id`)
) ENGINE=InnoDB DEFAULT CHARSET=utf8mb3;


DROP TABLE IF EXISTS `tablet_locations`;
CREATE TABLE `tablet_locations` (
  `id` bigint NOT NULL AUTO_INCREMENT,
  `tablet_id` int NOT NULL,
  `latitude` varchar(50) CHARACTER SET latin1 COLLATE latin1_swedish_ci DEFAULT NULL,
  `longitude` varchar(50) CHARACTER SET latin1 COLLATE latin1_swedish_ci DEFAULT NULL,
  `speed` varchar(50) CHARACTER SET latin1 COLLATE latin1_swedish_ci DEFAULT NULL COMMENT 'm/s',
  `added` timestamp NOT NULL DEFAULT CURRENT_TIMESTAMP ON UPDATE CURRENT_TIMESTAMP,
  PRIMARY KEY (`id`),
  KEY `tablet_id` (`tablet_id`),
  CONSTRAINT `tablet_locations_ibfk_1` FOREIGN KEY (`tablet_id`) REFERENCES `tablets` (`tablet_id`)
) ENGINE=InnoDB DEFAULT CHARSET=latin1;


DROP TABLE IF EXISTS `tablet_tracking`;
CREATE TABLE `tablet_tracking` (
  `tablet_track_id` bigint NOT NULL AUTO_INCREMENT,
  `tablet_tracked_by` char(1) CHARACTER SET utf8mb3 COLLATE utf8mb3_unicode_ci NOT NULL COMMENT 'T - Tablet, B - Backend',
  `tablet_tracked_by_id` int NOT NULL,
  `action_type` tinyint(1) NOT NULL COMMENT '1 -Maid attendance vehicle IN, 2 - Maid attendance vehicle OUT, 3 - Maid attendace cust IN, 4 - Maid attendance cust OUT, 5 - Transfer maid, 6 - Change maid, 7 - Payment, 8 - Service cancel',
  `action_content` varchar(500) CHARACTER SET utf8mb3 COLLATE utf8mb3_unicode_ci NOT NULL,
  `tracked_datetime` datetime NOT NULL,
  PRIMARY KEY (`tablet_track_id`)
) ENGINE=InnoDB DEFAULT CHARSET=utf8mb3 COLLATE=utf8mb3_unicode_ci;


DROP TABLE IF EXISTS `tablets`;
CREATE TABLE `tablets` (
  `tablet_id` int NOT NULL AUTO_INCREMENT,
  `flat_id` int DEFAULT '0' COMMENT '0 - Not flat tablet',
  `zone_id` int DEFAULT NULL,
  `imei` varchar(50) CHARACTER SET latin1 COLLATE latin1_swedish_ci DEFAULT NULL,
  `access_code` varchar(25) CHARACTER SET latin1 COLLATE latin1_swedish_ci DEFAULT NULL,
  `tablet_driver_name` varchar(500) DEFAULT NULL,
  `google_reg_id` varchar(255) CHARACTER SET latin1 COLLATE latin1_swedish_ci DEFAULT NULL,
  `added_datetime` datetime DEFAULT NULL,
  `last_accessed_datetime` datetime DEFAULT NULL,
  `tablet_status` tinyint(1) DEFAULT NULL COMMENT '0 - Not Active, 1 - Active',
  `tablet_username` varchar(250) DEFAULT NULL,
  `tablet_password` varchar(250) DEFAULT NULL,
  `tablet_login_token` varchar(250) DEFAULT NULL,
  PRIMARY KEY (`tablet_id`),
  KEY `zone_id` (`zone_id`),
  KEY `flat_id` (`flat_id`),
  KEY `imei` (`imei`),
  KEY `access_code` (`access_code`),
  KEY `tablet_status` (`tablet_status`),
  KEY `tblt_idx` (`zone_id`,`flat_id`,`tablet_status`),
  KEY `tablets_idx1` (`tablet_login_token`,`tablet_status`),
  CONSTRAINT `tablets_ibfk_1` FOREIGN KEY (`flat_id`) REFERENCES `flats` (`flat_id`),
  CONSTRAINT `tablets_ibfk_2` FOREIGN KEY (`zone_id`) REFERENCES `zones` (`zone_id`)
) ENGINE=InnoDB DEFAULT CHARSET=latin1;

INSERT INTO `tablets` (`tablet_id`, `flat_id`, `zone_id`, `imei`, `access_code`, `tablet_driver_name`, `google_reg_id`, `added_datetime`, `last_accessed_datetime`, `tablet_status`, `tablet_username`, `tablet_password`, `tablet_login_token`) VALUES
(3,	NULL,	1,	'Driver 1',	'EM1375',	'Driver 1',	NULL,	NULL,	NULL,	1,	'fdgdg',	'dg',	NULL),
(4,	NULL,	2,	'driver 2',	'EM1877',	'driver 2',	NULL,	NULL,	NULL,	1,	'driver 2',	'driver 2',	NULL),
(5,	NULL,	2,	'398174',	'EM1744',	'driver3',	NULL,	NULL,	NULL,	1,	'driver 3',	'driver 3',	NULL);

DROP TABLE IF EXISTS `tax_settings`;
CREATE TABLE `tax_settings` (
  `tax_id` int NOT NULL AUTO_INCREMENT,
  `percentage` varchar(50) CHARACTER SET utf8mb3 COLLATE utf8mb3_unicode_ci NOT NULL,
  `status` int NOT NULL,
  PRIMARY KEY (`tax_id`)
) ENGINE=InnoDB DEFAULT CHARSET=utf8mb3 COLLATE=utf8mb3_unicode_ci;


DROP TABLE IF EXISTS `teams`;
CREATE TABLE `teams` (
  `team_id` int NOT NULL AUTO_INCREMENT,
  `team_name` varchar(250) DEFAULT NULL,
  `team_status` int NOT NULL,
  PRIMARY KEY (`team_id`)
) ENGINE=InnoDB DEFAULT CHARSET=latin1;


DROP TABLE IF EXISTS `temp_cancel_booking`;
CREATE TABLE `temp_cancel_booking` (
  `id` bigint NOT NULL AUTO_INCREMENT,
  `booking_id` bigint unsigned NOT NULL,
  `cancel_date` date NOT NULL,
  `added_user` int NOT NULL DEFAULT '0',
  `added` timestamp NOT NULL DEFAULT CURRENT_TIMESTAMP,
  PRIMARY KEY (`id`),
  KEY `booking_id` (`booking_id`),
  KEY `added_user` (`added_user`),
  CONSTRAINT `temp_cancel_booking_ibfk_1` FOREIGN KEY (`booking_id`) REFERENCES `bookings` (`booking_id`),
  CONSTRAINT `temp_cancel_booking_ibfk_2` FOREIGN KEY (`added_user`) REFERENCES `users` (`user_id`)
) ENGINE=InnoDB DEFAULT CHARSET=latin1;


DROP TABLE IF EXISTS `user_activity`;
CREATE TABLE `user_activity` (
  `activity_id` int unsigned NOT NULL AUTO_INCREMENT,
  `added_user` int NOT NULL,
  `booking_type` varchar(15) NOT NULL,
  `transferred_bookid` bigint unsigned DEFAULT NULL,
  `shift` varchar(25) NOT NULL,
  `action_type` varchar(25) NOT NULL,
  `action_content` tinytext NOT NULL,
  `addeddate` datetime NOT NULL,
  `date_time_added` datetime NOT NULL DEFAULT CURRENT_TIMESTAMP,
  `user_type` varchar(20) DEFAULT '',
  PRIMARY KEY (`activity_id`),
  KEY `added_user` (`added_user`),
  KEY `addeddate` (`addeddate`),
  KEY `transferred_bookid` (`transferred_bookid`),
  CONSTRAINT `user_activity_ibfk_1` FOREIGN KEY (`added_user`) REFERENCES `users` (`user_id`),
  CONSTRAINT `user_activity_ibfk_2` FOREIGN KEY (`transferred_bookid`) REFERENCES `bookings` (`booking_id`)
) ENGINE=InnoDB DEFAULT CHARSET=utf8mb3;

INSERT INTO `user_activity` (`activity_id`, `added_user`, `booking_type`, `transferred_bookid`, `shift`, `action_type`, `action_content`, `addeddate`, `date_time_added`, `user_type`) VALUES
(1254,	1,	'One Day',	NULL,	'13:00-14:00',	'Booking_add',	'A new booking for customer: test revathy is created.',	'2023-07-29 11:54:27',	'2023-07-29 07:54:27',	''),
(1255,	1,	'Every Week',	NULL,	'15:00-15:30',	'Booking_add',	'A new booking for customer: jasmine is created.',	'2023-07-29 11:54:59',	'2023-07-29 07:54:59',	''),
(1256,	1,	'Every Week',	NULL,	'15:00-15:30',	'Booking_add',	'A new booking for customer: jasmine is created.',	'2023-07-29 11:54:59',	'2023-07-29 07:54:59',	''),
(1257,	1,	'Every Week',	NULL,	'17:00-17:30',	'Booking_add',	'A new booking for customer: test revathy is created.',	'2023-07-29 11:55:27',	'2023-07-29 07:55:27',	''),
(1258,	1,	'Every Week',	NULL,	'17:00-17:30',	'Booking_add',	'A new booking for customer: test revathy is created.',	'2023-07-29 11:55:27',	'2023-07-29 07:55:27',	''),
(1259,	1,	'Every Week',	NULL,	'15:30-16:00',	'Booking_add',	'A new booking for customer: jasmine is created.',	'2023-07-29 12:18:49',	'2023-07-29 08:18:49',	''),
(1260,	1,	'One Day',	NULL,	'17:00-17:30',	'Booking_add',	'A new booking for customer: test revathy is created.',	'2023-07-29 12:21:16',	'2023-07-29 08:21:16',	''),
(1261,	1,	'One Day',	NULL,	'18:00-18:30',	'Booking_add',	'A new booking for customer: jasmine is created.',	'2023-07-29 12:23:54',	'2023-07-29 08:23:54',	''),
(1262,	1,	'Every Week',	NULL,	'15:30-16:00',	'One_day_Cancel',	'Booking #6 for customer: jasmine is paused.',	'2023-07-29 13:25:30',	'2023-07-29 09:25:30',	''),
(1263,	1,	'One Day',	NULL,	'15:00-15:30',	'Booking_add',	'A new booking for customer: jasmine is created.',	'2023-07-29 13:46:41',	'2023-07-29 09:46:41',	''),
(1264,	1,	'One Day',	NULL,	'16:00-17:00',	'Booking_add',	'A new booking for customer: jasmine is created.',	'2023-07-29 14:32:51',	'2023-07-29 10:32:51',	''),
(1265,	1,	'Every Week',	NULL,	'17:00-17:30',	'One_day_Cancel',	'Booking #5 for customer: test revathy is paused.',	'2023-07-29 14:34:30',	'2023-07-29 10:34:30',	''),
(1266,	1,	'Every Week',	NULL,	'13:00-13:30',	'One_day_Cancel',	'Booking #48 for customer: Vishnu is paused.',	'2023-10-26 16:48:05',	'2023-10-26 12:48:05',	''),
(1267,	1,	'Every Week',	NULL,	'13:30-15:30',	'Weekly_Cancel',	'A booking for customer: Yana is deleted.',	'2023-11-14 12:29:10',	'2023-11-14 08:29:10',	'');

DROP TABLE IF EXISTS `user_login_details`;
CREATE TABLE `user_login_details` (
  `id` bigint NOT NULL AUTO_INCREMENT,
  `user_id` int NOT NULL,
  `login_ip` varchar(45) DEFAULT NULL,
  `user_agent` varchar(250) DEFAULT NULL,
  `login_date_time` datetime NOT NULL,
  PRIMARY KEY (`id`),
  KEY `user_id` (`user_id`),
  CONSTRAINT `user_login_details_ibfk_1` FOREIGN KEY (`user_id`) REFERENCES `users` (`user_id`)
) ENGINE=InnoDB DEFAULT CHARSET=latin1;

INSERT INTO `user_login_details` (`id`, `user_id`, `login_ip`, `user_agent`, `login_date_time`) VALUES
(1,	1,	'106.197.30.253',	'Mozilla/5.0 (Windows NT 10.0; Win64; x64) AppleWebKit/537.36 (KHTML, like Gecko) Chrome/110.0.0.0 Safari/537.36',	'2023-03-07 17:47:51'),
(3,	1,	'202.170.207.227',	'Mozilla/5.0 (Windows NT 10.0; Win64; x64) AppleWebKit/537.36 (KHTML, like Gecko) Chrome/110.0.0.0 Safari/537.36',	'2023-03-08 08:38:04'),
(4,	1,	'49.37.227.154',	'Mozilla/5.0 (Windows NT 10.0; Win64; x64) AppleWebKit/537.36 (KHTML, like Gecko) Chrome/110.0.0.0 Safari/537.36',	'2023-03-08 08:45:38'),
(5,	1,	'202.170.207.227',	'Mozilla/5.0 (Windows NT 10.0; Win64; x64) AppleWebKit/537.36 (KHTML, like Gecko) Chrome/110.0.0.0 Safari/537.36',	'2023-03-08 09:34:23'),
(6,	1,	'202.170.207.227',	'Mozilla/5.0 (Windows NT 10.0; Win64; x64) AppleWebKit/537.36 (KHTML, like Gecko) Chrome/110.0.0.0 Safari/537.36',	'2023-03-09 09:04:57'),
(7,	1,	'49.37.233.131',	'Mozilla/5.0 (Windows NT 10.0; Win64; x64) AppleWebKit/537.36 (KHTML, like Gecko) Chrome/110.0.0.0 Safari/537.36',	'2023-03-09 11:52:04'),
(8,	1,	'157.44.141.125',	'Mozilla/5.0 (Windows NT 10.0; Win64; x64) AppleWebKit/537.36 (KHTML, like Gecko) Chrome/110.0.0.0 Safari/537.36',	'2023-03-09 14:31:43'),
(9,	1,	'49.37.224.93',	'Mozilla/5.0 (Windows NT 10.0; Win64; x64) AppleWebKit/537.36 (KHTML, like Gecko) Chrome/110.0.0.0 Safari/537.36',	'2023-03-10 10:13:57'),
(10,	1,	'157.44.217.96',	'Mozilla/5.0 (Windows NT 10.0; Win64; x64; rv:109.0) Gecko/20100101 Firefox/110.0',	'2023-03-15 11:39:25'),
(11,	1,	'27.63.222.251',	'Mozilla/5.0 (Windows NT 10.0; Win64; x64) AppleWebKit/537.36 (KHTML, like Gecko) Chrome/111.0.0.0 Safari/537.36',	'2023-03-15 12:04:52'),
(12,	1,	'137.97.94.205',	'Mozilla/5.0 (Windows NT 10.0; Win64; x64; rv:109.0) Gecko/20100101 Firefox/110.0',	'2023-03-16 09:15:05'),
(13,	1,	'49.37.235.117',	'Mozilla/5.0 (Windows NT 10.0; Win64; x64) AppleWebKit/537.36 (KHTML, like Gecko) Chrome/111.0.0.0 Safari/537.36',	'2023-03-16 17:35:03'),
(14,	1,	'45.115.91.1',	'Mozilla/5.0 (Windows NT 10.0; Win64; x64) AppleWebKit/537.36 (KHTML, like Gecko) Chrome/111.0.0.0 Safari/537.36',	'2023-03-17 08:38:43'),
(15,	1,	'45.115.91.1',	'Mozilla/5.0 (Windows NT 10.0; Win64; x64) AppleWebKit/537.36 (KHTML, like Gecko) Chrome/111.0.0.0 Safari/537.36',	'2023-03-18 08:35:00'),
(16,	1,	'49.37.235.135',	'Mozilla/5.0 (Windows NT 10.0; Win64; x64) AppleWebKit/537.36 (KHTML, like Gecko) Chrome/111.0.0.0 Safari/537.36',	'2023-03-18 09:17:34'),
(17,	1,	'202.170.207.7',	'Mozilla/5.0 (Windows NT 10.0; Win64; x64) AppleWebKit/537.36 (KHTML, like Gecko) Chrome/111.0.0.0 Safari/537.36',	'2023-03-20 09:14:26'),
(18,	1,	'49.37.226.225',	'Mozilla/5.0 (Windows NT 10.0; Win64; x64) AppleWebKit/537.36 (KHTML, like Gecko) Chrome/111.0.0.0 Safari/537.36',	'2023-03-21 08:50:09'),
(19,	1,	'137.97.89.23',	'Mozilla/5.0 (Windows NT 10.0; Win64; x64) AppleWebKit/537.36 (KHTML, like Gecko) Chrome/111.0.0.0 Safari/537.36',	'2023-03-22 08:41:31'),
(20,	1,	'137.97.89.23',	'Mozilla/5.0 (Windows NT 10.0; Win64; x64; rv:109.0) Gecko/20100101 Firefox/111.0',	'2023-03-22 08:48:20'),
(21,	1,	'45.115.91.246',	'Mozilla/5.0 (Windows NT 10.0; Win64; x64) AppleWebKit/537.36 (KHTML, like Gecko) Chrome/111.0.0.0 Safari/537.36',	'2023-03-22 08:50:18'),
(22,	1,	'49.37.232.156',	'Mozilla/5.0 (Windows NT 10.0; Win64; x64) AppleWebKit/537.36 (KHTML, like Gecko) Chrome/111.0.0.0 Safari/537.36',	'2023-03-22 08:56:27'),
(23,	1,	'45.115.91.246',	'Mozilla/5.0 (Windows NT 10.0; Win64; x64) AppleWebKit/537.36 (KHTML, like Gecko) Chrome/111.0.0.0 Safari/537.36',	'2023-03-23 08:37:03'),
(24,	1,	'45.115.91.246',	'Mozilla/5.0 (Windows NT 10.0; Win64; x64) AppleWebKit/537.36 (KHTML, like Gecko) Chrome/111.0.0.0 Safari/537.36',	'2023-03-23 08:37:15'),
(25,	1,	'49.37.235.135',	'Mozilla/5.0 (Windows NT 10.0; Win64; x64) AppleWebKit/537.36 (KHTML, like Gecko) Chrome/111.0.0.0 Safari/537.36',	'2023-03-23 09:19:29'),
(26,	1,	'106.194.46.225',	'Mozilla/5.0 (Windows NT 10.0; Win64; x64) AppleWebKit/537.36 (KHTML, like Gecko) Chrome/111.0.0.0 Safari/537.36',	'2023-03-23 10:24:58'),
(27,	1,	'106.194.46.225',	'Mozilla/5.0 (Windows NT 10.0; Win64; x64) AppleWebKit/537.36 (KHTML, like Gecko) Chrome/111.0.0.0 Safari/537.36',	'2023-03-23 10:25:09'),
(28,	1,	'106.194.46.225',	'Mozilla/5.0 (Windows NT 10.0; Win64; x64) AppleWebKit/537.36 (KHTML, like Gecko) Chrome/111.0.0.0 Safari/537.36',	'2023-03-23 10:26:59'),
(29,	1,	'106.194.46.225',	'Mozilla/5.0 (Windows NT 10.0; Win64; x64) AppleWebKit/537.36 (KHTML, like Gecko) Chrome/111.0.0.0 Safari/537.36',	'2023-03-23 10:27:08'),
(30,	1,	'106.194.46.225',	'Mozilla/5.0 (Windows NT 10.0; Win64; x64) AppleWebKit/537.36 (KHTML, like Gecko) Chrome/111.0.0.0 Safari/537.36',	'2023-03-23 10:28:56'),
(31,	1,	'202.170.207.91',	'Mozilla/5.0 (Windows NT 10.0; Win64; x64) AppleWebKit/537.36 (KHTML, like Gecko) Chrome/111.0.0.0 Safari/537.36',	'2023-03-24 09:20:21'),
(32,	1,	'202.170.207.72',	'Mozilla/5.0 (Windows NT 10.0; Win64; x64) AppleWebKit/537.36 (KHTML, like Gecko) Chrome/111.0.0.0 Safari/537.36',	'2023-03-27 08:40:32'),
(33,	1,	'202.170.207.199',	'Mozilla/5.0 (Windows NT 10.0; Win64; x64) AppleWebKit/537.36 (KHTML, like Gecko) Chrome/111.0.0.0 Safari/537.36',	'2023-03-28 10:51:50'),
(34,	1,	'49.37.233.219',	'Mozilla/5.0 (Windows NT 10.0; Win64; x64) AppleWebKit/537.36 (KHTML, like Gecko) Chrome/111.0.0.0 Safari/537.36',	'2023-03-28 14:08:50'),
(35,	1,	'49.37.234.172',	'Mozilla/5.0 (Windows NT 10.0; Win64; x64) AppleWebKit/537.36 (KHTML, like Gecko) Chrome/111.0.0.0 Safari/537.36',	'2023-03-29 09:31:24'),
(36,	1,	'103.149.159.39',	'Mozilla/5.0 (Windows NT 10.0; Win64; x64) AppleWebKit/537.36 (KHTML, like Gecko) Chrome/111.0.0.0 Safari/537.36',	'2023-03-29 11:22:57'),
(37,	1,	'49.37.234.172',	'Mozilla/5.0 (Windows NT 10.0; Win64; x64) AppleWebKit/537.36 (KHTML, like Gecko) Chrome/111.0.0.0 Safari/537.36',	'2023-03-29 15:23:55'),
(38,	1,	'49.37.225.151',	'Mozilla/5.0 (Windows NT 10.0; Win64; x64) AppleWebKit/537.36 (KHTML, like Gecko) Chrome/111.0.0.0 Safari/537.36',	'2023-03-30 08:48:18'),
(39,	1,	'45.115.91.227',	'Mozilla/5.0 (Windows NT 10.0; Win64; x64) AppleWebKit/537.36 (KHTML, like Gecko) Chrome/111.0.0.0 Safari/537.36',	'2023-03-30 09:09:35'),
(40,	1,	'103.177.253.4',	'Mozilla/5.0 (Windows NT 10.0; Win64; x64) AppleWebKit/537.36 (KHTML, like Gecko) Chrome/111.0.0.0 Safari/537.36',	'2023-03-30 17:49:23'),
(41,	1,	'49.37.224.187',	'Mozilla/5.0 (Windows NT 10.0; Win64; x64) AppleWebKit/537.36 (KHTML, like Gecko) Chrome/111.0.0.0 Safari/537.36',	'2023-03-31 09:52:37'),
(42,	1,	'45.115.91.202',	'Mozilla/5.0 (Windows NT 10.0; Win64; x64) AppleWebKit/537.36 (KHTML, like Gecko) Chrome/111.0.0.0 Safari/537.36',	'2023-03-31 10:18:30'),
(43,	1,	'137.97.125.251',	'Mozilla/5.0 (Windows NT 10.0; Win64; x64; rv:109.0) Gecko/20100101 Firefox/111.0',	'2023-03-31 10:37:43'),
(44,	1,	'49.37.224.187',	'Mozilla/5.0 (Windows NT 10.0; Win64; x64) AppleWebKit/537.36 (KHTML, like Gecko) Chrome/111.0.0.0 Safari/537.36',	'2023-03-31 14:33:46'),
(45,	1,	'94.204.34.161',	'Mozilla/5.0 (Macintosh; Intel Mac OS X 10_15_7) AppleWebKit/537.36 (KHTML, like Gecko) Chrome/111.0.0.0 Safari/537.36',	'2023-03-31 19:13:25'),
(46,	1,	'45.115.91.202',	'Mozilla/5.0 (iPhone; CPU iPhone OS 6_0 like Mac OS X) AppleWebKit/536.26 (KHTML, like Gecko) Version/6.0 Mobile/10A5376e Safari/8536.25',	'2023-03-31 19:18:15'),
(47,	1,	'202.170.207.106',	'Mozilla/5.0 (Windows NT 10.0; Win64; x64) AppleWebKit/537.36 (KHTML, like Gecko) Chrome/111.0.0.0 Safari/537.36',	'2023-04-01 08:43:55'),
(48,	1,	'49.37.234.167',	'Mozilla/5.0 (Windows NT 10.0; Win64; x64) AppleWebKit/537.36 (KHTML, like Gecko) Chrome/111.0.0.0 Safari/537.36',	'2023-04-01 09:26:04'),
(49,	1,	'202.170.207.57',	'Mozilla/5.0 (Windows NT 10.0; Win64; x64) AppleWebKit/537.36 (KHTML, like Gecko) Chrome/111.0.0.0 Safari/537.36',	'2023-04-03 10:16:12'),
(50,	1,	'103.177.252.35',	'Mozilla/5.0 (Windows NT 10.0; Win64; x64) AppleWebKit/537.36 (KHTML, like Gecko) Chrome/111.0.0.0 Safari/537.36',	'2023-04-03 13:09:17'),
(51,	1,	'103.177.252.35',	'Mozilla/5.0 (Windows NT 10.0; Win64; x64) AppleWebKit/537.36 (KHTML, like Gecko) Chrome/111.0.0.0 Safari/537.36',	'2023-04-03 13:21:47'),
(52,	1,	'157.46.156.246',	'Mozilla/5.0 (Windows NT 10.0; Win64; x64; rv:109.0) Gecko/20100101 Firefox/111.0',	'2023-04-04 08:37:07'),
(53,	1,	'202.170.207.221',	'Mozilla/5.0 (Windows NT 10.0; Win64; x64) AppleWebKit/537.36 (KHTML, like Gecko) Chrome/111.0.0.0 Safari/537.36',	'2023-04-04 10:04:42'),
(54,	1,	'157.46.142.172',	'Mozilla/5.0 (Windows NT 10.0; Win64; x64; rv:109.0) Gecko/20100101 Firefox/111.0',	'2023-04-05 08:34:37'),
(55,	1,	'202.170.207.221',	'Mozilla/5.0 (Windows NT 10.0; Win64; x64) AppleWebKit/537.36 (KHTML, like Gecko) Chrome/111.0.0.0 Safari/537.36',	'2023-04-05 08:59:38'),
(56,	1,	'202.170.207.221',	'Mozilla/5.0 (Windows NT 10.0; Win64; x64) AppleWebKit/537.36 (KHTML, like Gecko) Chrome/111.0.0.0 Safari/537.36',	'2023-04-05 09:06:06'),
(57,	1,	'103.177.253.12',	'Mozilla/5.0 (Windows NT 10.0; Win64; x64) AppleWebKit/537.36 (KHTML, like Gecko) Chrome/111.0.0.0 Safari/537.36',	'2023-04-05 11:49:24'),
(58,	1,	'202.170.207.221',	'Mozilla/5.0 (Windows NT 10.0; Win64; x64) AppleWebKit/537.36 (KHTML, like Gecko) Chrome/111.0.0.0 Safari/537.36',	'2023-04-05 12:06:42'),
(59,	1,	'103.177.253.73',	'Mozilla/5.0 (Windows NT 10.0; Win64; x64) AppleWebKit/537.36 (KHTML, like Gecko) Chrome/111.0.0.0 Safari/537.36',	'2023-04-05 13:32:32'),
(60,	1,	'202.170.207.221',	'Mozilla/5.0 (Windows NT 10.0; Win64; x64) AppleWebKit/537.36 (KHTML, like Gecko) Chrome/111.0.0.0 Safari/537.36',	'2023-04-05 13:33:34'),
(61,	1,	'103.177.253.69',	'Mozilla/5.0 (Windows NT 10.0; Win64; x64) AppleWebKit/537.36 (KHTML, like Gecko) Chrome/111.0.0.0 Safari/537.36',	'2023-04-06 08:37:16'),
(62,	1,	'202.170.207.175',	'Mozilla/5.0 (Windows NT 10.0; Win64; x64) AppleWebKit/537.36 (KHTML, like Gecko) Chrome/111.0.0.0 Safari/537.36',	'2023-04-06 08:38:01'),
(63,	1,	'103.177.253.69',	'Mozilla/5.0 (Windows NT 10.0; Win64; x64) AppleWebKit/537.36 (KHTML, like Gecko) Chrome/111.0.0.0 Safari/537.36',	'2023-04-06 08:38:34'),
(64,	1,	'157.46.142.172',	'Mozilla/5.0 (Windows NT 10.0; Win64; x64; rv:109.0) Gecko/20100101 Firefox/111.0',	'2023-04-06 10:02:37'),
(65,	1,	'49.37.226.48',	'Mozilla/5.0 (Windows NT 10.0; Win64; x64) AppleWebKit/537.36 (KHTML, like Gecko) Chrome/111.0.0.0 Safari/537.36',	'2023-04-06 11:01:21'),
(66,	1,	'157.46.142.172',	'Mozilla/5.0 (Windows NT 10.0; Win64; x64; rv:109.0) Gecko/20100101 Firefox/111.0',	'2023-04-06 17:26:36'),
(67,	1,	'103.155.223.71',	'Mozilla/5.0 (Windows NT 10.0; Win64; x64) AppleWebKit/537.36 (KHTML, like Gecko) Chrome/111.0.0.0 Safari/537.36',	'2023-04-10 08:33:54'),
(68,	1,	'157.44.172.33',	'Mozilla/5.0 (Windows NT 10.0; Win64; x64; rv:109.0) Gecko/20100101 Firefox/111.0',	'2023-04-10 08:39:25'),
(69,	1,	'45.115.91.178',	'Mozilla/5.0 (Windows NT 10.0; Win64; x64) AppleWebKit/537.36 (KHTML, like Gecko) Chrome/111.0.0.0 Safari/537.36',	'2023-04-10 08:49:04'),
(70,	1,	'49.37.235.142',	'Mozilla/5.0 (Windows NT 10.0; Win64; x64) AppleWebKit/537.36 (KHTML, like Gecko) Chrome/111.0.0.0 Safari/537.36',	'2023-04-10 12:10:14'),
(71,	1,	'103.178.204.111',	'Mozilla/5.0 (Windows NT 10.0; Win64; x64) AppleWebKit/537.36 (KHTML, like Gecko) Chrome/111.0.0.0 Safari/537.36',	'2023-04-11 15:17:46'),
(72,	1,	'103.178.204.111',	'Mozilla/5.0 (Windows NT 10.0; Win64; x64) AppleWebKit/537.36 (KHTML, like Gecko) Chrome/111.0.0.0 Safari/537.36',	'2023-04-11 15:42:49'),
(73,	1,	'116.68.86.80',	'Mozilla/5.0 (Windows NT 10.0; Win64; x64) AppleWebKit/537.36 (KHTML, like Gecko) Chrome/112.0.0.0 Safari/537.36',	'2023-04-12 08:36:51'),
(74,	1,	'103.178.204.125',	'Mozilla/5.0 (Windows NT 10.0; Win64; x64) AppleWebKit/537.36 (KHTML, like Gecko) Chrome/111.0.0.0 Safari/537.36',	'2023-04-12 08:36:57'),
(75,	1,	'103.178.204.125',	'Mozilla/5.0 (Windows NT 10.0; Win64; x64) AppleWebKit/537.36 (KHTML, like Gecko) Chrome/111.0.0.0 Safari/537.36',	'2023-04-12 10:09:50'),
(76,	1,	'45.115.91.3',	'Mozilla/5.0 (Windows NT 10.0; Win64; x64) AppleWebKit/537.36 (KHTML, like Gecko) Chrome/111.0.0.0 Safari/537.36',	'2023-04-13 14:34:33'),
(77,	1,	'45.115.91.3',	'Mozilla/5.0 (Windows NT 10.0; Win64; x64) AppleWebKit/537.36 (KHTML, like Gecko) Chrome/111.0.0.0 Safari/537.36',	'2023-04-13 14:34:46'),
(78,	1,	'103.170.54.12',	'Mozilla/5.0 (Windows NT 10.0; Win64; x64) AppleWebKit/537.36 (KHTML, like Gecko) Chrome/112.0.0.0 Safari/537.36',	'2023-04-17 15:28:01'),
(79,	1,	'106.206.222.250',	'Mozilla/5.0 (Windows NT 10.0; Win64; x64) AppleWebKit/537.36 (KHTML, like Gecko) Chrome/112.0.0.0 Safari/537.36',	'2023-04-17 19:01:55'),
(80,	1,	'202.170.207.16',	'Mozilla/5.0 (Windows NT 10.0; Win64; x64) AppleWebKit/537.36 (KHTML, like Gecko) Chrome/112.0.0.0 Safari/537.36',	'2023-04-18 09:37:44'),
(81,	1,	'103.177.252.27',	'Mozilla/5.0 (Windows NT 10.0; Win64; x64) AppleWebKit/537.36 (KHTML, like Gecko) Chrome/112.0.0.0 Safari/537.36',	'2023-04-18 14:35:47'),
(82,	1,	'103.177.252.27',	'Mozilla/5.0 (Windows NT 10.0; Win64; x64) AppleWebKit/537.36 (KHTML, like Gecko) Chrome/112.0.0.0 Safari/537.36',	'2023-04-18 17:58:13'),
(83,	1,	'103.177.252.27',	'Mozilla/5.0 (Windows NT 10.0; Win64; x64) AppleWebKit/537.36 (KHTML, like Gecko) Chrome/112.0.0.0 Safari/537.36',	'2023-04-19 08:37:24'),
(84,	1,	'103.177.252.27',	'Mozilla/5.0 (Windows NT 10.0; Win64; x64) AppleWebKit/537.36 (KHTML, like Gecko) Chrome/112.0.0.0 Safari/537.36',	'2023-04-19 12:13:04'),
(85,	1,	'103.179.230.32',	'Mozilla/5.0 (Windows NT 10.0; Win64; x64) AppleWebKit/537.36 (KHTML, like Gecko) Chrome/112.0.0.0 Safari/537.36',	'2023-04-19 12:13:08'),
(86,	1,	'103.177.252.27',	'Mozilla/5.0 (Windows NT 10.0; Win64; x64) AppleWebKit/537.36 (KHTML, like Gecko) Chrome/112.0.0.0 Safari/537.36',	'2023-04-19 12:38:31'),
(87,	1,	'103.177.252.27',	'Mozilla/5.0 (Windows NT 10.0; Win64; x64) AppleWebKit/537.36 (KHTML, like Gecko) Chrome/112.0.0.0 Safari/537.36',	'2023-04-19 18:36:59'),
(88,	1,	'103.177.252.27',	'Mozilla/5.0 (Windows NT 10.0; Win64; x64) AppleWebKit/537.36 (KHTML, like Gecko) Chrome/112.0.0.0 Safari/537.36',	'2023-04-20 08:40:13'),
(89,	1,	'49.37.227.10',	'Mozilla/5.0 (Windows NT 10.0; Win64; x64) AppleWebKit/537.36 (KHTML, like Gecko) Chrome/112.0.0.0 Safari/537.36',	'2023-04-20 12:37:19'),
(90,	1,	'103.170.55.26',	'Mozilla/5.0 (Windows NT 10.0; Win64; x64) AppleWebKit/537.36 (KHTML, like Gecko) Chrome/112.0.0.0 Safari/537.36',	'2023-04-20 14:24:20'),
(91,	1,	'103.177.253.41',	'Mozilla/5.0 (Windows NT 10.0; Win64; x64) AppleWebKit/537.36 (KHTML, like Gecko) Chrome/112.0.0.0 Safari/537.36',	'2023-04-24 10:16:33'),
(92,	1,	'103.149.159.8',	'Mozilla/5.0 (Windows NT 10.0; Win64; x64) AppleWebKit/537.36 (KHTML, like Gecko) Chrome/112.0.0.0 Safari/537.36',	'2023-04-25 08:51:35'),
(93,	1,	'116.68.83.152',	'Mozilla/5.0 (Windows NT 10.0; Win64; x64) AppleWebKit/537.36 (KHTML, like Gecko) Chrome/112.0.0.0 Safari/537.36',	'2023-04-25 18:07:38'),
(94,	1,	'103.178.204.8',	'Mozilla/5.0 (Windows NT 10.0; Win64; x64) AppleWebKit/537.36 (KHTML, like Gecko) Chrome/112.0.0.0 Safari/537.36',	'2023-04-26 09:25:06'),
(95,	1,	'103.177.253.0',	'Mozilla/5.0 (Windows NT 10.0; Win64; x64) AppleWebKit/537.36 (KHTML, like Gecko) Chrome/112.0.0.0 Safari/537.36',	'2023-04-26 16:46:03'),
(96,	1,	'103.178.205.34',	'Mozilla/5.0 (Windows NT 10.0; Win64; x64) AppleWebKit/537.36 (KHTML, like Gecko) Chrome/112.0.0.0 Safari/537.36',	'2023-04-27 08:49:36'),
(97,	1,	'106.216.140.14',	'Mozilla/5.0 (Windows NT 10.0; Win64; x64) AppleWebKit/537.36 (KHTML, like Gecko) Chrome/112.0.0.0 Safari/537.36',	'2023-04-27 13:42:03'),
(98,	1,	'103.170.54.1',	'Mozilla/5.0 (Windows NT 10.0; Win64; x64) AppleWebKit/537.36 (KHTML, like Gecko) Chrome/112.0.0.0 Safari/537.36',	'2023-04-27 14:43:25'),
(99,	1,	'103.178.205.34',	'Mozilla/5.0 (Windows NT 10.0; Win64; x64) AppleWebKit/537.36 (KHTML, like Gecko) Chrome/112.0.0.0 Safari/537.36',	'2023-04-28 10:39:49'),
(100,	1,	'103.177.252.39',	'Mozilla/5.0 (Windows NT 10.0; Win64; x64) AppleWebKit/537.36 (KHTML, like Gecko) Chrome/112.0.0.0 Safari/537.36',	'2023-04-28 14:18:12'),
(101,	1,	'217.165.238.66',	'Mozilla/5.0 (Windows NT 10.0; Win64; x64) AppleWebKit/537.36 (KHTML, like Gecko) Chrome/112.0.0.0 Safari/537.36',	'2023-04-28 14:26:52'),
(102,	1,	'103.178.204.14',	'Mozilla/5.0 (Windows NT 10.0; Win64; x64) AppleWebKit/537.36 (KHTML, like Gecko) Chrome/112.0.0.0 Safari/537.36',	'2023-04-28 17:56:29'),
(103,	1,	'103.170.55.3',	'Mozilla/5.0 (Windows NT 10.0; Win64; x64) AppleWebKit/537.36 (KHTML, like Gecko) Chrome/112.0.0.0 Safari/537.36',	'2023-04-28 18:53:13'),
(104,	1,	'103.170.55.3',	'Mozilla/5.0 (Windows NT 10.0; Win64; x64) AppleWebKit/537.36 (KHTML, like Gecko) Chrome/112.0.0.0 Safari/537.36',	'2023-04-29 14:06:26'),
(105,	1,	'103.170.55.3',	'Mozilla/5.0 (Windows NT 10.0; Win64; x64) AppleWebKit/537.36 (KHTML, like Gecko) Chrome/112.0.0.0 Safari/537.36',	'2023-04-29 17:03:14'),
(106,	1,	'103.170.55.3',	'Mozilla/5.0 (Windows NT 10.0; Win64; x64) AppleWebKit/537.36 (KHTML, like Gecko) Chrome/112.0.0.0 Safari/537.36',	'2023-04-29 17:04:50'),
(107,	1,	'103.177.253.28',	'Mozilla/5.0 (Windows NT 10.0; Win64; x64) AppleWebKit/537.36 (KHTML, like Gecko) Chrome/112.0.0.0 Safari/537.36',	'2023-04-29 17:24:12'),
(108,	1,	'103.170.55.3',	'Mozilla/5.0 (Windows NT 10.0; Win64; x64) AppleWebKit/537.36 (KHTML, like Gecko) Chrome/112.0.0.0 Safari/537.36',	'2023-04-29 17:58:22'),
(109,	1,	'103.170.55.3',	'Mozilla/5.0 (Windows NT 10.0; Win64; x64) AppleWebKit/537.36 (KHTML, like Gecko) Chrome/112.0.0.0 Safari/537.36',	'2023-04-29 17:58:31'),
(110,	1,	'103.170.55.3',	'Mozilla/5.0 (Windows NT 10.0; Win64; x64) AppleWebKit/537.36 (KHTML, like Gecko) Chrome/112.0.0.0 Safari/537.36',	'2023-04-29 18:23:21'),
(111,	1,	'103.170.55.3',	'Mozilla/5.0 (Windows NT 10.0; Win64; x64) AppleWebKit/537.36 (KHTML, like Gecko) Chrome/112.0.0.0 Safari/537.36',	'2023-04-29 18:23:39'),
(112,	1,	'103.149.158.87',	'Mozilla/5.0 (Windows NT 10.0; Win64; x64) AppleWebKit/537.36 (KHTML, like Gecko) Chrome/112.0.0.0 Safari/537.36',	'2023-05-02 08:37:10'),
(113,	1,	'103.177.252.50',	'Mozilla/5.0 (Windows NT 10.0; Win64; x64) AppleWebKit/537.36 (KHTML, like Gecko) Chrome/112.0.0.0 Safari/537.36',	'2023-05-02 08:45:09'),
(114,	1,	'157.44.133.81',	'Mozilla/5.0 (Windows NT 10.0; Win64; x64; rv:109.0) Gecko/20100101 Firefox/112.0',	'2023-05-02 09:54:02'),
(115,	1,	'103.149.158.87',	'Mozilla/5.0 (Windows NT 10.0; Win64; x64) AppleWebKit/537.36 (KHTML, like Gecko) Chrome/112.0.0.0 Safari/537.36',	'2023-05-02 15:48:24'),
(116,	1,	'42.104.157.11',	'Mozilla/5.0 (Windows NT 10.0; Win64; x64) AppleWebKit/537.36 (KHTML, like Gecko) Chrome/112.0.0.0 Safari/537.36',	'2023-05-03 08:36:02'),
(117,	1,	'103.178.204.85',	'Mozilla/5.0 (Windows NT 10.0; Win64; x64) AppleWebKit/537.36 (KHTML, like Gecko) Chrome/112.0.0.0 Safari/537.36',	'2023-05-03 10:55:40'),
(118,	1,	'103.107.143.150',	'Mozilla/5.0 (Windows NT 10.0; Win64; x64) AppleWebKit/537.36 (KHTML, like Gecko) Chrome/112.0.0.0 Safari/537.36',	'2023-05-03 15:50:11'),
(119,	1,	'103.178.204.103',	'Mozilla/5.0 (Windows NT 10.0; Win64; x64) AppleWebKit/537.36 (KHTML, like Gecko) Chrome/112.0.0.0 Safari/537.36',	'2023-05-04 08:36:10'),
(120,	1,	'103.155.222.40',	'Mozilla/5.0 (Windows NT 10.0; Win64; x64) AppleWebKit/537.36 (KHTML, like Gecko) Chrome/113.0.0.0 Safari/537.36',	'2023-05-04 08:58:13'),
(121,	1,	'103.177.253.11',	'Mozilla/5.0 (Windows NT 10.0; Win64; x64) AppleWebKit/537.36 (KHTML, like Gecko) Chrome/112.0.0.0 Safari/537.36',	'2023-05-04 10:31:28'),
(122,	1,	'103.149.159.10',	'Mozilla/5.0 (Windows NT 10.0; Win64; x64) AppleWebKit/537.36 (KHTML, like Gecko) Chrome/113.0.0.0 Safari/537.36',	'2023-05-04 13:26:19'),
(123,	1,	'103.178.205.81',	'Mozilla/5.0 (Windows NT 10.0; Win64; x64) AppleWebKit/537.36 (KHTML, like Gecko) Chrome/112.0.0.0 Safari/537.36',	'2023-05-05 08:36:19'),
(124,	1,	'103.177.253.11',	'Mozilla/5.0 (Windows NT 10.0; Win64; x64) AppleWebKit/537.36 (KHTML, like Gecko) Chrome/112.0.0.0 Safari/537.36',	'2023-05-05 08:46:22'),
(125,	1,	'116.68.80.224',	'Mozilla/5.0 (Windows NT 10.0; Win64; x64) AppleWebKit/537.36 (KHTML, like Gecko) Chrome/113.0.0.0 Safari/537.36',	'2023-05-05 09:57:09'),
(126,	1,	'116.68.80.224',	'Mozilla/5.0 (Windows NT 10.0; Win64; x64) AppleWebKit/537.36 (KHTML, like Gecko) Chrome/113.0.0.0 Safari/537.36',	'2023-05-05 11:43:10'),
(127,	1,	'116.68.80.224',	'Mozilla/5.0 (Windows NT 10.0; Win64; x64) AppleWebKit/537.36 (KHTML, like Gecko) Chrome/113.0.0.0 Safari/537.36',	'2023-05-05 17:26:04'),
(128,	1,	'103.178.205.110',	'Mozilla/5.0 (Windows NT 10.0; Win64; x64) AppleWebKit/537.36 (KHTML, like Gecko) Chrome/112.0.0.0 Safari/537.36',	'2023-05-06 08:34:53'),
(129,	1,	'103.177.253.11',	'Mozilla/5.0 (Windows NT 10.0; Win64; x64) AppleWebKit/537.36 (KHTML, like Gecko) Chrome/112.0.0.0 Safari/537.36',	'2023-05-06 08:39:28'),
(130,	1,	'103.178.204.96',	'Mozilla/5.0 (Windows NT 10.0; Win64; x64) AppleWebKit/537.36 (KHTML, like Gecko) Chrome/112.0.0.0 Safari/537.36',	'2023-05-08 08:42:05'),
(131,	1,	'103.149.158.35',	'Mozilla/5.0 (Windows NT 10.0; Win64; x64) AppleWebKit/537.36 (KHTML, like Gecko) Chrome/112.0.0.0 Safari/537.36',	'2023-05-08 08:44:47'),
(132,	1,	'157.46.138.36',	'Mozilla/5.0 (Windows NT 10.0; Win64; x64; rv:109.0) Gecko/20100101 Firefox/112.0',	'2023-05-08 09:04:17'),
(133,	1,	'103.149.158.35',	'Mozilla/5.0 (Windows NT 10.0; Win64; x64) AppleWebKit/537.36 (KHTML, like Gecko) Chrome/112.0.0.0 Safari/537.36',	'2023-05-08 13:14:49'),
(134,	1,	'103.178.204.28',	'Mozilla/5.0 (Windows NT 10.0; Win64; x64) AppleWebKit/537.36 (KHTML, like Gecko) Chrome/113.0.0.0 Safari/537.36',	'2023-05-08 13:36:21'),
(135,	1,	'103.149.158.35',	'Mozilla/5.0 (Windows NT 10.0; Win64; x64) AppleWebKit/537.36 (KHTML, like Gecko) Chrome/112.0.0.0 Safari/537.36',	'2023-05-08 15:34:04'),
(136,	1,	'157.46.138.36',	'Mozilla/5.0 (Windows NT 10.0; Win64; x64; rv:109.0) Gecko/20100101 Firefox/112.0',	'2023-05-08 15:34:28'),
(137,	1,	'103.178.204.96',	'Mozilla/5.0 (Windows NT 10.0; Win64; x64) AppleWebKit/537.36 (KHTML, like Gecko) Chrome/112.0.0.0 Safari/537.36',	'2023-05-08 18:22:17'),
(138,	1,	'103.170.55.56',	'Mozilla/5.0 (Windows NT 10.0; Win64; x64) AppleWebKit/537.36 (KHTML, like Gecko) Chrome/112.0.0.0 Safari/537.36',	'2023-05-09 08:34:08'),
(139,	1,	'157.46.208.116',	'Mozilla/5.0 (Windows NT 10.0; Win64; x64; rv:109.0) Gecko/20100101 Firefox/112.0',	'2023-05-09 08:58:25'),
(140,	1,	'103.149.158.35',	'Mozilla/5.0 (Windows NT 10.0; Win64; x64) AppleWebKit/537.36 (KHTML, like Gecko) Chrome/112.0.0.0 Safari/537.36',	'2023-05-09 09:06:16'),
(141,	1,	'103.177.252.56',	'Mozilla/5.0 (Windows NT 10.0; Win64; x64) AppleWebKit/537.36 (KHTML, like Gecko) Chrome/113.0.0.0 Safari/537.36',	'2023-05-09 09:21:48'),
(142,	1,	'106.216.140.7',	'Mozilla/5.0 (Windows NT 10.0; Win64; x64) AppleWebKit/537.36 (KHTML, like Gecko) Chrome/113.0.0.0 Safari/537.36',	'2023-05-09 11:40:49'),
(143,	1,	'103.170.55.55',	'Mozilla/5.0 (Windows NT 10.0; Win64; x64) AppleWebKit/537.36 (KHTML, like Gecko) Chrome/112.0.0.0 Safari/537.36',	'2023-05-09 12:48:50'),
(144,	1,	'103.178.204.33',	'Mozilla/5.0 (Windows NT 10.0; Win64; x64) AppleWebKit/537.36 (KHTML, like Gecko) Chrome/113.0.0.0 Safari/537.36',	'2023-05-09 18:20:18'),
(145,	1,	'103.178.204.125',	'Mozilla/5.0 (Windows NT 10.0; Win64; x64) AppleWebKit/537.36 (KHTML, like Gecko) Chrome/112.0.0.0 Safari/537.36',	'2023-05-10 08:33:17'),
(146,	1,	'103.178.204.33',	'Mozilla/5.0 (Windows NT 10.0; Win64; x64) AppleWebKit/537.36 (KHTML, like Gecko) Chrome/113.0.0.0 Safari/537.36',	'2023-05-10 08:36:06'),
(147,	1,	'103.178.204.33',	'Mozilla/5.0 (Windows NT 10.0; Win64; x64) AppleWebKit/537.36 (KHTML, like Gecko) Chrome/113.0.0.0 Safari/537.36',	'2023-05-10 11:13:09'),
(148,	1,	'103.178.204.33',	'Mozilla/5.0 (Windows NT 10.0; Win64; x64) AppleWebKit/537.36 (KHTML, like Gecko) Chrome/113.0.0.0 Safari/537.36',	'2023-05-10 11:20:37'),
(149,	1,	'103.178.204.33',	'Mozilla/5.0 (Windows NT 10.0; Win64; x64) AppleWebKit/537.36 (KHTML, like Gecko) Chrome/113.0.0.0 Safari/537.36',	'2023-05-10 11:20:42'),
(150,	1,	'103.178.204.33',	'Mozilla/5.0 (Windows NT 10.0; Win64; x64) AppleWebKit/537.36 (KHTML, like Gecko) Chrome/113.0.0.0 Safari/537.36',	'2023-05-10 11:20:48'),
(151,	1,	'103.155.223.79',	'Mozilla/5.0 (Windows NT 10.0; Win64; x64) AppleWebKit/537.36 (KHTML, like Gecko) Chrome/113.0.0.0 Safari/537.36',	'2023-05-11 08:35:02'),
(152,	1,	'103.178.204.33',	'Mozilla/5.0 (Windows NT 10.0; Win64; x64) AppleWebKit/537.36 (KHTML, like Gecko) Chrome/113.0.0.0 Safari/537.36',	'2023-05-11 13:59:09'),
(153,	1,	'103.178.205.28',	'Mozilla/5.0 (Windows NT 10.0; Win64; x64) AppleWebKit/537.36 (KHTML, like Gecko) Chrome/113.0.0.0 Safari/537.36',	'2023-05-11 19:09:54'),
(154,	1,	'103.178.204.33',	'Mozilla/5.0 (Windows NT 10.0; Win64; x64) AppleWebKit/537.36 (KHTML, like Gecko) Chrome/113.0.0.0 Safari/537.36',	'2023-05-12 08:45:10'),
(155,	1,	'103.178.204.33',	'Mozilla/5.0 (Windows NT 10.0; Win64; x64) AppleWebKit/537.36 (KHTML, like Gecko) Chrome/113.0.0.0 Safari/537.36',	'2023-05-12 10:44:31'),
(156,	1,	'103.155.223.12',	'Mozilla/5.0 (Windows NT 10.0; Win64; x64) AppleWebKit/537.36 (KHTML, like Gecko) Chrome/113.0.0.0 Safari/537.36',	'2023-05-12 11:20:59'),
(157,	1,	'103.155.223.12',	'Mozilla/5.0 (Windows NT 10.0; Win64; x64) AppleWebKit/537.36 (KHTML, like Gecko) Chrome/113.0.0.0 Safari/537.36',	'2023-05-12 11:51:57'),
(158,	1,	'103.155.223.12',	'Mozilla/5.0 (Windows NT 10.0; Win64; x64) AppleWebKit/537.36 (KHTML, like Gecko) Chrome/113.0.0.0 Safari/537.36',	'2023-05-12 15:31:30'),
(159,	1,	'103.155.223.12',	'Mozilla/5.0 (Windows NT 10.0; Win64; x64) AppleWebKit/537.36 (KHTML, like Gecko) Chrome/113.0.0.0 Safari/537.36',	'2023-05-13 10:39:21'),
(160,	1,	'103.178.204.33',	'Mozilla/5.0 (Windows NT 10.0; Win64; x64) AppleWebKit/537.36 (KHTML, like Gecko) Chrome/113.0.0.0 Safari/537.36',	'2023-05-15 08:34:55'),
(161,	1,	'217.165.14.222',	'Mozilla/5.0 (X11; Ubuntu; Linux x86_64; rv:109.0) Gecko/20100101 Firefox/112.0',	'2023-05-15 12:38:10'),
(162,	1,	'103.155.223.31',	'Mozilla/5.0 (Windows NT 10.0; Win64; x64) AppleWebKit/537.36 (KHTML, like Gecko) Chrome/113.0.0.0 Safari/537.36',	'2023-05-16 18:01:41'),
(163,	1,	'103.170.54.54',	'Mozilla/5.0 (Windows NT 10.0; Win64; x64) AppleWebKit/537.36 (KHTML, like Gecko) Chrome/113.0.0.0 Safari/537.36',	'2023-05-17 08:39:56'),
(164,	1,	'217.165.15.45',	'Mozilla/5.0 (X11; Ubuntu; Linux x86_64; rv:109.0) Gecko/20100101 Firefox/112.0',	'2023-05-17 15:17:27'),
(165,	1,	'103.177.252.4',	'Mozilla/5.0 (Windows NT 10.0; Win64; x64) AppleWebKit/537.36 (KHTML, like Gecko) Chrome/113.0.0.0 Safari/537.36',	'2023-05-17 17:32:25'),
(166,	1,	'103.178.205.3',	'Mozilla/5.0 (Windows NT 10.0; Win64; x64) AppleWebKit/537.36 (KHTML, like Gecko) Chrome/113.0.0.0 Safari/537.36',	'2023-05-18 15:58:39'),
(167,	1,	'103.178.205.111',	'Mozilla/5.0 (Windows NT 10.0; Win64; x64) AppleWebKit/537.36 (KHTML, like Gecko) Chrome/113.0.0.0 Safari/537.36',	'2023-05-19 10:10:55'),
(168,	1,	'103.178.204.59',	'Mozilla/5.0 (Windows NT 10.0; Win64; x64) AppleWebKit/537.36 (KHTML, like Gecko) Chrome/113.0.0.0 Safari/537.36',	'2023-05-19 12:28:21'),
(169,	1,	'103.178.205.61',	'Mozilla/5.0 (Windows NT 10.0; Win64; x64) AppleWebKit/537.36 (KHTML, like Gecko) Chrome/113.0.0.0 Safari/537.36',	'2023-05-20 16:16:44'),
(170,	1,	'103.178.205.27',	'Mozilla/5.0 (Windows NT 10.0; Win64; x64) AppleWebKit/537.36 (KHTML, like Gecko) Chrome/113.0.0.0 Safari/537.36',	'2023-05-22 13:26:01'),
(171,	1,	'103.177.253.25',	'Mozilla/5.0 (Windows NT 10.0; Win64; x64) AppleWebKit/537.36 (KHTML, like Gecko) Chrome/113.0.0.0 Safari/537.36',	'2023-05-22 13:55:52'),
(172,	1,	'103.155.223.24',	'Mozilla/5.0 (Windows NT 10.0; Win64; x64) AppleWebKit/537.36 (KHTML, like Gecko) Chrome/113.0.0.0 Safari/537.36',	'2023-05-24 11:15:57'),
(173,	1,	'103.149.159.47',	'Mozilla/5.0 (Windows NT 10.0; Win64; x64) AppleWebKit/537.36 (KHTML, like Gecko) Chrome/113.0.0.0 Safari/537.36',	'2023-05-24 19:44:03'),
(174,	1,	'103.177.253.47',	'Mozilla/5.0 (Windows NT 10.0; Win64; x64) AppleWebKit/537.36 (KHTML, like Gecko) Chrome/113.0.0.0 Safari/537.36',	'2023-05-25 12:02:49'),
(175,	1,	'103.178.204.71',	'Mozilla/5.0 (Windows NT 10.0; Win64; x64) AppleWebKit/537.36 (KHTML, like Gecko) Chrome/113.0.0.0 Safari/537.36',	'2023-05-25 13:08:02'),
(176,	1,	'103.178.204.44',	'Mozilla/5.0 (Windows NT 10.0; Win64; x64) AppleWebKit/537.36 (KHTML, like Gecko) Chrome/113.0.0.0 Safari/537.36',	'2023-05-25 15:17:50'),
(177,	1,	'116.68.86.56',	'Mozilla/5.0 (Windows NT 10.0; Win64; x64) AppleWebKit/537.36 (KHTML, like Gecko) Chrome/113.0.0.0 Safari/537.36',	'2023-05-26 09:29:47'),
(178,	1,	'103.155.222.77',	'Mozilla/5.0 (Windows NT 10.0; Win64; x64) AppleWebKit/537.36 (KHTML, like Gecko) Chrome/113.0.0.0 Safari/537.36',	'2023-05-26 10:42:37'),
(179,	1,	'103.155.222.77',	'Mozilla/5.0 (Windows NT 10.0; Win64; x64) AppleWebKit/537.36 (KHTML, like Gecko) Chrome/113.0.0.0 Safari/537.36',	'2023-05-26 13:13:43'),
(180,	1,	'103.178.205.60',	'Mozilla/5.0 (Windows NT 10.0; Win64; x64) AppleWebKit/537.36 (KHTML, like Gecko) Chrome/113.0.0.0 Safari/537.36',	'2023-05-26 13:46:03'),
(181,	1,	'116.68.81.128',	'Mozilla/5.0 (Windows NT 10.0; Win64; x64) AppleWebKit/537.36 (KHTML, like Gecko) Chrome/113.0.0.0 Safari/537.36',	'2023-05-27 17:05:05'),
(182,	1,	'103.179.230.51',	'Mozilla/5.0 (Windows NT 10.0; Win64; x64) AppleWebKit/537.36 (KHTML, like Gecko) Chrome/113.0.0.0 Safari/537.36',	'2023-05-29 17:06:49'),
(183,	1,	'103.149.158.10',	'Mozilla/5.0 (Windows NT 10.0; Win64; x64) AppleWebKit/537.36 (KHTML, like Gecko) Chrome/113.0.0.0 Safari/537.36',	'2023-05-29 18:56:10'),
(184,	1,	'116.68.81.8',	'Mozilla/5.0 (Windows NT 10.0; Win64; x64) AppleWebKit/537.36 (KHTML, like Gecko) Chrome/113.0.0.0 Safari/537.36',	'2023-05-30 08:59:22'),
(185,	1,	'103.107.143.150',	'Mozilla/5.0 (Windows NT 10.0; Win64; x64) AppleWebKit/537.36 (KHTML, like Gecko) Chrome/113.0.0.0 Safari/537.36',	'2023-05-31 10:58:51'),
(186,	1,	'103.107.143.150',	'Mozilla/5.0 (Windows NT 10.0; Win64; x64; rv:109.0) Gecko/20100101 Firefox/113.0',	'2023-05-31 13:27:27'),
(187,	1,	'116.68.85.128',	'Mozilla/5.0 (Windows NT 10.0; Win64; x64) AppleWebKit/537.36 (KHTML, like Gecko) Chrome/113.0.0.0 Safari/537.36',	'2023-06-01 08:18:44'),
(188,	1,	'103.178.205.9',	'Mozilla/5.0 (Windows NT 10.0; Win64; x64) AppleWebKit/537.36 (KHTML, like Gecko) Chrome/113.0.0.0 Safari/537.36',	'2023-06-01 13:23:12'),
(189,	1,	'116.68.85.128',	'Mozilla/5.0 (Windows NT 10.0; Win64; x64) AppleWebKit/537.36 (KHTML, like Gecko) Chrome/113.0.0.0 Safari/537.36',	'2023-06-01 18:23:11'),
(190,	1,	'103.178.205.9',	'Mozilla/5.0 (Windows NT 10.0; Win64; x64) AppleWebKit/537.36 (KHTML, like Gecko) Chrome/114.0.0.0 Safari/537.36',	'2023-06-02 08:42:06'),
(191,	1,	'116.68.85.128',	'Mozilla/5.0 (Windows NT 10.0; Win64; x64) AppleWebKit/537.36 (KHTML, like Gecko) Chrome/114.0.0.0 Safari/537.36',	'2023-06-02 14:11:06'),
(192,	1,	'103.178.205.25',	'Mozilla/5.0 (Windows NT 10.0; Win64; x64) AppleWebKit/537.36 (KHTML, like Gecko) Chrome/114.0.0.0 Safari/537.36',	'2023-06-03 10:12:29'),
(193,	1,	'157.46.218.216',	'Mozilla/5.0 (Windows NT 10.0; Win64; x64; rv:109.0) Gecko/20100101 Firefox/113.0',	'2023-06-03 10:19:22'),
(194,	1,	'103.178.205.25',	'Mozilla/5.0 (Windows NT 10.0; Win64; x64) AppleWebKit/537.36 (KHTML, like Gecko) Chrome/114.0.0.0 Safari/537.36',	'2023-06-03 14:39:01'),
(195,	1,	'103.178.205.25',	'Mozilla/5.0 (Windows NT 10.0; Win64; x64) AppleWebKit/537.36 (KHTML, like Gecko) Chrome/114.0.0.0 Safari/537.36',	'2023-06-03 18:27:35'),
(196,	1,	'103.178.205.9',	'Mozilla/5.0 (Windows NT 10.0; Win64; x64) AppleWebKit/537.36 (KHTML, like Gecko) Chrome/114.0.0.0 Safari/537.36',	'2023-06-06 11:38:15'),
(197,	1,	'103.170.54.51',	'Mozilla/5.0 (Windows NT 10.0; Win64; x64) AppleWebKit/537.36 (KHTML, like Gecko) Chrome/114.0.0.0 Safari/537.36',	'2023-06-08 08:49:52'),
(198,	1,	'103.178.205.63',	'Mozilla/5.0 (Windows NT 10.0; Win64; x64) AppleWebKit/537.36 (KHTML, like Gecko) Chrome/114.0.0.0 Safari/537.36',	'2023-06-08 10:22:15'),
(199,	1,	'103.177.253.16',	'Mozilla/5.0 (Windows NT 10.0; Win64; x64) AppleWebKit/537.36 (KHTML, like Gecko) Chrome/114.0.0.0 Safari/537.36',	'2023-06-09 10:23:30'),
(200,	1,	'103.170.55.1',	'Mozilla/5.0 (Windows NT 10.0; Win64; x64) AppleWebKit/537.36 (KHTML, like Gecko) Chrome/114.0.0.0 Safari/537.36',	'2023-06-09 15:57:07'),
(201,	1,	'103.149.158.82',	'Mozilla/5.0 (Windows NT 10.0; Win64; x64) AppleWebKit/537.36 (KHTML, like Gecko) Chrome/114.0.0.0 Safari/537.36',	'2023-06-09 19:19:43'),
(202,	1,	'103.178.204.96',	'Mozilla/5.0 (Windows NT 10.0; Win64; x64) AppleWebKit/537.36 (KHTML, like Gecko) Chrome/114.0.0.0 Safari/537.36',	'2023-06-12 16:41:04'),
(203,	1,	'103.178.204.82',	'Mozilla/5.0 (Windows NT 10.0; Win64; x64) AppleWebKit/537.36 (KHTML, like Gecko) Chrome/114.0.0.0 Safari/537.36',	'2023-06-13 17:05:10'),
(204,	1,	'103.149.158.35',	'Mozilla/5.0 (Windows NT 10.0; Win64; x64) AppleWebKit/537.36 (KHTML, like Gecko) Chrome/114.0.0.0 Safari/537.36',	'2023-06-14 12:29:28'),
(205,	1,	'103.178.205.55',	'Mozilla/5.0 (Windows NT 10.0; Win64; x64) AppleWebKit/537.36 (KHTML, like Gecko) Chrome/114.0.0.0 Safari/537.36',	'2023-06-16 09:39:17'),
(206,	1,	'103.178.205.18',	'Mozilla/5.0 (Windows NT 10.0; Win64; x64) AppleWebKit/537.36 (KHTML, like Gecko) Chrome/114.0.0.0 Safari/537.36',	'2023-06-16 09:39:19'),
(207,	1,	'103.178.204.71',	'Mozilla/5.0 (Windows NT 10.0; Win64; x64) AppleWebKit/537.36 (KHTML, like Gecko) Chrome/114.0.0.0 Safari/537.36',	'2023-06-17 09:44:24'),
(208,	1,	'103.177.252.53',	'Mozilla/5.0 (Windows NT 10.0; Win64; x64) AppleWebKit/537.36 (KHTML, like Gecko) Chrome/114.0.0.0 Safari/537.36',	'2023-06-17 12:16:07'),
(209,	1,	'103.178.204.71',	'Mozilla/5.0 (Windows NT 10.0; Win64; x64) AppleWebKit/537.36 (KHTML, like Gecko) Chrome/114.0.0.0 Safari/537.36',	'2023-06-17 13:23:51'),
(210,	1,	'103.178.204.71',	'Mozilla/5.0 (Windows NT 10.0; Win64; x64) AppleWebKit/537.36 (KHTML, like Gecko) Chrome/114.0.0.0 Safari/537.36',	'2023-06-17 14:05:19'),
(211,	1,	'103.179.230.50',	'Mozilla/5.0 (Windows NT 10.0; Win64; x64) AppleWebKit/537.36 (KHTML, like Gecko) Chrome/114.0.0.0 Safari/537.36',	'2023-06-17 19:20:05'),
(212,	1,	'103.178.204.123',	'Mozilla/5.0 (Windows NT 10.0; Win64; x64) AppleWebKit/537.36 (KHTML, like Gecko) Chrome/114.0.0.0 Safari/537.36',	'2023-06-19 08:49:39'),
(213,	1,	'103.178.204.23',	'Mozilla/5.0 (Windows NT 10.0; Win64; x64) AppleWebKit/537.36 (KHTML, like Gecko) Chrome/114.0.0.0 Safari/537.36',	'2023-06-19 11:05:05'),
(214,	1,	'103.178.204.123',	'Mozilla/5.0 (Linux; Android 10; K) AppleWebKit/537.36 (KHTML, like Gecko) Chrome/114.0.0.0 Mobile Safari/537.36',	'2023-06-19 11:43:05'),
(215,	1,	'103.178.204.123',	'Mozilla/5.0 (X11; Linux x86_64) AppleWebKit/537.36 (KHTML, like Gecko) Chrome/114.0.0.0 Safari/537.36',	'2023-06-19 11:45:03'),
(216,	1,	'103.178.204.123',	'Mozilla/5.0 (Linux; Android 10; K) AppleWebKit/537.36 (KHTML, like Gecko) Chrome/114.0.0.0 Mobile Safari/537.36',	'2023-06-19 11:46:39'),
(217,	1,	'103.178.204.123',	'Mozilla/5.0 (X11; Linux x86_64) AppleWebKit/537.36 (KHTML, like Gecko) Chrome/114.0.0.0 Safari/537.36',	'2023-06-19 11:52:49'),
(218,	1,	'152.58.200.0',	'Mozilla/5.0 (Linux; Android 10; K) AppleWebKit/537.36 (KHTML, like Gecko) Chrome/114.0.0.0 Mobile Safari/537.36',	'2023-06-19 11:56:53'),
(219,	1,	'103.178.204.123',	'Mozilla/5.0 (Windows NT 10.0; Win64; x64) AppleWebKit/537.36 (KHTML, like Gecko) Chrome/114.0.0.0 Safari/537.36',	'2023-06-19 13:55:06'),
(220,	1,	'103.149.159.33',	'Mozilla/5.0 (Windows NT 10.0; Win64; x64) AppleWebKit/537.36 (KHTML, like Gecko) Chrome/114.0.0.0 Safari/537.36',	'2023-06-19 14:34:21'),
(221,	1,	'103.178.204.123',	'Mozilla/5.0 (Windows NT 10.0; Win64; x64) AppleWebKit/537.36 (KHTML, like Gecko) Chrome/114.0.0.0 Safari/537.36',	'2023-06-19 16:32:23'),
(222,	1,	'103.178.204.123',	'Mozilla/5.0 (Windows NT 10.0; Win64; x64) AppleWebKit/537.36 (KHTML, like Gecko) Chrome/114.0.0.0 Safari/537.36',	'2023-06-19 17:21:19'),
(223,	1,	'103.177.253.102',	'Mozilla/5.0 (Windows NT 10.0; Win64; x64) AppleWebKit/537.36 (KHTML, like Gecko) Chrome/114.0.0.0 Safari/537.36',	'2023-06-20 08:41:14'),
(224,	1,	'103.177.253.102',	'Mozilla/5.0 (Windows NT 10.0; Win64; x64) AppleWebKit/537.36 (KHTML, like Gecko) Chrome/114.0.0.0 Safari/537.36',	'2023-06-20 16:28:45'),
(225,	1,	'103.179.230.26',	'Mozilla/5.0 (Windows NT 10.0; Win64; x64) AppleWebKit/537.36 (KHTML, like Gecko) Chrome/114.0.0.0 Safari/537.36',	'2023-06-21 11:13:08'),
(226,	1,	'103.179.230.26',	'Mozilla/5.0 (Windows NT 10.0; Win64; x64) AppleWebKit/537.36 (KHTML, like Gecko) Chrome/114.0.0.0 Safari/537.36',	'2023-06-21 12:30:46'),
(227,	1,	'103.177.253.21',	'Mozilla/5.0 (Windows NT 10.0; Win64; x64) AppleWebKit/537.36 (KHTML, like Gecko) Chrome/114.0.0.0 Safari/537.36',	'2023-06-22 09:43:33'),
(228,	1,	'103.177.253.82',	'Mozilla/5.0 (Windows NT 10.0; Win64; x64) AppleWebKit/537.36 (KHTML, like Gecko) Chrome/114.0.0.0 Safari/537.36',	'2023-06-22 10:49:26'),
(229,	1,	'103.177.253.82',	'Mozilla/5.0 (Windows NT 10.0; Win64; x64) AppleWebKit/537.36 (KHTML, like Gecko) Chrome/114.0.0.0 Safari/537.36',	'2023-06-23 09:25:30'),
(230,	1,	'103.155.223.21',	'Mozilla/5.0 (Windows NT 10.0; Win64; x64) AppleWebKit/537.36 (KHTML, like Gecko) Chrome/114.0.0.0 Safari/537.36',	'2023-06-23 09:31:24'),
(231,	1,	'103.155.223.21',	'Mozilla/5.0 (Windows NT 10.0; Win64; x64) AppleWebKit/537.36 (KHTML, like Gecko) Chrome/114.0.0.0 Safari/537.36',	'2023-06-23 10:44:47'),
(232,	1,	'103.149.158.66',	'Mozilla/5.0 (Windows NT 10.0; Win64; x64) AppleWebKit/537.36 (KHTML, like Gecko) Chrome/114.0.0.0 Safari/537.36',	'2023-06-26 08:45:02'),
(233,	1,	'103.149.158.66',	'Mozilla/5.0 (Windows NT 10.0; Win64; x64) AppleWebKit/537.36 (KHTML, like Gecko) Chrome/114.0.0.0 Safari/537.36',	'2023-06-26 15:09:28'),
(234,	1,	'103.149.159.28',	'Mozilla/5.0 (Windows NT 10.0; Win64; x64) AppleWebKit/537.36 (KHTML, like Gecko) Chrome/114.0.0.0 Safari/537.36',	'2023-06-26 17:13:42'),
(235,	1,	'103.149.159.28',	'Mozilla/5.0 (Windows NT 10.0; Win64; x64) AppleWebKit/537.36 (KHTML, like Gecko) Chrome/114.0.0.0 Safari/537.36',	'2023-06-26 17:25:53'),
(236,	1,	'103.149.158.66',	'Mozilla/5.0 (Windows NT 10.0; Win64; x64) AppleWebKit/537.36 (KHTML, like Gecko) Chrome/114.0.0.0 Safari/537.36',	'2023-06-26 17:31:04'),
(237,	1,	'103.178.204.75',	'Mozilla/5.0 (Windows NT 10.0; Win64; x64) AppleWebKit/537.36 (KHTML, like Gecko) Chrome/114.0.0.0 Safari/537.36',	'2023-06-27 08:35:54'),
(238,	1,	'103.178.205.97',	'Mozilla/5.0 (Windows NT 10.0; Win64; x64) AppleWebKit/537.36 (KHTML, like Gecko) Chrome/114.0.0.0 Safari/537.36',	'2023-06-29 08:37:51'),
(239,	1,	'103.149.159.80',	'Mozilla/5.0 (Windows NT 10.0; Win64; x64) AppleWebKit/537.36 (KHTML, like Gecko) Chrome/114.0.0.0 Safari/537.36',	'2023-06-30 08:40:40'),
(240,	1,	'103.177.253.100',	'Mozilla/5.0 (Windows NT 10.0; Win64; x64) AppleWebKit/537.36 (KHTML, like Gecko) Chrome/114.0.0.0 Safari/537.36',	'2023-07-01 08:40:09'),
(241,	1,	'103.178.205.93',	'Mozilla/5.0 (Windows NT 10.0; Win64; x64) AppleWebKit/537.36 (KHTML, like Gecko) Chrome/114.0.0.0 Safari/537.36',	'2023-07-03 08:37:09'),
(242,	1,	'103.178.205.93',	'Mozilla/5.0 (Windows NT 10.0; Win64; x64) AppleWebKit/537.36 (KHTML, like Gecko) Chrome/114.0.0.0 Safari/537.36',	'2023-07-03 13:04:00'),
(243,	1,	'103.177.253.57',	'Mozilla/5.0 (Windows NT 10.0; Win64; x64) AppleWebKit/537.36 (KHTML, like Gecko) Chrome/114.0.0.0 Safari/537.36',	'2023-07-03 16:12:59'),
(244,	1,	'103.155.223.13',	'Mozilla/5.0 (Windows NT 10.0; Win64; x64) AppleWebKit/537.36 (KHTML, like Gecko) Chrome/114.0.0.0 Safari/537.36',	'2023-07-04 08:45:07'),
(245,	1,	'103.149.158.12',	'Mozilla/5.0 (Windows NT 10.0; Win64; x64) AppleWebKit/537.36 (KHTML, like Gecko) Chrome/114.0.0.0 Safari/537.36',	'2023-07-06 10:08:37'),
(246,	1,	'103.155.222.43',	'Mozilla/5.0 (Windows NT 10.0; Win64; x64) AppleWebKit/537.36 (KHTML, like Gecko) Chrome/114.0.0.0 Safari/537.36',	'2023-07-06 10:37:38'),
(247,	1,	'103.155.222.43',	'Mozilla/5.0 (Windows NT 10.0; Win64; x64) AppleWebKit/537.36 (KHTML, like Gecko) Chrome/114.0.0.0 Safari/537.36',	'2023-07-06 11:21:53'),
(248,	1,	'103.155.222.43',	'Mozilla/5.0 (Windows NT 10.0; Win64; x64) AppleWebKit/537.36 (KHTML, like Gecko) Chrome/114.0.0.0 Safari/537.36',	'2023-07-06 11:23:57'),
(249,	1,	'103.170.55.58',	'Mozilla/5.0 (Windows NT 10.0; Win64; x64) AppleWebKit/537.36 (KHTML, like Gecko) Chrome/114.0.0.0 Safari/537.36',	'2023-07-06 11:26:33'),
(250,	1,	'103.155.222.43',	'Mozilla/5.0 (Windows NT 10.0; Win64; x64) AppleWebKit/537.36 (KHTML, like Gecko) Chrome/114.0.0.0 Safari/537.36',	'2023-07-06 11:42:30'),
(251,	1,	'103.155.222.43',	'Mozilla/5.0 (Windows NT 10.0; Win64; x64) AppleWebKit/537.36 (KHTML, like Gecko) Chrome/114.0.0.0 Safari/537.36',	'2023-07-06 11:42:40'),
(252,	1,	'103.170.55.58',	'Mozilla/5.0 (Windows NT 10.0; Win64; x64) AppleWebKit/537.36 (KHTML, like Gecko) Chrome/114.0.0.0 Safari/537.36',	'2023-07-06 18:26:04'),
(253,	1,	'103.170.54.16',	'Mozilla/5.0 (Windows NT 10.0; Win64; x64) AppleWebKit/537.36 (KHTML, like Gecko) Chrome/114.0.0.0 Safari/537.36',	'2023-07-07 08:35:31'),
(254,	1,	'103.170.54.16',	'Mozilla/5.0 (Windows NT 10.0; Win64; x64) AppleWebKit/537.36 (KHTML, like Gecko) Chrome/114.0.0.0 Safari/537.36',	'2023-07-07 08:35:45'),
(255,	1,	'103.149.158.86',	'Mozilla/5.0 (Windows NT 10.0; Win64; x64) AppleWebKit/537.36 (KHTML, like Gecko) Chrome/114.0.0.0 Safari/537.36',	'2023-07-07 08:36:36'),
(256,	1,	'103.42.199.17',	'Mozilla/5.0 (Windows NT 10.0; Win64; x64) AppleWebKit/537.36 (KHTML, like Gecko) Chrome/114.0.0.0 Safari/537.36',	'2023-07-10 08:35:53'),
(257,	1,	'103.170.55.78',	'Mozilla/5.0 (Windows NT 10.0; Win64; x64) AppleWebKit/537.36 (KHTML, like Gecko) Chrome/114.0.0.0 Safari/537.36',	'2023-07-10 08:37:36'),
(258,	1,	'103.149.158.68',	'Mozilla/5.0 (Windows NT 10.0; Win64; x64) AppleWebKit/537.36 (KHTML, like Gecko) Chrome/114.0.0.0 Safari/537.36',	'2023-07-11 08:35:56'),
(259,	1,	'103.42.199.17',	'Mozilla/5.0 (Windows NT 10.0; Win64; x64) AppleWebKit/537.36 (KHTML, like Gecko) Chrome/114.0.0.0 Safari/537.36',	'2023-07-11 10:24:57'),
(260,	1,	'103.178.205.109',	'Mozilla/5.0 (Windows NT 10.0; Win64; x64) AppleWebKit/537.36 (KHTML, like Gecko) Chrome/114.0.0.0 Safari/537.36',	'2023-07-12 08:36:06'),
(261,	1,	'103.178.205.36',	'Mozilla/5.0 (Windows NT 10.0; Win64; x64) AppleWebKit/537.36 (KHTML, like Gecko) Chrome/114.0.0.0 Safari/537.36',	'2023-07-12 08:39:10'),
(262,	1,	'103.178.205.109',	'Mozilla/5.0 (Windows NT 10.0; Win64; x64) AppleWebKit/537.36 (KHTML, like Gecko) Chrome/114.0.0.0 Safari/537.36',	'2023-07-12 09:34:19'),
(263,	1,	'103.170.55.68',	'Mozilla/5.0 (Windows NT 10.0; Win64; x64) AppleWebKit/537.36 (KHTML, like Gecko) Chrome/114.0.0.0 Safari/537.36',	'2023-07-13 08:35:03'),
(264,	1,	'103.178.205.36',	'Mozilla/5.0 (Windows NT 10.0; Win64; x64) AppleWebKit/537.36 (KHTML, like Gecko) Chrome/114.0.0.0 Safari/537.36',	'2023-07-13 12:05:56'),
(265,	1,	'103.178.205.36',	'Mozilla/5.0 (Windows NT 10.0; Win64; x64) AppleWebKit/537.36 (KHTML, like Gecko) Chrome/114.0.0.0 Safari/537.36',	'2023-07-14 08:31:27'),
(266,	1,	'103.178.204.117',	'Mozilla/5.0 (Windows NT 10.0; Win64; x64) AppleWebKit/537.36 (KHTML, like Gecko) Chrome/114.0.0.0 Safari/537.36',	'2023-07-14 08:35:17'),
(267,	1,	'103.178.205.4',	'Mozilla/5.0 (Windows NT 10.0; Win64; x64) AppleWebKit/537.36 (KHTML, like Gecko) Chrome/114.0.0.0 Safari/537.36',	'2023-07-14 13:13:30'),
(268,	1,	'103.178.204.77',	'Mozilla/5.0 (Windows NT 10.0; Win64; x64) AppleWebKit/537.36 (KHTML, like Gecko) Chrome/114.0.0.0 Safari/537.36',	'2023-07-15 08:38:44'),
(269,	1,	'103.178.204.50',	'Mozilla/5.0 (Windows NT 10.0; Win64; x64) AppleWebKit/537.36 (KHTML, like Gecko) Chrome/114.0.0.0 Safari/537.36',	'2023-07-15 12:59:37'),
(270,	1,	'103.149.159.70',	'Mozilla/5.0 (Windows NT 10.0; Win64; x64) AppleWebKit/537.36 (KHTML, like Gecko) Chrome/114.0.0.0 Safari/537.36',	'2023-07-17 08:37:23'),
(271,	1,	'103.178.204.50',	'Mozilla/5.0 (Windows NT 10.0; Win64; x64) AppleWebKit/537.36 (KHTML, like Gecko) Chrome/114.0.0.0 Safari/537.36',	'2023-07-17 09:41:51'),
(272,	1,	'103.149.158.18',	'Mozilla/5.0 (Windows NT 10.0; Win64; x64) AppleWebKit/537.36 (KHTML, like Gecko) Chrome/114.0.0.0 Safari/537.36',	'2023-07-17 17:04:56'),
(273,	1,	'103.178.204.50',	'Mozilla/5.0 (Windows NT 10.0; Win64; x64) AppleWebKit/537.36 (KHTML, like Gecko) Chrome/114.0.0.0 Safari/537.36',	'2023-07-18 08:36:52'),
(274,	1,	'103.170.55.51',	'Mozilla/5.0 (Windows NT 10.0; Win64; x64) AppleWebKit/537.36 (KHTML, like Gecko) Chrome/114.0.0.0 Safari/537.36',	'2023-07-18 08:37:25'),
(275,	1,	'103.177.253.67',	'Mozilla/5.0 (Windows NT 10.0; Win64; x64) AppleWebKit/537.36 (KHTML, like Gecko) Chrome/114.0.0.0 Safari/537.36',	'2023-07-19 08:36:44'),
(276,	1,	'103.178.204.50',	'Mozilla/5.0 (Windows NT 10.0; Win64; x64) AppleWebKit/537.36 (KHTML, like Gecko) Chrome/114.0.0.0 Safari/537.36',	'2023-07-19 10:04:29'),
(277,	1,	'103.177.252.9',	'Mozilla/5.0 (Windows NT 10.0; Win64; x64) AppleWebKit/537.36 (KHTML, like Gecko) Chrome/114.0.0.0 Safari/537.36',	'2023-07-19 10:54:32'),
(278,	1,	'103.177.253.100',	'Mozilla/5.0 (Windows NT 10.0; Win64; x64) AppleWebKit/537.36 (KHTML, like Gecko) Chrome/114.0.0.0 Safari/537.36',	'2023-07-20 08:36:52'),
(279,	1,	'103.155.222.23',	'Mozilla/5.0 (Windows NT 10.0; Win64; x64) AppleWebKit/537.36 (KHTML, like Gecko) Chrome/114.0.0.0 Safari/537.36',	'2023-07-20 09:30:00'),
(280,	1,	'106.216.140.6',	'Mozilla/5.0 (Windows NT 10.0; Win64; x64) AppleWebKit/537.36 (KHTML, like Gecko) Chrome/114.0.0.0 Safari/537.36',	'2023-07-20 12:56:25'),
(281,	1,	'103.155.222.23',	'Mozilla/5.0 (Windows NT 10.0; Win64; x64) AppleWebKit/537.36 (KHTML, like Gecko) Chrome/114.0.0.0 Safari/537.36',	'2023-07-21 08:34:29'),
(282,	1,	'103.170.55.75',	'Mozilla/5.0 (Windows NT 10.0; Win64; x64) AppleWebKit/537.36 (KHTML, like Gecko) Chrome/114.0.0.0 Safari/537.36',	'2023-07-21 08:37:57'),
(283,	1,	'103.170.55.75',	'Mozilla/5.0 (Windows NT 10.0; Win64; x64) AppleWebKit/537.36 (KHTML, like Gecko) Chrome/114.0.0.0 Safari/537.36',	'2023-07-21 11:02:41'),
(284,	1,	'103.177.253.158',	'Mozilla/5.0 (Windows NT 10.0; Win64; x64) AppleWebKit/537.36 (KHTML, like Gecko) Chrome/114.0.0.0 Safari/537.36',	'2023-07-24 08:34:29'),
(285,	1,	'103.149.158.22',	'Mozilla/5.0 (Windows NT 10.0; Win64; x64) AppleWebKit/537.36 (KHTML, like Gecko) Chrome/114.0.0.0 Safari/537.36',	'2023-07-24 09:49:15'),
(286,	1,	'103.149.158.22',	'Mozilla/5.0 (Windows NT 10.0; Win64; x64) AppleWebKit/537.36 (KHTML, like Gecko) Chrome/114.0.0.0 Safari/537.36',	'2023-07-24 11:46:52'),
(287,	1,	'111.92.20.148',	'Mozilla/5.0 (Windows NT 10.0; Win64; x64) AppleWebKit/537.36 (KHTML, like Gecko) Chrome/114.0.0.0 Safari/537.36',	'2023-07-24 11:49:48'),
(288,	1,	'103.170.55.170',	'Mozilla/5.0 (Windows NT 10.0; Win64; x64) AppleWebKit/537.36 (KHTML, like Gecko) Chrome/114.0.0.0 Safari/537.36',	'2023-07-25 08:34:43'),
(289,	1,	'103.149.158.22',	'Mozilla/5.0 (Windows NT 10.0; Win64; x64) AppleWebKit/537.36 (KHTML, like Gecko) Chrome/114.0.0.0 Safari/537.36',	'2023-07-25 08:47:53'),
(290,	1,	'111.92.20.148',	'Mozilla/5.0 (Windows NT 10.0; Win64; x64) AppleWebKit/537.36 (KHTML, like Gecko) Chrome/114.0.0.0 Safari/537.36',	'2023-07-25 09:27:27'),
(291,	1,	'103.170.54.10',	'Mozilla/5.0 (Windows NT 10.0; Win64; x64) AppleWebKit/537.36 (KHTML, like Gecko) Chrome/114.0.0.0 Safari/537.36',	'2023-07-25 17:04:21'),
(292,	1,	'103.155.223.169',	'Mozilla/5.0 (Windows NT 10.0; Win64; x64) AppleWebKit/537.36 (KHTML, like Gecko) Chrome/114.0.0.0 Safari/537.36',	'2023-07-26 08:34:32'),
(293,	1,	'111.92.20.148',	'Mozilla/5.0 (Windows NT 10.0; Win64; x64) AppleWebKit/537.36 (KHTML, like Gecko) Chrome/114.0.0.0 Safari/537.36',	'2023-07-26 08:41:49'),
(294,	1,	'103.149.158.22',	'Mozilla/5.0 (Windows NT 10.0; Win64; x64) AppleWebKit/537.36 (KHTML, like Gecko) Chrome/114.0.0.0 Safari/537.36',	'2023-07-26 09:31:55'),
(295,	1,	'103.177.252.137',	'Mozilla/5.0 (Windows NT 10.0; Win64; x64) AppleWebKit/537.36 (KHTML, like Gecko) Chrome/114.0.0.0 Safari/537.36',	'2023-07-26 17:21:01'),
(296,	1,	'49.37.233.50',	'Mozilla/5.0 (Windows NT 10.0; Win64; x64) AppleWebKit/537.36 (KHTML, like Gecko) Chrome/114.0.0.0 Safari/537.36',	'2023-07-26 18:47:01'),
(297,	1,	'49.37.232.220',	'Mozilla/5.0 (Windows NT 10.0; Win64; x64) AppleWebKit/537.36 (KHTML, like Gecko) Chrome/115.0.0.0 Safari/537.36',	'2023-07-27 08:52:56'),
(298,	1,	'103.155.222.61',	'Mozilla/5.0 (Windows NT 10.0; Win64; x64) AppleWebKit/537.36 (KHTML, like Gecko) Chrome/114.0.0.0 Safari/537.36',	'2023-07-27 09:10:30'),
(299,	1,	'103.170.55.143',	'Mozilla/5.0 (Windows NT 10.0; Win64; x64) AppleWebKit/537.36 (KHTML, like Gecko) Chrome/114.0.0.0 Safari/537.36',	'2023-07-27 09:56:22'),
(300,	1,	'103.155.223.136',	'Mozilla/5.0 (Windows NT 10.0; Win64; x64) AppleWebKit/537.36 (KHTML, like Gecko) Chrome/114.0.0.0 Safari/537.36',	'2023-07-27 12:57:10'),
(301,	1,	'86.97.52.23',	'Mozilla/5.0 (iPhone; CPU iPhone OS 16_5_1 like Mac OS X) AppleWebKit/605.1.15 (KHTML, like Gecko) Version/16.5.2 Mobile/15E148 Safari/604.1',	'2023-07-28 00:55:27'),
(302,	1,	'86.97.52.23',	'Mozilla/5.0 (iPhone; CPU iPhone OS 16_5_1 like Mac OS X) AppleWebKit/605.1.15 (KHTML, like Gecko) FxiOS/115.1  Mobile/15E148 Safari/605.1.15',	'2023-07-28 01:01:57'),
(303,	1,	'2.48.58.253',	'Mozilla/5.0 (Macintosh; Intel Mac OS X 10_15_7) AppleWebKit/605.1.15 (KHTML, like Gecko) Version/16.0 Safari/605.1.15',	'2023-07-28 01:02:28'),
(304,	1,	'49.37.234.94',	'Mozilla/5.0 (Windows NT 10.0; Win64; x64) AppleWebKit/537.36 (KHTML, like Gecko) Chrome/115.0.0.0 Safari/537.36',	'2023-07-28 08:34:50'),
(305,	1,	'103.177.253.191',	'Mozilla/5.0 (Windows NT 10.0; Win64; x64) AppleWebKit/537.36 (KHTML, like Gecko) Chrome/115.0.0.0 Safari/537.36',	'2023-07-28 08:36:03'),
(306,	1,	'103.155.222.61',	'Mozilla/5.0 (Windows NT 10.0; Win64; x64) AppleWebKit/537.36 (KHTML, like Gecko) Chrome/115.0.0.0 Safari/537.36',	'2023-07-28 11:20:56'),
(307,	1,	'2.50.50.59',	'Mozilla/5.0 (Windows NT 10.0; Win64; x64; rv:109.0) Gecko/20100101 Firefox/115.0',	'2023-07-28 15:15:48'),
(308,	1,	'2.50.50.59',	'Mozilla/5.0 (Windows NT 10.0; Win64; x64; rv:109.0) Gecko/20100101 Firefox/115.0',	'2023-07-28 15:23:03'),
(309,	1,	'106.194.40.230',	'Mozilla/5.0 (iPhone; CPU iPhone OS 16_4_1 like Mac OS X) AppleWebKit/605.1.15 (KHTML, like Gecko) Version/16.4 Mobile/15E148 Safari/604.1',	'2023-07-28 16:17:38'),
(310,	1,	'49.37.225.13',	'Mozilla/5.0 (Windows NT 10.0; Win64; x64) AppleWebKit/537.36 (KHTML, like Gecko) Chrome/115.0.0.0 Safari/537.36',	'2023-07-29 07:55:50'),
(311,	1,	'27.59.232.28',	'Mozilla/5.0 (Windows NT 10.0; Win64; x64) AppleWebKit/537.36 (KHTML, like Gecko) Chrome/115.0.0.0 Safari/537.36',	'2023-07-29 09:08:59'),
(312,	1,	'103.170.55.59',	'Mozilla/5.0 (Windows NT 10.0; Win64; x64) AppleWebKit/537.36 (KHTML, like Gecko) Chrome/115.0.0.0 Safari/537.36',	'2023-07-29 09:17:06'),
(313,	1,	'103.170.55.190',	'Mozilla/5.0 (Windows NT 10.0; Win64; x64) AppleWebKit/537.36 (KHTML, like Gecko) Chrome/115.0.0.0 Safari/537.36',	'2023-07-29 09:58:35'),
(314,	1,	'2.50.50.59',	'Mozilla/5.0 (Windows NT 10.0; Win64; x64; rv:109.0) Gecko/20100101 Firefox/115.0',	'2023-07-29 12:47:00'),
(315,	1,	'2.50.50.59',	'Mozilla/5.0 (Windows NT 10.0; Win64; x64; rv:109.0) Gecko/20100101 Firefox/115.0',	'2023-07-29 13:00:07'),
(316,	1,	'106.206.216.15',	'Mozilla/5.0 (Windows NT 10.0; Win64; x64) AppleWebKit/537.36 (KHTML, like Gecko) Chrome/115.0.0.0 Safari/537.36',	'2023-07-29 13:54:33'),
(317,	1,	'103.170.55.190',	'Mozilla/5.0 (Windows NT 10.0; Win64; x64) AppleWebKit/537.36 (KHTML, like Gecko) Chrome/115.0.0.0 Safari/537.36',	'2023-07-29 14:58:49'),
(318,	1,	'103.177.253.174',	'Mozilla/5.0 (Windows NT 10.0; Win64; x64) AppleWebKit/537.36 (KHTML, like Gecko) Chrome/115.0.0.0 Safari/537.36',	'2023-07-31 08:35:18'),
(319,	1,	'49.37.227.242',	'Mozilla/5.0 (Windows NT 10.0; Win64; x64) AppleWebKit/537.36 (KHTML, like Gecko) Chrome/115.0.0.0 Safari/537.36',	'2023-07-31 09:03:41'),
(320,	1,	'103.170.55.59',	'Mozilla/5.0 (Windows NT 10.0; Win64; x64) AppleWebKit/537.36 (KHTML, like Gecko) Chrome/115.0.0.0 Safari/537.36',	'2023-07-31 11:01:49'),
(321,	1,	'2.50.50.59',	'Mozilla/5.0 (Windows NT 10.0; Win64; x64; rv:109.0) Gecko/20100101 Firefox/115.0',	'2023-07-31 17:08:20'),
(322,	1,	'103.170.55.59',	'Mozilla/5.0 (Windows NT 10.0; Win64; x64) AppleWebKit/537.36 (KHTML, like Gecko) Chrome/115.0.0.0 Safari/537.36',	'2023-08-01 08:34:58'),
(323,	1,	'103.177.252.137',	'Mozilla/5.0 (Windows NT 10.0; Win64; x64) AppleWebKit/537.36 (KHTML, like Gecko) Chrome/115.0.0.0 Safari/537.36',	'2023-08-01 08:47:22'),
(324,	1,	'2.50.50.59',	'Mozilla/5.0 (Windows NT 10.0; Win64; x64; rv:109.0) Gecko/20100101 Firefox/115.0',	'2023-08-01 15:54:09'),
(325,	1,	'2.50.50.59',	'Mozilla/5.0 (Windows NT 10.0; Win64; x64; rv:109.0) Gecko/20100101 Firefox/115.0',	'2023-08-01 15:57:44'),
(326,	1,	'49.37.235.153',	'Mozilla/5.0 (Windows NT 10.0; Win64; x64) AppleWebKit/537.36 (KHTML, like Gecko) Chrome/115.0.0.0 Safari/537.36',	'2023-08-02 08:14:12'),
(327,	1,	'103.170.55.59',	'Mozilla/5.0 (Windows NT 10.0; Win64; x64) AppleWebKit/537.36 (KHTML, like Gecko) Chrome/115.0.0.0 Safari/537.36',	'2023-08-02 08:39:20'),
(328,	1,	'103.149.159.48',	'Mozilla/5.0 (Windows NT 10.0; Win64; x64) AppleWebKit/537.36 (KHTML, like Gecko) Chrome/115.0.0.0 Safari/537.36',	'2023-08-02 10:08:10'),
(329,	1,	'103.178.205.160',	'Mozilla/5.0 (Windows NT 10.0; Win64; x64) AppleWebKit/537.36 (KHTML, like Gecko) Chrome/115.0.0.0 Safari/537.36',	'2023-08-04 17:49:46'),
(330,	1,	'103.149.158.13',	'Mozilla/5.0 (Windows NT 10.0; Win64; x64) AppleWebKit/537.36 (KHTML, like Gecko) Chrome/115.0.0.0 Safari/537.36',	'2023-08-05 10:44:11'),
(331,	1,	'2.50.50.59',	'Mozilla/5.0 (Windows NT 10.0; Win64; x64; rv:109.0) Gecko/20100101 Firefox/115.0',	'2023-08-07 16:42:41'),
(332,	1,	'103.170.54.40',	'Mozilla/5.0 (Windows NT 10.0; Win64; x64) AppleWebKit/537.36 (KHTML, like Gecko) Chrome/115.0.0.0 Safari/537.36',	'2023-08-08 14:35:59'),
(333,	1,	'103.170.54.40',	'Mozilla/5.0 (Windows NT 10.0; Win64; x64) AppleWebKit/537.36 (KHTML, like Gecko) Chrome/115.0.0.0 Safari/537.36',	'2023-08-09 11:53:30'),
(334,	1,	'103.149.159.51',	'Mozilla/5.0 (Windows NT 10.0; Win64; x64) AppleWebKit/537.36 (KHTML, like Gecko) Chrome/115.0.0.0 Safari/537.36',	'2023-08-10 17:10:29'),
(335,	1,	'2.50.50.59',	'Mozilla/5.0 (Windows NT 10.0; Win64; x64; rv:109.0) Gecko/20100101 Firefox/116.0',	'2023-08-11 14:40:17'),
(336,	1,	'103.155.223.4',	'Mozilla/5.0 (Windows NT 10.0; Win64; x64) AppleWebKit/537.36 (KHTML, like Gecko) Chrome/115.0.0.0 Safari/537.36',	'2023-08-11 14:57:44'),
(337,	1,	'103.155.223.4',	'Mozilla/5.0 (Linux; Android 10; K) AppleWebKit/537.36 (KHTML, like Gecko) Chrome/115.0.0.0 Mobile Safari/537.36',	'2023-08-11 14:59:20'),
(338,	1,	'103.155.222.60',	'Mozilla/5.0 (Windows NT 10.0; Win64; x64) AppleWebKit/537.36 (KHTML, like Gecko) Chrome/115.0.0.0 Safari/537.36',	'2023-08-13 08:35:07'),
(339,	1,	'2.50.50.59',	'Mozilla/5.0 (Windows NT 10.0; Win64; x64; rv:109.0) Gecko/20100101 Firefox/116.0',	'2023-08-14 11:35:16'),
(340,	1,	'2.50.50.59',	'Mozilla/5.0 (Windows NT 10.0; Win64; x64; rv:109.0) Gecko/20100101 Firefox/116.0',	'2023-08-18 11:15:57'),
(341,	1,	'103.155.223.42',	'Mozilla/5.0 (Windows NT 10.0; Win64; x64) AppleWebKit/537.36 (KHTML, like Gecko) Chrome/116.0.0.0 Safari/537.36',	'2023-08-24 16:01:46'),
(342,	1,	'152.58.200.78',	'Mozilla/5.0 (Windows NT 10.0; Win64; x64; rv:109.0) Gecko/20100101 Firefox/115.0',	'2023-08-24 20:41:25'),
(343,	1,	'103.155.223.42',	'Mozilla/5.0 (Windows NT 10.0; Win64; x64) AppleWebKit/537.36 (KHTML, like Gecko) Chrome/116.0.0.0 Safari/537.36',	'2023-08-25 08:59:03'),
(344,	1,	'27.63.198.92',	'Mozilla/5.0 (Linux; Android 10; K) AppleWebKit/537.36 (KHTML, like Gecko) Chrome/116.0.0.0 Mobile Safari/537.36',	'2023-08-27 13:30:31'),
(345,	1,	'103.179.230.29',	'Mozilla/5.0 (Windows NT 10.0; Win64; x64) AppleWebKit/537.36 (KHTML, like Gecko) Chrome/116.0.0.0 Safari/537.36',	'2023-08-31 08:41:41'),
(346,	1,	'103.179.230.29',	'Mozilla/5.0 (Windows NT 10.0; Win64; x64) AppleWebKit/537.36 (KHTML, like Gecko) Chrome/116.0.0.0 Safari/537.36',	'2023-09-01 13:00:57'),
(347,	1,	'103.155.223.39',	'Mozilla/5.0 (Windows NT 10.0; Win64; x64) AppleWebKit/537.36 (KHTML, like Gecko) Chrome/116.0.0.0 Safari/537.36',	'2023-09-04 14:25:51'),
(348,	1,	'111.92.20.148',	'Mozilla/5.0 (Windows NT 10.0; Win64; x64) AppleWebKit/537.36 (KHTML, like Gecko) Chrome/116.0.0.0 Safari/537.36',	'2023-09-04 18:19:12'),
(349,	1,	'103.155.223.39',	'Mozilla/5.0 (Windows NT 10.0; Win64; x64) AppleWebKit/537.36 (KHTML, like Gecko) Chrome/116.0.0.0 Safari/537.36',	'2023-09-05 09:37:29'),
(350,	1,	'111.92.20.148',	'Mozilla/5.0 (Windows NT 10.0; Win64; x64) AppleWebKit/537.36 (KHTML, like Gecko) Chrome/116.0.0.0 Safari/537.36',	'2023-09-05 09:42:50'),
(351,	1,	'111.92.20.148',	'Mozilla/5.0 (Windows NT 10.0; Win64; x64) AppleWebKit/537.36 (KHTML, like Gecko) Chrome/116.0.0.0 Safari/537.36',	'2023-09-06 09:26:47'),
(352,	1,	'103.155.223.39',	'Mozilla/5.0 (Windows NT 10.0; Win64; x64) AppleWebKit/537.36 (KHTML, like Gecko) Chrome/116.0.0.0 Safari/537.36',	'2023-09-06 09:37:58'),
(353,	1,	'111.92.20.148',	'Mozilla/5.0 (Windows NT 10.0; Win64; x64) AppleWebKit/537.36 (KHTML, like Gecko) Chrome/116.0.0.0 Safari/537.36',	'2023-09-07 08:38:33'),
(354,	1,	'103.179.230.52',	'Mozilla/5.0 (Windows NT 10.0; Win64; x64) AppleWebKit/537.36 (KHTML, like Gecko) Chrome/116.0.0.0 Safari/537.36',	'2023-09-07 09:38:33'),
(355,	1,	'92.97.234.48',	'Mozilla/5.0 (Macintosh; Intel Mac OS X 10_15_7) AppleWebKit/537.36 (KHTML, like Gecko) Chrome/116.0.0.0 Safari/537.36',	'2023-09-08 07:25:08'),
(356,	1,	'111.92.20.148',	'Mozilla/5.0 (Windows NT 10.0; Win64; x64) AppleWebKit/537.36 (KHTML, like Gecko) Chrome/116.0.0.0 Safari/537.36',	'2023-09-08 08:32:44'),
(357,	1,	'103.179.230.52',	'Mozilla/5.0 (Windows NT 10.0; Win64; x64) AppleWebKit/537.36 (KHTML, like Gecko) Chrome/116.0.0.0 Safari/537.36',	'2023-09-08 08:35:42'),
(358,	1,	'2.50.44.234',	'Mozilla/5.0 (Windows NT 10.0; Win64; x64) AppleWebKit/537.36 (KHTML, like Gecko) Chrome/116.0.0.0 Safari/537.36',	'2023-09-08 09:34:57'),
(359,	1,	'111.92.20.148',	'Mozilla/5.0 (Windows NT 10.0; Win64; x64) AppleWebKit/537.36 (KHTML, like Gecko) Chrome/116.0.0.0 Safari/537.36',	'2023-09-11 10:06:14'),
(360,	1,	'103.179.230.42',	'Mozilla/5.0 (Windows NT 10.0; Win64; x64) AppleWebKit/537.36 (KHTML, like Gecko) Chrome/116.0.0.0 Safari/537.36',	'2023-09-11 15:17:45'),
(361,	1,	'103.179.230.42',	'Mozilla/5.0 (Windows NT 10.0; Win64; x64) AppleWebKit/537.36 (KHTML, like Gecko) Chrome/116.0.0.0 Safari/537.36',	'2023-09-12 10:27:07'),
(362,	1,	'111.92.20.148',	'Mozilla/5.0 (Windows NT 10.0; Win64; x64) AppleWebKit/537.36 (KHTML, like Gecko) Chrome/116.0.0.0 Safari/537.36',	'2023-09-12 13:12:05'),
(363,	1,	'103.179.230.42',	'Mozilla/5.0 (Windows NT 10.0; Win64; x64) AppleWebKit/537.36 (KHTML, like Gecko) Chrome/116.0.0.0 Safari/537.36',	'2023-09-12 15:08:50'),
(364,	1,	'111.92.20.148',	'Mozilla/5.0 (Windows NT 10.0; Win64; x64) AppleWebKit/537.36 (KHTML, like Gecko) Chrome/117.0.0.0 Safari/537.36',	'2023-09-13 09:13:48'),
(365,	1,	'103.149.159.30',	'Mozilla/5.0 (Windows NT 10.0; Win64; x64) AppleWebKit/537.36 (KHTML, like Gecko) Chrome/116.0.0.0 Safari/537.36',	'2023-09-13 15:06:27'),
(366,	1,	'152.58.203.116',	'Mozilla/5.0 (Linux; Android 13; SAMSUNG SM-S906E) AppleWebKit/537.36 (KHTML, like Gecko) SamsungBrowser/22.0 Chrome/111.0.5563.116 Mobile Safari/537.36',	'2023-09-15 07:23:30'),
(367,	1,	'152.58.203.116',	'Mozilla/5.0 (X11; Linux x86_64) AppleWebKit/537.36 (KHTML, like Gecko) SamsungBrowser/22.0 Chrome/111.0.5563.116 Safari/537.36',	'2023-09-15 07:23:49'),
(368,	1,	'103.177.253.61',	'Mozilla/5.0 (Windows NT 10.0; Win64; x64) AppleWebKit/537.36 (KHTML, like Gecko) Chrome/116.0.0.0 Safari/537.36',	'2023-09-15 08:59:13'),
(369,	1,	'111.92.20.148',	'Mozilla/5.0 (Windows NT 10.0; Win64; x64) AppleWebKit/537.36 (KHTML, like Gecko) Chrome/117.0.0.0 Safari/537.36',	'2023-09-15 10:43:03'),
(370,	1,	'103.155.222.0',	'Mozilla/5.0 (Windows NT 10.0; Win64; x64) AppleWebKit/537.36 (KHTML, like Gecko) Chrome/116.0.0.0 Safari/537.36',	'2023-09-15 18:36:59'),
(371,	1,	'49.37.226.28',	'Mozilla/5.0 (Windows NT 10.0; Win64; x64) AppleWebKit/537.36 (KHTML, like Gecko) Chrome/117.0.0.0 Safari/537.36',	'2023-09-18 11:14:35'),
(372,	1,	'103.170.54.13',	'Mozilla/5.0 (Windows NT 10.0; Win64; x64) AppleWebKit/537.36 (KHTML, like Gecko) Chrome/116.0.0.0 Safari/537.36',	'2023-09-19 08:36:01'),
(373,	1,	'103.149.158.17',	'Mozilla/5.0 (Windows NT 10.0; Win64; x64) AppleWebKit/537.36 (KHTML, like Gecko) Chrome/116.0.0.0 Safari/537.36',	'2023-09-21 15:22:28'),
(374,	1,	'103.155.222.54',	'Mozilla/5.0 (Windows NT 10.0; Win64; x64) AppleWebKit/537.36 (KHTML, like Gecko) Chrome/117.0.0.0 Safari/537.36',	'2023-10-12 11:31:05'),
(375,	1,	'223.227.126.232',	'Mozilla/5.0 (Windows NT 10.0; Win64; x64) AppleWebKit/537.36 (KHTML, like Gecko) Chrome/118.0.0.0 Safari/537.36',	'2023-10-20 17:28:08'),
(376,	1,	'49.37.234.235',	'Mozilla/5.0 (Windows NT 10.0; Win64; x64) AppleWebKit/537.36 (KHTML, like Gecko) Chrome/118.0.0.0 Safari/537.36',	'2023-10-21 14:21:34'),
(377,	1,	'103.155.222.40',	'Mozilla/5.0 (Windows NT 10.0; Win64; x64) AppleWebKit/537.36 (KHTML, like Gecko) Chrome/118.0.0.0 Safari/537.36',	'2023-10-24 10:59:19'),
(378,	1,	'217.165.14.90',	'Mozilla/5.0 (Windows NT 10.0; Win64; x64; rv:109.0) Gecko/20100101 Firefox/118.0',	'2023-10-24 13:20:34'),
(379,	1,	'217.165.14.90',	'Mozilla/5.0 (Windows NT 10.0; Win64; x64; rv:109.0) Gecko/20100101 Firefox/118.0',	'2023-10-26 10:21:10'),
(380,	1,	'103.155.222.40',	'Mozilla/5.0 (Windows NT 10.0; Win64; x64) AppleWebKit/537.36 (KHTML, like Gecko) Chrome/118.0.0.0 Safari/537.36',	'2023-10-26 16:15:52'),
(381,	1,	'103.179.230.55',	'Mozilla/5.0 (Windows NT 10.0; Win64; x64) AppleWebKit/537.36 (KHTML, like Gecko) Chrome/118.0.0.0 Safari/537.36',	'2023-10-26 16:16:19'),
(382,	1,	'103.155.222.40',	'Mozilla/5.0 (Windows NT 10.0; Win64; x64) AppleWebKit/537.36 (KHTML, like Gecko) Chrome/118.0.0.0 Safari/537.36',	'2023-10-26 16:19:27'),
(383,	1,	'111.92.20.148',	'Mozilla/5.0 (Windows NT 10.0; Win64; x64) AppleWebKit/537.36 (KHTML, like Gecko) Chrome/118.0.0.0 Safari/537.36',	'2023-10-27 09:10:14'),
(384,	1,	'111.92.20.148',	'Mozilla/5.0 (Windows NT 10.0; Win64; x64) AppleWebKit/537.36 (KHTML, like Gecko) Chrome/118.0.0.0 Safari/537.36',	'2023-10-30 10:55:25'),
(385,	1,	'103.155.223.14',	'Mozilla/5.0 (Windows NT 10.0; Win64; x64) AppleWebKit/537.36 (KHTML, like Gecko) Chrome/118.0.0.0 Safari/537.36',	'2023-10-30 10:57:21'),
(386,	1,	'103.155.222.10',	'Mozilla/5.0 (Windows NT 10.0; Win64; x64) AppleWebKit/537.36 (KHTML, like Gecko) Chrome/118.0.0.0 Safari/537.36',	'2023-10-30 11:01:40'),
(387,	1,	'103.155.223.14',	'Mozilla/5.0 (Windows NT 10.0; Win64; x64) AppleWebKit/537.36 (KHTML, like Gecko) Chrome/118.0.0.0 Safari/537.36',	'2023-10-30 12:02:09'),
(388,	1,	'103.104.49.189',	'Mozilla/5.0 (Windows NT 10.0; Win64; x64) AppleWebKit/537.36 (KHTML, like Gecko) Chrome/118.0.0.0 Safari/537.36',	'2023-10-30 12:02:42'),
(389,	1,	'103.155.222.14',	'Mozilla/5.0 (Windows NT 10.0; Win64; x64) AppleWebKit/537.36 (KHTML, like Gecko) Chrome/118.0.0.0 Safari/537.36',	'2023-10-31 09:14:13'),
(390,	1,	'103.155.222.14',	'Mozilla/5.0 (Windows NT 10.0; Win64; x64) AppleWebKit/537.36 (KHTML, like Gecko) Chrome/118.0.0.0 Safari/537.36',	'2023-10-31 09:18:32'),
(391,	1,	'111.92.20.148',	'Mozilla/5.0 (Windows NT 10.0; Win64; x64) AppleWebKit/537.36 (KHTML, like Gecko) Chrome/118.0.0.0 Safari/537.36',	'2023-10-31 09:22:38'),
(392,	1,	'103.155.222.25',	'Mozilla/5.0 (Windows NT 10.0; Win64; x64) AppleWebKit/537.36 (KHTML, like Gecko) Chrome/118.0.0.0 Safari/537.36',	'2023-10-31 09:27:00'),
(393,	1,	'103.155.222.25',	'Mozilla/5.0 (Windows NT 10.0; Win64; x64) AppleWebKit/537.36 (KHTML, like Gecko) Chrome/118.0.0.0 Safari/537.36',	'2023-10-31 14:51:26'),
(394,	1,	'157.44.161.62',	'Mozilla/5.0 (Windows NT 10.0; Win64; x64) AppleWebKit/537.36 (KHTML, like Gecko) Chrome/118.0.0.0 Safari/537.36',	'2023-11-01 08:50:18'),
(395,	1,	'103.149.158.4',	'Mozilla/5.0 (Windows NT 10.0; Win64; x64) AppleWebKit/537.36 (KHTML, like Gecko) Chrome/118.0.0.0 Safari/537.36',	'2023-11-01 15:51:05'),
(396,	1,	'111.92.20.148',	'Mozilla/5.0 (Windows NT 10.0; Win64; x64) AppleWebKit/537.36 (KHTML, like Gecko) Chrome/118.0.0.0 Safari/537.36',	'2023-11-01 17:33:58'),
(397,	1,	'91.72.188.1',	'Mozilla/5.0 (iPhone; CPU iPhone OS 16_4_1 like Mac OS X) AppleWebKit/605.1.15 (KHTML, like Gecko) Version/16.4 Mobile/15E148 Safari/604.1',	'2023-11-01 18:19:57'),
(398,	1,	'5.31.232.237',	'Mozilla/5.0 (X11; Linux x86_64) AppleWebKit/537.36 (KHTML, like Gecko) SamsungBrowser/19.0 Chrome/102.0.5005.125 Safari/537.36',	'2023-11-01 20:10:59'),
(399,	1,	'5.31.162.45',	'Mozilla/5.0 (Linux; Android 13; SAMSUNG SM-S906E) AppleWebKit/537.36 (KHTML, like Gecko) SamsungBrowser/22.0 Chrome/111.0.5563.116 Mobile Safari/537.36',	'2023-11-01 22:00:43'),
(400,	1,	'5.31.162.45',	'Mozilla/5.0 (X11; Linux x86_64) AppleWebKit/537.36 (KHTML, like Gecko) SamsungBrowser/22.0 Chrome/111.0.5563.116 Safari/537.36',	'2023-11-01 22:02:14'),
(401,	1,	'5.31.247.109',	'Mozilla/5.0 (iPhone; CPU iPhone OS 16_7_2 like Mac OS X) AppleWebKit/605.1.15 (KHTML, like Gecko) Version/16.6 Mobile/15E148 Safari/604.1',	'2023-11-02 04:06:22'),
(402,	1,	'111.92.20.148',	'Mozilla/5.0 (Windows NT 10.0; Win64; x64) AppleWebKit/537.36 (KHTML, like Gecko) Chrome/118.0.0.0 Safari/537.36',	'2023-11-02 08:30:05'),
(403,	1,	'103.170.54.0',	'Mozilla/5.0 (Windows NT 10.0; Win64; x64) AppleWebKit/537.36 (KHTML, like Gecko) Chrome/118.0.0.0 Safari/537.36',	'2023-11-02 08:50:47'),
(404,	1,	'103.149.158.4',	'Mozilla/5.0 (Windows NT 10.0; Win64; x64) AppleWebKit/537.36 (KHTML, like Gecko) Chrome/118.0.0.0 Safari/537.36',	'2023-11-02 09:34:38'),
(405,	1,	'5.31.209.109',	'Mozilla/5.0 (Linux; Android 12; SAMSUNG SM-X205) AppleWebKit/537.36 (KHTML, like Gecko) SamsungBrowser/19.0 Chrome/102.0.5005.125 Safari/537.36',	'2023-11-02 09:56:26'),
(406,	1,	'217.165.14.90',	'Mozilla/5.0 (Windows NT 10.0; Win64; x64) AppleWebKit/537.36 (KHTML, like Gecko) Chrome/109.0.0.0 Safari/537.36',	'2023-11-02 10:17:39'),
(407,	1,	'217.165.14.90',	'Mozilla/5.0 (Windows NT 10.0; Win64; x64) AppleWebKit/537.36 (KHTML, like Gecko) Chrome/118.0.0.0 Safari/537.36',	'2023-11-02 10:18:46'),
(408,	1,	'217.165.14.90',	'Mozilla/5.0 (Windows NT 10.0; Win64; x64) AppleWebKit/537.36 (KHTML, like Gecko) Chrome/118.0.0.0 Safari/537.36 Edg/118.0.2088.76',	'2023-11-02 10:41:53'),
(409,	1,	'217.165.14.90',	'Mozilla/5.0 (Windows NT 10.0; Win64; x64; rv:109.0) Gecko/20100101 Firefox/118.0',	'2023-11-02 11:54:47'),
(410,	1,	'91.74.68.113',	'Mozilla/5.0 (iPhone; CPU iPhone OS 16_7_2 like Mac OS X) AppleWebKit/605.1.15 (KHTML, like Gecko) Version/16.6 Mobile/15E148 Safari/604.1',	'2023-11-03 05:59:52'),
(411,	1,	'111.92.20.148',	'Mozilla/5.0 (Windows NT 10.0; Win64; x64) AppleWebKit/537.36 (KHTML, like Gecko) Chrome/118.0.0.0 Safari/537.36',	'2023-11-03 08:52:37'),
(412,	1,	'217.165.14.90',	'Mozilla/5.0 (Windows NT 10.0; Win64; x64) AppleWebKit/537.36 (KHTML, like Gecko) Chrome/118.0.0.0 Safari/537.36',	'2023-11-03 11:35:50'),
(413,	1,	'217.165.14.90',	'Mozilla/5.0 (Windows NT 10.0; Win64; x64) AppleWebKit/537.36 (KHTML, like Gecko) Chrome/118.0.0.0 Safari/537.36 Edg/118.0.2088.76',	'2023-11-03 14:20:05'),
(414,	1,	'217.165.14.90',	'Mozilla/5.0 (Windows NT 10.0; Win64; x64) AppleWebKit/537.36 (KHTML, like Gecko) Chrome/109.0.0.0 Safari/537.36',	'2023-11-03 14:35:41'),
(415,	1,	'217.165.14.90',	'Mozilla/5.0 (Windows NT 10.0; Win64; x64; rv:109.0) Gecko/20100101 Firefox/119.0',	'2023-11-03 17:33:53'),
(416,	1,	'217.165.14.90',	'Mozilla/5.0 (Windows NT 10.0; Win64; x64; rv:109.0) Gecko/20100101 Firefox/119.0',	'2023-11-04 12:59:15'),
(417,	1,	'217.165.14.90',	'Mozilla/5.0 (Windows NT 10.0; Win64; x64) AppleWebKit/537.36 (KHTML, like Gecko) Chrome/119.0.0.0 Safari/537.36 Edg/119.0.0.0',	'2023-11-04 14:57:22'),
(418,	1,	'223.227.56.8',	'Mozilla/5.0 (Windows NT 10.0; Win64; x64) AppleWebKit/537.36 (KHTML, like Gecko) Chrome/119.0.0.0 Safari/537.36',	'2023-11-06 09:46:21'),
(419,	1,	'217.165.14.90',	'Mozilla/5.0 (Windows NT 10.0; Win64; x64; rv:109.0) Gecko/20100101 Firefox/119.0',	'2023-11-06 17:13:38'),
(420,	1,	'111.92.20.148',	'Mozilla/5.0 (Windows NT 10.0; Win64; x64) AppleWebKit/537.36 (KHTML, like Gecko) Chrome/118.0.0.0 Safari/537.36',	'2023-11-06 18:05:32'),
(421,	1,	'111.92.20.148',	'Mozilla/5.0 (Windows NT 10.0; Win64; x64) AppleWebKit/537.36 (KHTML, like Gecko) Chrome/118.0.0.0 Safari/537.36',	'2023-11-07 13:41:24'),
(422,	1,	'103.104.49.169',	'Mozilla/5.0 (Windows NT 10.0; Win64; x64) AppleWebKit/537.36 (KHTML, like Gecko) Chrome/119.0.0.0 Safari/537.36',	'2023-11-07 15:36:15'),
(423,	1,	'111.92.20.148',	'Mozilla/5.0 (Windows NT 10.0; Win64; x64) AppleWebKit/537.36 (KHTML, like Gecko) Chrome/119.0.0.0 Safari/537.36',	'2023-11-08 08:32:39'),
(424,	1,	'217.165.14.90',	'Mozilla/5.0 (Windows NT 10.0; Win64; x64; rv:109.0) Gecko/20100101 Firefox/119.0',	'2023-11-08 11:54:34'),
(425,	1,	'42.105.231.58',	'Mozilla/5.0 (Windows NT 10.0; Win64; x64) AppleWebKit/537.36 (KHTML, like Gecko) Chrome/118.0.0.0 Safari/537.36',	'2023-11-08 14:48:24'),
(426,	1,	'103.104.49.144',	'Mozilla/5.0 (Windows NT 10.0; Win64; x64) AppleWebKit/537.36 (KHTML, like Gecko) Chrome/119.0.0.0 Safari/537.36',	'2023-11-08 16:05:58'),
(427,	1,	'111.92.20.148',	'Mozilla/5.0 (Windows NT 10.0; Win64; x64) AppleWebKit/537.36 (KHTML, like Gecko) Chrome/119.0.0.0 Safari/537.36',	'2023-11-09 08:40:05'),
(428,	1,	'103.104.49.177',	'Mozilla/5.0 (Windows NT 10.0; Win64; x64) AppleWebKit/537.36 (KHTML, like Gecko) Chrome/119.0.0.0 Safari/537.36',	'2023-11-09 09:48:55'),
(429,	1,	'217.165.14.90',	'Mozilla/5.0 (Windows NT 10.0; Win64; x64; rv:109.0) Gecko/20100101 Firefox/119.0',	'2023-11-10 15:18:11'),
(430,	1,	'217.165.14.90',	'Mozilla/5.0 (Windows NT 10.0; Win64; x64; rv:109.0) Gecko/20100101 Firefox/119.0',	'2023-11-11 15:33:08'),
(431,	1,	'103.170.54.20',	'Mozilla/5.0 (Windows NT 10.0; Win64; x64) AppleWebKit/537.36 (KHTML, like Gecko) Chrome/119.0.0.0 Safari/537.36',	'2023-11-13 11:58:36'),
(432,	1,	'217.165.14.90',	'Mozilla/5.0 (Windows NT 10.0; Win64; x64; rv:109.0) Gecko/20100101 Firefox/119.0',	'2023-11-13 11:58:51'),
(433,	1,	'103.178.205.33',	'Mozilla/5.0 (Windows NT 10.0; Win64; x64) AppleWebKit/537.36 (KHTML, like Gecko) Chrome/119.0.0.0 Safari/537.36',	'2023-11-13 18:26:00'),
(434,	1,	'49.37.226.247',	'Mozilla/5.0 (Windows NT 10.0; Win64; x64) AppleWebKit/537.36 (KHTML, like Gecko) Chrome/119.0.0.0 Safari/537.36',	'2023-11-14 07:45:06'),
(435,	1,	'217.165.14.90',	'Mozilla/5.0 (Windows NT 10.0; Win64; x64) AppleWebKit/537.36 (KHTML, like Gecko) Chrome/119.0.0.0 Safari/537.36',	'2023-11-14 11:29:16'),
(436,	1,	'217.165.14.90',	'Mozilla/5.0 (Windows NT 10.0; Win64; x64) AppleWebKit/537.36 (KHTML, like Gecko) Chrome/109.0.0.0 Safari/537.36',	'2023-11-14 11:31:24'),
(437,	1,	'217.165.14.90',	'Mozilla/5.0 (Windows NT 10.0; Win64; x64) AppleWebKit/537.36 (KHTML, like Gecko) Chrome/119.0.0.0 Safari/537.36 Edg/119.0.0.0',	'2023-11-14 11:32:12'),
(438,	1,	'217.165.14.90',	'Mozilla/5.0 (Windows NT 10.0; Win64; x64; rv:109.0) Gecko/20100101 Firefox/119.0',	'2023-11-14 11:44:25'),
(439,	1,	'5.31.204.150',	'Mozilla/5.0 (Linux; Android 12; SAMSUNG SM-X205) AppleWebKit/537.36 (KHTML, like Gecko) SamsungBrowser/23.0 Chrome/115.0.0.0 Safari/537.36',	'2023-11-14 13:47:42'),
(440,	1,	'5.31.204.150',	'Mozilla/5.0 (X11; Linux x86_64) AppleWebKit/537.36 (KHTML, like Gecko) SamsungBrowser/23.0 Chrome/115.0.0.0 Safari/537.36',	'2023-11-14 13:51:20'),
(441,	1,	'103.149.158.57',	'Mozilla/5.0 (Windows NT 10.0; Win64; x64) AppleWebKit/537.36 (KHTML, like Gecko) Chrome/119.0.0.0 Safari/537.36',	'2023-11-14 14:06:47'),
(442,	1,	'103.178.205.33',	'Mozilla/5.0 (Windows NT 10.0; Win64; x64) AppleWebKit/537.36 (KHTML, like Gecko) Chrome/119.0.0.0 Safari/537.36',	'2023-11-14 18:02:42'),
(443,	1,	'49.37.225.35',	'Mozilla/5.0 (Windows NT 10.0; Win64; x64) AppleWebKit/537.36 (KHTML, like Gecko) Chrome/119.0.0.0 Safari/537.36',	'2023-11-15 08:15:21'),
(444,	1,	'103.178.205.33',	'Mozilla/5.0 (Windows NT 10.0; Win64; x64) AppleWebKit/537.36 (KHTML, like Gecko) Chrome/119.0.0.0 Safari/537.36',	'2023-11-15 09:08:24'),
(445,	1,	'103.178.205.33',	'Mozilla/5.0 (Windows NT 10.0; Win64; x64) AppleWebKit/537.36 (KHTML, like Gecko) Chrome/119.0.0.0 Safari/537.36',	'2023-11-15 10:23:54'),
(446,	1,	'103.104.49.178',	'Mozilla/5.0 (Windows NT 10.0; Win64; x64) AppleWebKit/537.36 (KHTML, like Gecko) Chrome/119.0.0.0 Safari/537.36',	'2023-11-16 07:53:51'),
(447,	1,	'103.104.49.185',	'Mozilla/5.0 (Windows NT 10.0; Win64; x64) AppleWebKit/537.36 (KHTML, like Gecko) Chrome/119.0.0.0 Safari/537.36',	'2023-11-17 08:47:45'),
(448,	1,	'103.104.49.185',	'Mozilla/5.0 (Windows NT 10.0; Win64; x64) AppleWebKit/537.36 (KHTML, like Gecko) Chrome/119.0.0.0 Safari/537.36',	'2023-11-17 17:17:46'),
(449,	1,	'106.198.97.96',	'Mozilla/5.0 (Windows NT 10.0; Win64; x64) AppleWebKit/537.36 (KHTML, like Gecko) Chrome/119.0.0.0 Safari/537.36',	'2023-11-18 16:50:21'),
(450,	1,	'106.198.126.221',	'Mozilla/5.0 (Windows NT 10.0; Win64; x64) AppleWebKit/537.36 (KHTML, like Gecko) Chrome/119.0.0.0 Safari/537.36',	'2023-11-20 08:44:52'),
(451,	1,	'111.92.20.148',	'Mozilla/5.0 (Windows NT 10.0; Win64; x64) AppleWebKit/537.36 (KHTML, like Gecko) Chrome/119.0.0.0 Safari/537.36',	'2023-11-20 08:51:38'),
(452,	1,	'103.178.204.58',	'Mozilla/5.0 (Windows NT 10.0; Win64; x64) AppleWebKit/537.36 (KHTML, like Gecko) Chrome/119.0.0.0 Safari/537.36',	'2023-11-20 14:44:10'),
(453,	1,	'223.182.220.65',	'Mozilla/5.0 (Windows NT 10.0; Win64; x64) AppleWebKit/537.36 (KHTML, like Gecko) Chrome/119.0.0.0 Safari/537.36',	'2023-11-21 08:24:36'),
(454,	1,	'103.178.204.58',	'Mozilla/5.0 (Windows NT 10.0; Win64; x64) AppleWebKit/537.36 (KHTML, like Gecko) Chrome/119.0.0.0 Safari/537.36',	'2023-11-21 09:46:39'),
(455,	1,	'103.178.204.58',	'Mozilla/5.0 (Windows NT 10.0; Win64; x64) AppleWebKit/537.36 (KHTML, like Gecko) Chrome/119.0.0.0 Safari/537.36',	'2023-11-21 10:55:25'),
(456,	1,	'111.92.20.148',	'Mozilla/5.0 (Windows NT 10.0; Win64; x64) AppleWebKit/537.36 (KHTML, like Gecko) Chrome/119.0.0.0 Safari/537.36',	'2023-11-21 10:55:56'),
(457,	1,	'103.178.204.58',	'Mozilla/5.0 (Windows NT 10.0; Win64; x64) AppleWebKit/537.36 (KHTML, like Gecko) Chrome/119.0.0.0 Safari/537.36',	'2023-11-21 11:23:58'),
(458,	1,	'103.104.49.189',	'Mozilla/5.0 (Windows NT 10.0; Win64; x64) AppleWebKit/537.36 (KHTML, like Gecko) Chrome/119.0.0.0 Safari/537.36',	'2023-11-22 07:58:14');

DROP TABLE IF EXISTS `user_permissions`;
CREATE TABLE `user_permissions` (
  `user_permission_id` int NOT NULL AUTO_INCREMENT,
  `user_id` int NOT NULL,
  `module_id` int NOT NULL,
  `permission` char(1) NOT NULL DEFAULT 'Y' COMMENT 'Y-Yes, N-No',
  `added` datetime NOT NULL,
  PRIMARY KEY (`user_permission_id`),
  KEY `user_id` (`user_id`,`module_id`,`permission`) USING BTREE,
  KEY `module_id` (`module_id`),
  CONSTRAINT `user_permissions_ibfk_1` FOREIGN KEY (`user_id`) REFERENCES `users` (`user_id`),
  CONSTRAINT `user_permissions_ibfk_2` FOREIGN KEY (`module_id`) REFERENCES `modules` (`module_id`)
) ENGINE=InnoDB DEFAULT CHARSET=latin1;

INSERT INTO `user_permissions` (`user_permission_id`, `user_id`, `module_id`, `permission`, `added`) VALUES
(1700,	3,	2,	'Y',	'2023-03-08 09:12:58'),
(1701,	3,	22,	'Y',	'2023-03-08 09:12:58'),
(1702,	3,	12,	'Y',	'2023-03-08 09:12:58'),
(1703,	3,	13,	'Y',	'2023-03-08 09:12:58'),
(1704,	3,	14,	'Y',	'2023-03-08 09:12:58'),
(1705,	3,	15,	'Y',	'2023-03-08 09:12:58'),
(1706,	3,	16,	'Y',	'2023-03-08 09:12:58'),
(1707,	3,	17,	'Y',	'2023-03-08 09:12:58'),
(1708,	3,	18,	'Y',	'2023-03-08 09:12:58'),
(1709,	3,	19,	'Y',	'2023-03-08 09:12:58'),
(1710,	3,	20,	'Y',	'2023-03-08 09:12:58'),
(1711,	3,	21,	'Y',	'2023-03-08 09:12:58'),
(1712,	3,	23,	'Y',	'2023-03-08 09:12:58'),
(1713,	3,	11,	'Y',	'2023-03-08 09:12:58'),
(1714,	3,	10,	'Y',	'2023-03-08 09:12:58'),
(1715,	3,	9,	'Y',	'2023-03-08 09:12:58'),
(1716,	3,	8,	'Y',	'2023-03-08 09:12:58'),
(1717,	3,	7,	'Y',	'2023-03-08 09:12:58'),
(1718,	3,	6,	'Y',	'2023-03-08 09:12:58'),
(1719,	3,	5,	'Y',	'2023-03-08 09:12:58'),
(1720,	3,	3,	'Y',	'2023-03-08 09:12:58'),
(1721,	3,	4,	'Y',	'2023-03-08 09:12:58'),
(1722,	3,	1,	'Y',	'2023-03-08 09:12:58'),
(1723,	2,	2,	'Y',	'2023-06-21 11:39:19'),
(1724,	2,	22,	'Y',	'2023-06-21 11:39:19'),
(1725,	2,	12,	'Y',	'2023-06-21 11:39:19'),
(1726,	2,	13,	'Y',	'2023-06-21 11:39:19'),
(1727,	2,	14,	'Y',	'2023-06-21 11:39:19'),
(1728,	2,	15,	'Y',	'2023-06-21 11:39:19'),
(1729,	2,	16,	'Y',	'2023-06-21 11:39:19'),
(1730,	2,	17,	'Y',	'2023-06-21 11:39:19'),
(1731,	2,	18,	'Y',	'2023-06-21 11:39:19'),
(1732,	2,	19,	'Y',	'2023-06-21 11:39:19'),
(1733,	2,	20,	'Y',	'2023-06-21 11:39:19'),
(1734,	2,	21,	'Y',	'2023-06-21 11:39:19'),
(1735,	2,	23,	'Y',	'2023-06-21 11:39:19'),
(1736,	2,	11,	'Y',	'2023-06-21 11:39:19'),
(1737,	2,	10,	'Y',	'2023-06-21 11:39:19'),
(1738,	2,	9,	'Y',	'2023-06-21 11:39:19'),
(1739,	2,	8,	'Y',	'2023-06-21 11:39:19'),
(1740,	2,	7,	'Y',	'2023-06-21 11:39:19'),
(1741,	2,	6,	'Y',	'2023-06-21 11:39:19'),
(1742,	2,	5,	'Y',	'2023-06-21 11:39:19'),
(1743,	2,	3,	'Y',	'2023-06-21 11:39:19'),
(1744,	2,	4,	'Y',	'2023-06-21 11:39:19'),
(1745,	2,	1,	'Y',	'2023-06-21 11:39:19'),
(1792,	4,	2,	'Y',	'2023-06-23 10:47:00'),
(1793,	4,	22,	'Y',	'2023-06-23 10:47:00'),
(1794,	4,	12,	'Y',	'2023-06-23 10:47:00'),
(1795,	4,	13,	'Y',	'2023-06-23 10:47:00'),
(1796,	4,	14,	'Y',	'2023-06-23 10:47:00'),
(1797,	4,	15,	'Y',	'2023-06-23 10:47:00'),
(1798,	4,	16,	'Y',	'2023-06-23 10:47:00'),
(1799,	4,	17,	'Y',	'2023-06-23 10:47:00'),
(1800,	4,	18,	'Y',	'2023-06-23 10:47:00'),
(1801,	4,	19,	'Y',	'2023-06-23 10:47:00'),
(1802,	4,	20,	'Y',	'2023-06-23 10:47:00'),
(1803,	4,	21,	'Y',	'2023-06-23 10:47:00'),
(1804,	4,	23,	'Y',	'2023-06-23 10:47:00'),
(1805,	4,	11,	'Y',	'2023-06-23 10:47:00'),
(1806,	4,	10,	'Y',	'2023-06-23 10:47:00'),
(1807,	4,	9,	'Y',	'2023-06-23 10:47:00'),
(1808,	4,	8,	'Y',	'2023-06-23 10:47:00'),
(1809,	4,	7,	'Y',	'2023-06-23 10:47:00'),
(1810,	4,	6,	'Y',	'2023-06-23 10:47:00'),
(1811,	4,	5,	'Y',	'2023-06-23 10:47:00'),
(1812,	4,	3,	'Y',	'2023-06-23 10:47:00'),
(1813,	4,	4,	'Y',	'2023-06-23 10:47:00'),
(1814,	4,	1,	'Y',	'2023-06-23 10:47:00'),
(1815,	1,	2,	'Y',	'2023-07-03 16:24:47'),
(1816,	1,	22,	'Y',	'2023-07-03 16:24:47'),
(1817,	1,	12,	'Y',	'2023-07-03 16:24:47'),
(1818,	1,	13,	'Y',	'2023-07-03 16:24:47'),
(1819,	1,	14,	'Y',	'2023-07-03 16:24:47'),
(1820,	1,	15,	'Y',	'2023-07-03 16:24:47'),
(1821,	1,	16,	'Y',	'2023-07-03 16:24:47'),
(1822,	1,	17,	'Y',	'2023-07-03 16:24:47'),
(1823,	1,	18,	'Y',	'2023-07-03 16:24:47'),
(1824,	1,	19,	'Y',	'2023-07-03 16:24:47'),
(1825,	1,	20,	'Y',	'2023-07-03 16:24:47'),
(1826,	1,	21,	'Y',	'2023-07-03 16:24:47'),
(1827,	1,	23,	'Y',	'2023-07-03 16:24:47'),
(1828,	1,	11,	'Y',	'2023-07-03 16:24:47'),
(1829,	1,	10,	'Y',	'2023-07-03 16:24:47'),
(1830,	1,	9,	'Y',	'2023-07-03 16:24:47'),
(1831,	1,	8,	'Y',	'2023-07-03 16:24:47'),
(1832,	1,	7,	'Y',	'2023-07-03 16:24:47'),
(1833,	1,	6,	'Y',	'2023-07-03 16:24:47'),
(1834,	1,	5,	'Y',	'2023-07-03 16:24:47'),
(1835,	1,	3,	'Y',	'2023-07-03 16:24:47'),
(1836,	1,	4,	'Y',	'2023-07-03 16:24:47'),
(1837,	1,	1,	'Y',	'2023-07-03 16:24:47');

DROP TABLE IF EXISTS `users`;
CREATE TABLE `users` (
  `user_id` int NOT NULL AUTO_INCREMENT,
  `username` varchar(25) NOT NULL,
  `password` varchar(255) NOT NULL,
  `user_fullname` varchar(50) NOT NULL,
  `permissions` text CHARACTER SET latin1 COLLATE latin1_swedish_ci,
  `is_admin` enum('Y','N') NOT NULL,
  `delete_permission` enum('Y','N') NOT NULL DEFAULT 'Y',
  `user_status` enum('0','1') NOT NULL,
  `login_type` varchar(100) NOT NULL DEFAULT 'C',
  `last_loggedin_ip` varchar(20) CHARACTER SET latin1 COLLATE latin1_swedish_ci DEFAULT NULL,
  `added_datetime` datetime NOT NULL DEFAULT CURRENT_TIMESTAMP,
  `last_loggedin_datetime` datetime DEFAULT NULL,
  `updated_at` timestamp NULL DEFAULT NULL ON UPDATE CURRENT_TIMESTAMP,
  PRIMARY KEY (`user_id`),
  UNIQUE KEY `username` (`username`),
  KEY `password` (`password`),
  KEY `user_status` (`user_status`),
  KEY `is_admin` (`is_admin`)
) ENGINE=InnoDB DEFAULT CHARSET=latin1;

INSERT INTO `users` (`user_id`, `username`, `password`, `user_fullname`, `permissions`, `is_admin`, `delete_permission`, `user_status`, `login_type`, `last_loggedin_ip`, `added_datetime`, `last_loggedin_datetime`, `updated_at`) VALUES
(1,	'developer',	'827ccb0eea8a706c4c34a16891f84e7b',	'Developer (admin)',	NULL,	'Y',	'Y',	'1',	'C',	'103.104.49.189',	'2020-01-23 00:00:00',	'2023-11-22 07:58:14',	'2023-11-22 03:58:14'),
(2,	'vishnu',	'9baea88a52d949f8f2680b0c1c922552',	'Vishnu - Test User',	NULL,	'Y',	'N',	'1',	'C',	NULL,	'2023-03-08 05:10:42',	NULL,	'2023-06-21 07:39:14'),
(3,	'samnad',	'166624a4b59e6f8c1e4cf91698e15102',	'Samnad S - Test User',	NULL,	'Y',	'Y',	'1',	'C',	NULL,	'2023-03-08 05:10:42',	NULL,	'2023-03-08 05:12:04'),
(4,	'vishnum',	'827ccb0eea8a706c4c34a16891f84e7b',	'Vishnu M',	NULL,	'N',	'Y',	'0',	'C',	NULL,	'2023-06-23 10:46:33',	NULL,	'2023-07-27 05:12:11');

DROP TABLE IF EXISTS `vat_settings`;
CREATE TABLE `vat_settings` (
  `id` int NOT NULL AUTO_INCREMENT,
  `name` varchar(100) CHARACTER SET utf8mb3 COLLATE utf8mb3_unicode_ci DEFAULT NULL,
  `cost` varchar(50) CHARACTER SET utf8mb3 COLLATE utf8mb3_unicode_ci DEFAULT NULL,
  PRIMARY KEY (`id`)
) ENGINE=InnoDB DEFAULT CHARSET=utf8mb3 COLLATE=utf8mb3_unicode_ci;

INSERT INTO `vat_settings` (`id`, `name`, `cost`) VALUES
(1,	'vat',	'5');

DROP TABLE IF EXISTS `vehicles`;
CREATE TABLE `vehicles` (
  `vehicle_id` int unsigned NOT NULL AUTO_INCREMENT,
  `driver_id` int unsigned DEFAULT NULL,
  `brand_name` varchar(255) NOT NULL,
  `model_name` varchar(255) DEFAULT NULL,
  `model_year` int DEFAULT NULL,
  `licence_number` varchar(255) NOT NULL,
  `engine_number` varchar(255) DEFAULT NULL,
  `chassis_number` varchar(255) DEFAULT NULL,
  `fitness_start_date` date NOT NULL,
  `fitness_expiry_date` date NOT NULL,
  `color` varchar(150) NOT NULL,
  `horsepower` decimal(15,2) DEFAULT NULL,
  `fuel_type` varchar(255) DEFAULT NULL,
  `insurance_number` varchar(255) NOT NULL,
  `insurance_start_date` date NOT NULL,
  `insurance_expiry_date` date NOT NULL,
  `insurance_type` varchar(255) DEFAULT NULL,
  `insurance_note` varchar(255) DEFAULT NULL,
  `insurance_file_name` varchar(255) DEFAULT NULL,
  `driver_assign_note` text,
  `driver_assigned_by` int DEFAULT NULL,
  `driver_assigned_at` datetime DEFAULT NULL,
  `created_by` int NOT NULL,
  `deleted_by` int DEFAULT NULL,
  `created_at` datetime NOT NULL,
  `updated_at` datetime NOT NULL,
  `deleted_at` datetime DEFAULT NULL,
  PRIMARY KEY (`vehicle_id`),
  UNIQUE KEY `insurance_file_name` (`insurance_file_name`),
  KEY `maid_id` (`driver_id`),
  KEY `created_by` (`created_by`),
  KEY `deleted_by` (`deleted_by`),
  KEY `driver_assigned_by` (`driver_assigned_by`),
  CONSTRAINT `vehicles_ibfk_1` FOREIGN KEY (`driver_id`) REFERENCES `maids` (`maid_id`),
  CONSTRAINT `vehicles_ibfk_2` FOREIGN KEY (`created_by`) REFERENCES `users` (`user_id`),
  CONSTRAINT `vehicles_ibfk_3` FOREIGN KEY (`deleted_by`) REFERENCES `users` (`user_id`),
  CONSTRAINT `vehicles_ibfk_4` FOREIGN KEY (`driver_assigned_by`) REFERENCES `users` (`user_id`)
) ENGINE=InnoDB DEFAULT CHARSET=utf8mb4 ;

INSERT INTO `vehicles` (`vehicle_id`, `driver_id`, `brand_name`, `model_name`, `model_year`, `licence_number`, `engine_number`, `chassis_number`, `fitness_start_date`, `fitness_expiry_date`, `color`, `horsepower`, `fuel_type`, `insurance_number`, `insurance_start_date`, `insurance_expiry_date`, `insurance_type`, `insurance_note`, `insurance_file_name`, `driver_assign_note`, `driver_assigned_by`, `driver_assigned_at`, `created_by`, `deleted_by`, `created_at`, `updated_at`, `deleted_at`) VALUES
(1,	NULL,	'tyota',	'124',	2021,	'kl-01-cp4535',	'84583',	'533855',	'2022-02-01',	'2024-04-11',	'red',	1300.00,	'Petrol',	'676767cp',	'2022-03-30',	'2023-12-29',	'all',	'tes',	NULL,	NULL,	NULL,	NULL,	1,	NULL,	'2023-07-29 12:35:17',	'2023-07-29 12:35:17',	NULL);

DROP TABLE IF EXISTS `version_update`;
CREATE TABLE `version_update` (
  `id` int NOT NULL AUTO_INCREMENT,
  `device_type` varchar(100) CHARACTER SET utf8mb3 COLLATE utf8mb3_unicode_ci DEFAULT NULL,
  `new_version` int DEFAULT NULL,
  `type` varchar(100) CHARACTER SET utf8mb3 COLLATE utf8mb3_unicode_ci DEFAULT NULL,
  PRIMARY KEY (`id`),
  UNIQUE KEY `device_type` (`device_type`)
) ENGINE=InnoDB DEFAULT CHARSET=utf8mb3 COLLATE=utf8mb3_unicode_ci;

INSERT INTO `version_update` (`id`, `device_type`, `new_version`, `type`) VALUES
(3,	'android',	8,	'critical'),
(4,	'ios',	2,	'critical');

DROP TABLE IF EXISTS `week_days`;
CREATE TABLE `week_days` (
  `week_day_id` int NOT NULL,
  `order_id` int NOT NULL,
  `week_name` varchar(50) NOT NULL,
  PRIMARY KEY (`week_day_id`)
) ENGINE=InnoDB DEFAULT CHARSET=utf8mb4 ;

INSERT INTO `week_days` (`week_day_id`, `order_id`, `week_name`) VALUES
(0,	70,	'Sunday'),
(1,	10,	'Monday'),
(2,	20,	'Tuesday'),
(3,	30,	'Wednesday'),
(4,	40,	'Thursday'),
(5,	50,	'Friday'),
(6,	60,	'Saturday');

DROP TABLE IF EXISTS `zones`;
CREATE TABLE `zones` (
  `zone_id` int NOT NULL AUTO_INCREMENT,
  `odoo_zone_id` int DEFAULT NULL,
  `province_id` tinyint DEFAULT NULL,
  `zone_name` varchar(110) NOT NULL,
  `zone_nick` varchar(10) DEFAULT NULL,
  `driver_name` varchar(110) CHARACTER SET latin1 COLLATE latin1_swedish_ci DEFAULT NULL,
  `spare_zone` enum('Y','N') CHARACTER SET latin1 COLLATE latin1_swedish_ci DEFAULT NULL,
  `zone_status` tinyint(1) NOT NULL DEFAULT '1' COMMENT '0 - Not Active, 1 - Active',
  `odoo_sync_status` int DEFAULT '0',
  `odoo_new_zone_id` bigint unsigned DEFAULT NULL,
  `odoo_new_zone_status` tinyint(1) DEFAULT '0',
  `odoo_package_zone_id` int DEFAULT '0',
  `odoo_package_zone_status` tinyint(1) DEFAULT '0',
  `description` varchar(200) CHARACTER SET latin1 COLLATE latin1_swedish_ci DEFAULT NULL,
  PRIMARY KEY (`zone_id`),
  UNIQUE KEY `zone_name` (`zone_name`),
  KEY `province_id` (`province_id`),
  KEY `odoo_sync_status` (`odoo_sync_status`),
  KEY `spare_zone` (`spare_zone`),
  KEY `zone_status` (`zone_status`) USING BTREE,
  CONSTRAINT `zones_ibfk_1` FOREIGN KEY (`province_id`) REFERENCES `province` (`province_id`)
) ENGINE=InnoDB DEFAULT CHARSET=latin1;

INSERT INTO `zones` (`zone_id`, `odoo_zone_id`, `province_id`, `zone_name`, `zone_nick`, `driver_name`, `spare_zone`, `zone_status`, `odoo_sync_status`, `odoo_new_zone_id`, `odoo_new_zone_status`, `odoo_package_zone_id`, `odoo_package_zone_status`, `description`) VALUES
(19,	NULL,	NULL,	'A-1',	NULL,	NULL,	NULL,	1,	0,	NULL,	0,	0,	0,	NULL),
(20,	NULL,	NULL,	'A-2',	NULL,	NULL,	NULL,	1,	0,	NULL,	0,	0,	0,	NULL),
(21,	NULL,	NULL,	'A-3',	NULL,	NULL,	NULL,	1,	0,	NULL,	0,	0,	0,	NULL),
(22,	NULL,	NULL,	'A-4',	NULL,	NULL,	NULL,	1,	0,	NULL,	0,	0,	0,	NULL),
(23,	NULL,	NULL,	'A-5',	NULL,	NULL,	NULL,	1,	0,	NULL,	0,	0,	0,	NULL);

-- 2023-11-22 09:16:34
